588 1042 558 1063 524 1060 501 1054 485 1051 512 1015 486 997 472 987 462 978 523 1001 497 988 481 981 470 976 537 996 516 981 501 972 491 966 549 996 536 983 527 975 519 968 -1 -1 -1 -1 -1 -1 -1 -1 -1 -1 -1 -1 -1 -1 -1 -1 -1 -1 -1 -1 -1 -1 -1 -1 -1 -1 -1 -1 -1 -1 -1 -1 -1 -1 -1 -1 -1 -1 -1 -1 -1 -1 
590 1044 556 1063 525 1058 504 1052 487 1048 513 1015 490 997 477 989 466 982 527 1002 502 986 486 980 474 974 542 998 523 982 509 973 498 968 555 1000 543 986 535 978 528 973 -1 -1 -1 -1 -1 -1 -1 -1 -1 -1 -1 -1 -1 -1 -1 -1 -1 -1 -1 -1 -1 -1 -1 -1 -1 -1 -1 -1 -1 -1 -1 -1 -1 -1 -1 -1 -1 -1 -1 -1 -1 -1 
597 1046 564 1065 533 1059 511 1051 494 1049 522 1017 497 1000 485 992 474 986 536 1003 511 989 495 983 483 980 551 999 532 984 519 975 509 971 566 1000 556 986 548 978 542 973 -1 -1 -1 -1 -1 -1 -1 -1 -1 -1 -1 -1 -1 -1 -1 -1 -1 -1 -1 -1 -1 -1 -1 -1 -1 -1 -1 -1 -1 -1 -1 -1 -1 -1 -1 -1 -1 -1 -1 -1 -1 -1 
602 1044 569 1062 540 1057 518 1050 503 1047 530 1017 507 1001 496 995 486 990 544 1003 520 990 506 985 495 983 559 998 541 982 528 974 518 969 572 998 564 983 558 973 553 966 -1 -1 -1 -1 -1 -1 -1 -1 -1 -1 -1 -1 -1 -1 -1 -1 -1 -1 -1 -1 -1 -1 -1 -1 -1 -1 -1 -1 -1 -1 -1 -1 -1 -1 -1 -1 -1 -1 -1 -1 -1 -1 
604 1037 572 1056 545 1051 525 1045 511 1041 534 1012 511 997 499 991 490 986 548 998 526 985 513 981 503 979 563 992 546 976 534 969 524 965 577 993 573 978 569 968 566 960 -1 -1 -1 -1 -1 -1 -1 -1 -1 -1 -1 -1 -1 -1 -1 -1 -1 -1 -1 -1 -1 -1 -1 -1 -1 -1 -1 -1 -1 -1 -1 -1 -1 -1 -1 -1 -1 -1 -1 -1 -1 -1 
606 1028 576 1048 548 1044 529 1038 514 1034 536 1004 514 991 502 985 492 980 551 990 530 978 517 974 507 972 565 984 548 971 537 964 528 961 577 984 566 973 558 966 553 962 -1 -1 -1 -1 -1 -1 -1 -1 -1 -1 -1 -1 -1 -1 -1 -1 -1 -1 -1 -1 -1 -1 -1 -1 -1 -1 -1 -1 -1 -1 -1 -1 -1 -1 -1 -1 -1 -1 -1 -1 -1 -1 
607 1023 577 1042 549 1038 529 1030 514 1025 537 998 512 985 500 980 491 977 551 983 529 970 516 967 508 965 564 978 546 964 535 957 527 954 575 978 563 966 555 960 549 956 -1 -1 -1 -1 -1 -1 -1 -1 -1 -1 -1 -1 -1 -1 -1 -1 -1 -1 -1 -1 -1 -1 -1 -1 -1 -1 -1 -1 -1 -1 -1 -1 -1 -1 -1 -1 -1 -1 -1 -1 -1 -1 
601 1021 572 1040 545 1037 526 1030 512 1026 533 996 509 983 497 978 488 975 547 981 525 967 514 963 506 961 562 975 544 961 533 954 525 952 574 976 564 965 557 959 551 956 -1 -1 -1 -1 -1 -1 -1 -1 -1 -1 -1 -1 -1 -1 -1 -1 -1 -1 -1 -1 -1 -1 -1 -1 -1 -1 -1 -1 -1 -1 -1 -1 -1 -1 -1 -1 -1 -1 -1 -1 -1 -1 
594 1022 566 1039 540 1035 522 1026 510 1020 528 995 505 982 493 977 486 974 542 981 520 966 507 962 500 961 557 975 539 958 527 951 519 948 571 976 568 962 564 952 561 944 -1 -1 -1 -1 -1 -1 -1 -1 -1 -1 -1 -1 -1 -1 -1 -1 -1 -1 -1 -1 -1 -1 -1 -1 -1 -1 -1 -1 -1 -1 -1 -1 -1 -1 -1 -1 -1 -1 -1 -1 -1 -1 
589 1023 560 1041 533 1035 516 1026 505 1021 522 996 501 982 490 977 483 975 536 981 515 967 504 962 497 961 551 975 535 958 523 951 514 947 566 975 563 961 560 951 557 944 441 1068 463 1050 478 1027 490 1010 499 995 458 1007 463 985 469 974 474 967 458 1014 463 994 471 984 478 977 460 1023 468 1009 477 1002 486 998 463 1032 471 1021 479 1016 486 1012 
585 1024 557 1042 530 1037 513 1029 502 1024 518 996 500 981 490 976 483 973 533 982 514 968 502 963 495 961 549 976 532 960 521 953 512 950 563 976 560 961 556 951 553 943 440 1075 462 1051 478 1028 489 1012 497 996 456 1012 462 989 469 977 475 968 457 1020 464 1000 472 989 480 982 459 1030 470 1017 480 1010 489 1005 463 1040 472 1030 479 1026 485 1025 
583 1026 554 1043 528 1038 512 1028 502 1022 517 996 500 981 490 975 484 972 532 982 513 967 502 963 495 961 548 977 532 960 520 953 512 950 562 977 559 962 555 952 552 944 442 1077 463 1052 478 1027 489 1010 495 994 457 1012 464 989 471 977 477 968 458 1020 465 999 473 988 481 979 462 1030 472 1016 482 1009 491 1004 467 1039 477 1029 484 1024 490 1021 
581 1025 552 1043 525 1036 510 1027 500 1021 515 994 498 980 489 974 482 970 531 981 512 966 501 962 494 960 547 976 531 959 520 952 513 949 561 977 558 961 554 950 551 942 442 1075 464 1050 478 1025 488 1008 495 993 457 1010 464 988 471 976 477 967 458 1018 466 998 473 988 481 980 462 1028 472 1014 480 1007 489 1003 467 1037 476 1027 482 1022 489 1019 
579 1024 550 1042 524 1036 508 1026 498 1020 513 994 496 979 486 973 479 970 528 981 509 966 499 961 493 960 544 975 528 958 517 952 510 948 558 975 556 960 553 949 550 941 444 1072 462 1047 475 1023 486 1007 492 993 456 1009 462 987 469 975 474 967 457 1016 465 997 472 987 478 979 462 1026 472 1013 480 1007 487 1002 467 1035 476 1025 482 1021 488 1019 
577 1023 549 1040 522 1034 506 1024 496 1018 511 993 494 979 484 972 478 969 527 980 508 965 497 960 491 958 543 975 526 958 515 951 508 948 557 975 555 960 552 950 550 941 443 1071 459 1045 471 1021 483 1006 491 994 453 1008 460 987 467 975 472 967 458 1017 466 998 471 988 477 980 463 1027 473 1015 478 1009 484 1003 469 1036 476 1027 479 1024 481 1023 
575 1023 546 1040 519 1032 504 1021 493 1016 510 991 492 977 482 971 476 968 525 978 506 963 495 958 489 957 541 972 525 955 515 949 507 945 555 973 552 957 549 947 546 939 440 1069 456 1044 468 1020 481 1004 491 991 451 1008 458 986 466 974 472 965 455 1017 466 1000 475 991 483 983 461 1028 473 1017 481 1011 490 1007 466 1038 475 1030 480 1028 484 1027 
576 1022 546 1040 519 1033 504 1021 493 1015 509 991 492 977 482 970 476 967 525 977 506 962 495 957 489 955 541 971 525 954 514 947 506 944 554 972 552 956 548 945 544 937 438 1069 452 1043 466 1018 480 1003 490 990 450 1005 459 985 467 973 473 965 456 1015 472 1001 483 993 495 987 462 1026 478 1018 489 1013 501 1010 468 1037 480 1030 487 1028 494 1026 
575 1023 546 1039 518 1030 502 1018 491 1010 511 989 493 974 483 969 477 966 526 975 507 960 495 955 488 954 542 970 525 953 514 946 506 943 555 971 551 955 547 945 543 937 439 1068 451 1041 465 1016 480 1000 491 988 448 1004 458 983 467 971 475 963 456 1014 470 998 482 989 493 982 462 1024 476 1015 487 1009 498 1003 469 1034 479 1027 486 1023 493 1021 
575 1021 546 1034 518 1023 502 1009 492 1000 512 984 495 970 485 966 479 964 528 970 509 953 497 948 489 948 543 965 528 946 517 940 508 937 557 966 552 950 547 940 542 934 445 1067 451 1036 463 1010 479 995 490 983 448 999 459 981 468 970 475 962 457 1012 472 996 483 988 494 983 467 1025 482 1015 494 1011 506 1007 476 1038 489 1033 495 1031 503 1031 
581 1017 550 1030 521 1017 506 999 499 988 518 977 498 962 487 956 479 951 535 964 516 943 504 934 495 928 550 959 536 939 525 930 515 923 562 960 557 943 552 933 547 925 444 1063 447 1031 460 1003 478 989 491 978 448 994 459 976 470 967 479 961 459 1007 473 992 485 985 498 982 468 1021 483 1010 494 1005 506 1002 476 1034 488 1029 495 1026 503 1025 
585 1014 551 1023 525 1008 512 989 506 977 527 970 509 949 498 939 489 932 544 957 527 932 516 919 508 909 560 953 549 929 540 914 533 903 574 955 571 935 568 922 565 911 443 1060 448 1026 459 999 475 985 489 976 446 992 457 974 466 962 473 955 455 1006 467 990 477 981 487 976 464 1020 478 1007 487 1000 498 996 473 1034 485 1029 492 1025 500 1023 
589 1010 554 1013 530 995 519 972 515 957 534 957 519 932 513 918 510 906 552 947 542 919 536 904 533 891 570 945 564 918 559 902 555 890 584 949 588 929 588 916 588 905 443 1055 446 1020 458 992 476 978 489 966 446 987 456 967 465 956 472 948 457 1001 469 984 479 974 490 967 465 1015 480 1002 489 995 499 990 473 1029 485 1024 493 1020 501 1017 
592 1001 557 1002 537 983 531 960 527 945 546 945 532 917 525 901 518 888 565 936 557 904 553 884 550 868 581 935 580 907 578 888 577 874 595 941 603 922 607 909 611 898 443 1049 448 1012 458 984 475 970 487 956 446 981 456 963 464 951 470 944 455 996 466 980 475 971 484 963 464 1011 479 998 488 990 497 985 473 1024 485 1019 493 1015 499 1013 
596 995 559 990 540 969 536 946 534 931 555 934 549 905 544 888 539 874 577 929 576 895 575 873 573 855 594 931 596 901 596 882 596 866 605 937 613 917 617 904 620 893 442 1045 447 1008 457 979 475 965 488 952 445 976 456 959 466 947 472 941 455 991 466 974 475 964 484 957 464 1006 479 993 488 984 498 978 473 1019 486 1015 494 1012 502 1010 
601 989 567 983 547 963 541 944 540 932 565 927 560 899 555 883 552 870 585 924 588 891 588 872 589 857 601 927 605 899 606 881 607 867 613 934 620 916 623 904 626 895 442 1042 447 1005 457 976 477 963 489 951 446 974 457 957 468 945 475 939 455 989 467 972 476 963 486 957 464 1004 479 991 490 982 501 978 473 1017 487 1013 496 1010 504 1008 
444 1038 448 1002 457 973 477 960 490 949 448 972 460 955 470 943 478 937 457 988 470 971 479 963 489 956 465 1002 481 990 491 980 502 974 474 1016 487 1012 496 1008 505 1005 603 982 570 975 551 955 544 936 545 924 571 918 569 889 565 872 561 860 591 917 594 886 594 868 593 855 607 922 611 896 609 879 608 867 618 931 624 913 626 902 627 893 
445 1036 450 1000 460 972 479 959 491 948 450 971 461 953 471 942 479 936 458 985 471 970 481 960 491 955 466 999 480 987 490 978 501 972 474 1013 486 1009 494 1005 502 1003 606 977 572 971 553 950 547 929 549 917 574 914 569 883 564 867 558 855 595 912 596 880 593 863 590 852 611 918 613 892 609 876 605 867 620 927 624 912 624 903 622 899 
607 974 573 969 554 948 548 927 548 914 574 911 569 881 564 865 558 855 595 908 594 878 588 864 581 858 612 913 613 886 607 876 600 873 622 921 626 907 623 901 619 900 444 1035 449 1000 462 973 479 960 493 949 451 970 463 953 474 943 483 937 460 985 474 971 486 962 497 957 468 999 481 987 491 978 501 972 475 1013 486 1006 493 1000 500 997 
608 973 573 967 556 945 550 923 550 910 575 909 566 879 559 864 553 854 595 906 588 876 578 866 570 862 611 911 608 884 599 877 592 876 621 920 625 906 621 900 617 900 443 1033 447 995 461 971 479 960 493 951 451 967 463 950 472 942 480 935 460 982 476 968 486 960 496 955 467 996 483 986 492 976 501 969 473 1011 483 1004 489 998 496 993 
609 973 575 967 557 946 551 925 548 912 576 908 565 877 557 864 550 854 596 905 585 877 572 870 563 869 611 910 605 885 594 879 587 880 621 918 621 902 614 896 609 896 439 1034 447 997 461 972 478 960 491 951 447 965 456 950 466 941 474 935 456 979 469 965 479 958 489 953 464 993 479 982 488 976 496 974 472 1007 480 998 486 994 491 992 
611 974 574 966 554 942 548 917 547 900 577 909 566 878 557 866 549 857 597 906 586 877 572 871 561 871 612 911 604 885 592 879 583 881 620 919 618 904 610 899 603 899 441 1033 445 999 457 974 475 961 488 952 440 963 449 947 459 938 466 932 451 974 462 958 470 952 478 947 462 987 475 975 482 972 489 971 473 997 483 988 488 986 493 986 
613 979 575 973 553 947 546 919 543 900 577 914 565 882 555 869 546 860 597 911 585 879 569 875 560 878 610 915 599 888 585 883 577 886 618 922 610 904 599 898 591 899 433 1031 444 1001 456 975 470 960 481 949 435 960 443 943 453 937 460 936 440 970 451 953 462 951 470 955 445 981 458 969 467 969 474 972 451 991 460 981 465 981 470 983 
614 984 574 980 551 955 544 928 539 909 573 921 562 890 552 877 544 866 592 917 582 887 569 884 562 888 605 920 596 893 583 890 576 893 613 925 603 907 593 903 587 905 434 1034 441 1005 450 979 463 962 475 952 424 964 433 946 445 940 454 942 431 975 442 956 454 953 464 958 440 986 451 971 460 968 469 970 449 996 458 985 463 985 469 988 
614 990 575 989 549 966 540 941 537 922 570 928 558 897 548 884 540 874 589 924 579 895 567 889 559 888 601 927 590 905 577 900 569 900 608 932 597 916 586 911 578 911 422 1038 438 1011 446 983 457 966 467 955 413 970 421 948 435 941 446 940 409 979 421 959 437 954 453 954 411 990 426 974 440 968 454 968 417 999 430 989 440 985 451 985 
614 997 574 998 547 977 536 953 534 935 567 937 554 907 545 894 538 884 586 933 576 907 564 900 557 899 598 937 586 917 574 912 566 912 605 942 593 929 582 924 575 924 417 1042 431 1013 438 986 447 969 456 958 406 970 411 950 423 943 434 943 404 982 416 964 431 962 445 968 407 994 424 982 437 981 449 985 411 1004 426 996 436 995 445 997 
616 1004 578 1007 548 987 533 966 527 950 566 946 549 918 539 905 531 895 583 941 567 916 554 906 545 901 592 943 577 923 565 915 557 911 597 947 582 932 572 924 564 920 411 1048 427 1018 432 990 439 971 446 961 393 980 401 956 417 948 431 948 391 990 403 966 419 960 435 961 394 1001 413 986 429 982 442 985 400 1010 417 999 429 996 440 997 
615 1010 577 1012 546 995 527 977 522 964 562 950 543 926 533 915 524 907 578 946 559 927 545 922 536 923 587 950 567 939 554 939 546 944 593 955 574 948 563 949 557 953 399 1053 418 1032 423 1002 431 980 440 963 384 984 397 956 414 951 426 953 378 989 389 962 406 957 419 960 379 996 390 973 405 967 417 968 384 1003 392 984 404 978 414 978 
616 1015 578 1018 547 1002 526 987 516 974 560 956 539 934 528 925 517 918 576 952 553 935 538 933 528 936 587 956 564 948 551 953 544 961 594 962 575 956 562 960 555 967 388 1063 407 1041 413 1009 422 986 433 969 376 988 388 960 407 954 421 954 372 993 383 964 402 961 417 966 374 1001 390 980 407 979 420 984 380 1008 393 991 406 989 417 992 
617 1017 576 1018 544 1005 522 994 509 984 556 956 534 938 523 932 511 928 575 953 548 954 535 969 530 984 587 959 562 963 549 976 544 989 597 965 576 969 563 978 558 988 382 1069 400 1045 405 1014 414 988 425 970 366 993 381 962 402 956 417 956 362 997 379 968 399 962 415 964 366 1004 384 981 402 977 417 978 373 1011 387 992 401 988 413 989 
614 1019 575 1021 542 1008 519 997 501 989 551 960 528 941 516 936 505 933 570 953 542 958 531 976 529 992 583 955 557 963 547 978 544 991 594 960 573 965 562 975 559 986 370 1079 392 1052 398 1017 406 991 418 971 357 995 377 964 399 959 413 960 352 1000 372 973 394 968 410 972 354 1009 374 988 393 985 407 987 360 1017 374 1000 389 996 402 997 
613 1018 574 1022 541 1009 516 997 497 989 549 962 525 942 512 938 501 937 567 952 543 958 533 972 533 984 583 953 559 960 551 972 550 982 595 957 577 962 569 970 568 979 362 1083 385 1054 391 1021 400 993 412 971 352 999 368 966 388 959 403 957 345 1004 359 975 379 970 395 972 345 1013 359 988 376 983 391 983 351 1021 362 1002 374 996 386 996 
611 1014 571 1018 539 1005 514 992 494 982 545 957 519 940 505 938 496 939 564 947 538 952 529 965 529 977 580 948 557 955 550 966 550 977 593 951 575 957 570 965 570 975 355 1085 380 1061 387 1026 395 996 406 973 348 1001 368 967 390 961 406 961 339 1004 351 970 371 964 388 966 338 1012 348 984 365 977 380 976 344 1020 349 999 361 991 374 990 
610 1010 568 1015 536 1001 511 987 490 978 541 951 511 938 498 939 491 941 562 941 533 941 519 949 513 957 579 943 555 947 546 955 542 964 592 948 574 950 565 956 561 964 348 1081 376 1064 384 1032 392 1001 403 978 346 1004 368 968 389 962 405 964 331 1003 346 965 367 961 385 965 326 1007 338 976 357 970 373 972 329 1013 336 988 350 982 363 981 
608 1004 567 1012 534 998 510 982 487 970 538 948 510 930 494 928 482 928 558 937 528 924 510 924 499 928 574 936 548 927 534 928 526 932 587 939 565 931 552 932 543 936 340 1083 371 1066 382 1036 388 1005 399 983 347 1006 368 969 387 963 400 966 329 1002 346 963 367 959 383 964 320 1005 330 971 349 964 364 965 318 1010 323 983 336 974 348 973 
601 992 565 1005 532 995 507 979 485 969 535 946 501 921 482 911 467 903 550 928 518 901 496 892 481 887 562 920 534 897 514 890 500 887 570 919 546 901 529 895 515 893 333 1085 366 1067 378 1038 386 1007 399 986 346 1009 370 974 388 969 401 969 328 1004 343 965 363 952 380 949 318 1007 324 973 340 959 354 952 315 1014 317 986 325 972 333 964 
599 988 561 1001 528 994 503 980 479 971 526 948 492 919 472 910 458 905 543 928 508 898 486 891 472 891 558 919 528 893 508 888 496 890 569 917 548 895 532 889 520 890 329 1086 363 1072 379 1045 387 1013 401 990 348 1009 370 976 386 976 395 980 329 1004 345 966 363 953 379 946 316 1006 322 972 335 952 348 938 311 1013 312 985 317 968 324 956 
599 980 562 998 526 994 498 983 474 979 518 948 479 924 457 913 439 908 533 927 495 899 470 887 450 880 548 917 517 890 496 880 480 875 562 914 543 892 530 883 520 878 326 1085 361 1074 378 1048 387 1018 402 996 349 1013 377 980 396 973 409 971 331 1004 356 967 377 954 396 947 319 1004 333 969 350 950 367 937 311 1009 316 980 324 963 334 951 
594 976 558 994 524 996 496 991 474 987 510 950 469 930 446 922 428 916 523 928 481 901 454 888 433 880 537 916 505 889 482 876 464 869 552 912 539 886 527 871 516 861 323 1088 358 1081 378 1056 389 1024 405 1001 351 1020 383 986 401 982 414 982 333 1008 365 973 388 966 406 965 320 1005 342 968 364 954 382 948 312 1007 320 975 333 959 346 949 
592 973 557 992 526 996 498 994 479 989 505 950 462 936 439 930 422 926 516 926 474 907 450 900 433 897 530 911 494 889 471 880 455 877 543 906 529 880 518 863 509 850 323 1088 359 1083 379 1060 389 1030 401 1009 353 1025 387 990 406 986 418 988 334 1011 371 977 395 973 412 975 321 1006 347 968 368 952 386 942 314 1006 326 974 340 957 354 947 
591 969 556 989 520 991 491 985 474 980 501 949 459 938 441 939 432 943 511 924 470 912 449 911 438 915 525 909 490 892 468 887 454 888 541 903 529 877 518 860 509 847 321 1090 357 1087 377 1066 387 1040 396 1023 355 1027 391 992 410 991 420 997 336 1013 375 981 400 980 415 984 323 1008 351 971 374 957 393 949 315 1008 326 975 342 958 357 948 
592 967 555 988 519 988 486 982 466 980 502 948 461 939 463 952 474 960 511 922 467 914 465 927 472 936 525 906 482 892 472 899 471 907 540 899 525 874 515 858 508 846 319 1094 355 1091 377 1071 389 1047 400 1032 357 1031 393 1000 410 996 421 996 339 1017 378 987 400 985 415 987 324 1011 353 975 374 959 390 948 313 1012 319 979 330 961 340 948 
595 965 558 988 524 986 495 975 480 965 502 949 464 944 468 957 480 965 510 921 468 921 471 935 479 941 525 903 483 895 482 908 488 916 542 894 526 871 518 858 512 846 317 1098 354 1093 377 1073 396 1051 412 1041 359 1033 395 1003 412 998 422 1000 339 1020 379 991 400 990 412 994 322 1016 348 980 368 966 383 957 307 1017 304 986 307 966 310 950 
599 963 562 984 531 979 506 968 491 960 506 945 471 942 479 952 493 957 515 919 477 916 482 930 491 936 530 902 490 892 489 904 493 914 546 895 531 873 522 859 514 847 314 1101 353 1096 375 1072 391 1047 407 1036 358 1039 393 1004 409 997 418 999 336 1025 377 992 397 991 406 995 317 1019 346 979 364 963 376 954 301 1018 298 984 300 961 302 943 
606 962 570 985 539 979 516 963 503 951 513 946 478 941 484 950 496 954 522 920 483 914 485 926 494 934 537 902 496 890 492 901 494 910 553 894 535 870 521 858 509 850 313 1103 352 1096 375 1070 393 1044 412 1033 356 1038 390 1003 405 995 413 995 334 1024 373 992 392 990 402 994 313 1019 340 979 359 963 372 955 297 1020 292 985 293 963 295 945 
612 962 577 985 545 983 520 970 505 960 519 948 483 944 490 954 502 958 527 921 488 918 494 932 505 938 540 903 499 894 502 907 512 916 555 894 535 870 519 860 505 853 313 1106 353 1096 375 1067 389 1039 404 1023 356 1039 389 1003 402 994 410 993 332 1026 370 990 389 987 399 991 311 1021 336 979 355 963 368 955 294 1022 288 986 289 963 289 944 
615 965 584 988 553 986 528 975 512 967 521 956 487 952 495 960 509 964 528 929 492 928 500 939 513 943 541 909 501 900 506 911 515 919 556 898 538 874 523 862 510 852 311 1108 353 1099 372 1072 382 1044 392 1027 358 1040 392 1004 404 996 411 995 334 1027 368 990 386 985 395 990 311 1023 333 980 350 963 362 954 294 1026 285 990 283 967 283 949 
621 971 588 994 555 992 527 983 510 975 529 964 491 958 500 967 516 971 536 936 495 933 505 945 518 948 548 916 505 908 510 920 521 928 562 904 541 880 523 871 509 865 312 1114 354 1102 375 1073 385 1042 399 1026 359 1042 391 1005 403 997 409 1001 334 1030 366 991 384 984 393 987 311 1026 332 983 348 964 360 953 293 1030 282 994 279 971 279 952 
627 977 594 1001 563 1002 536 993 520 985 535 974 495 969 505 976 521 980 541 945 499 942 510 953 524 956 552 925 509 916 516 927 529 934 566 913 547 891 533 886 524 884 312 1120 355 1108 373 1079 381 1050 391 1034 360 1049 391 1011 402 1001 408 1002 335 1036 365 996 383 986 393 986 312 1032 332 988 349 969 362 959 294 1034 282 997 278 974 276 954 
633 984 598 1009 563 1009 532 1000 513 993 540 980 500 973 509 981 523 985 548 951 506 948 515 960 528 963 559 931 515 924 521 936 533 942 573 919 547 899 530 897 517 898 314 1127 357 1112 375 1082 381 1051 388 1034 361 1055 392 1018 403 1007 408 1006 337 1042 366 1000 384 988 395 987 313 1038 331 992 349 974 363 966 295 1040 282 1003 279 979 277 960 
636 992 601 1017 564 1016 533 1004 512 996 541 987 503 980 515 988 530 991 549 959 510 956 521 967 535 970 561 938 518 933 526 944 539 949 574 925 544 907 524 904 509 903 320 1130 362 1119 379 1091 387 1062 395 1045 368 1061 396 1024 406 1010 409 1006 342 1047 367 1003 383 988 394 985 318 1043 335 996 352 979 366 973 300 1047 286 1010 282 988 280 970 
640 995 605 1022 568 1024 539 1014 520 1006 543 993 511 990 522 996 537 999 549 965 516 967 527 976 540 978 560 944 523 942 530 953 544 958 573 930 547 914 531 911 520 909 327 1136 369 1125 387 1097 394 1067 402 1048 375 1061 402 1028 410 1018 415 1018 350 1050 370 1008 385 991 396 984 326 1047 335 1004 349 985 362 974 307 1052 292 1017 287 994 284 976 
641 1002 606 1027 568 1032 537 1027 517 1022 542 1000 513 1000 525 1006 539 1008 549 973 519 976 529 985 542 988 560 952 526 953 533 962 545 967 573 938 545 923 529 923 518 924 332 1142 376 1130 395 1102 402 1072 409 1052 382 1063 408 1030 414 1029 415 1035 357 1052 377 1012 390 995 400 985 333 1049 342 1009 353 991 363 980 314 1055 300 1022 292 1001 287 985 
641 1005 610 1031 574 1033 546 1024 530 1014 542 1009 514 1007 525 1012 539 1013 549 981 520 983 529 991 542 994 560 960 528 960 534 969 546 974 574 946 548 932 532 930 520 929 341 1145 382 1131 406 1103 419 1072 431 1051 389 1065 413 1032 419 1032 418 1041 364 1055 383 1015 397 998 407 989 339 1053 347 1013 359 995 370 984 319 1059 305 1027 298 1007 293 991 
641 1010 611 1036 577 1040 549 1030 535 1019 543 1014 515 1012 527 1017 542 1019 548 987 521 988 531 996 544 997 559 966 529 966 535 975 548 979 572 951 541 939 531 944 527 950 345 1149 388 1134 410 1105 421 1072 434 1052 395 1069 419 1034 423 1039 422 1051 370 1059 389 1018 402 1000 412 990 346 1057 355 1017 367 998 378 988 325 1064 313 1032 307 1012 303 995 
640 1015 613 1042 579 1048 550 1043 531 1042 543 1017 516 1016 526 1023 539 1026 548 991 521 993 530 1003 543 1006 559 971 527 970 533 981 547 986 572 956 542 945 534 952 536 959 351 1152 395 1138 417 1107 427 1075 439 1054 401 1073 425 1036 431 1039 431 1051 376 1062 393 1018 406 999 416 988 351 1060 359 1019 371 999 381 988 330 1066 318 1033 311 1013 306 997 
639 1016 612 1049 575 1058 542 1052 522 1042 542 1021 517 1022 529 1030 545 1031 547 994 519 996 530 1007 544 1009 557 973 524 972 533 982 549 985 570 957 540 949 542 958 554 964 355 1154 399 1141 422 1113 433 1082 443 1060 407 1075 433 1041 437 1040 436 1050 382 1064 397 1019 410 999 419 987 357 1062 363 1020 374 1000 384 987 335 1068 323 1035 316 1015 312 1000 
637 1018 609 1054 571 1061 537 1050 514 1042 538 1022 507 1022 522 1031 539 1032 544 994 514 997 526 1009 540 1010 555 974 522 975 531 986 546 989 567 959 538 955 540 964 551 967 357 1157 403 1143 428 1114 439 1082 450 1061 412 1077 437 1043 442 1039 441 1044 386 1065 403 1021 414 1000 422 986 361 1064 368 1021 378 1000 387 987 340 1070 328 1038 322 1018 317 1003 
633 1024 602 1059 565 1066 531 1055 507 1047 531 1027 498 1025 511 1035 528 1038 538 999 506 1001 517 1013 531 1015 550 978 519 980 527 991 540 995 565 964 535 961 538 970 549 974 362 1158 406 1142 431 1115 446 1082 458 1061 414 1077 437 1043 445 1041 448 1049 388 1066 403 1021 414 999 422 984 364 1065 369 1022 379 1000 388 987 343 1072 331 1039 325 1018 321 1003 
628 1025 594 1062 557 1068 521 1058 495 1052 522 1028 490 1026 504 1039 520 1042 529 1001 499 1003 510 1016 524 1018 541 982 513 983 520 995 534 998 554 968 528 967 532 976 545 980 364 1159 408 1143 434 1115 450 1082 464 1061 415 1076 439 1043 447 1046 448 1056 390 1065 405 1021 416 998 422 983 366 1064 372 1022 382 1000 390 986 346 1071 335 1038 328 1017 324 1001 
618 1028 589 1063 550 1070 517 1061 498 1055 509 1029 479 1024 490 1035 505 1039 517 1002 489 1003 499 1016 513 1021 532 983 505 986 511 997 524 1002 548 971 524 974 526 984 537 989 366 1161 409 1146 436 1117 451 1083 467 1063 417 1075 440 1044 449 1045 452 1055 392 1064 407 1021 418 998 425 983 369 1064 376 1022 386 1000 395 986 349 1071 339 1039 333 1019 329 1003 
604 1031 570 1060 534 1062 508 1053 492 1048 499 1024 467 1011 464 1020 472 1029 509 998 481 999 482 1013 491 1023 525 981 506 988 509 999 518 1006 542 971 527 976 529 985 538 992 369 1161 413 1144 440 1117 455 1084 470 1063 420 1075 444 1045 453 1048 454 1058 396 1065 411 1022 421 999 427 983 372 1065 379 1024 389 1001 397 986 352 1072 342 1040 336 1020 332 1005 
592 1029 551 1055 512 1053 484 1047 466 1045 493 1009 459 1003 461 1018 472 1029 505 987 481 1000 484 1017 495 1025 522 975 502 992 505 1005 515 1013 537 968 521 982 522 994 531 1002 371 1159 416 1144 442 1118 458 1086 472 1066 424 1077 449 1047 456 1042 457 1043 398 1066 414 1022 423 997 428 980 374 1065 383 1022 393 999 402 984 354 1072 344 1039 338 1019 335 1003 
585 1024 538 1043 501 1035 480 1024 469 1016 491 998 465 1004 469 1015 478 1021 503 978 488 995 492 1009 501 1016 520 968 505 985 508 998 517 1005 534 966 522 978 523 989 529 998 373 1159 418 1144 444 1117 461 1085 476 1064 426 1076 451 1045 458 1049 458 1061 401 1064 417 1020 427 997 432 981 377 1064 386 1022 396 999 404 985 357 1071 347 1039 342 1020 337 1005 
565 1018 532 1043 506 1047 489 1040 482 1031 477 1009 479 1004 489 1006 497 1010 487 987 493 985 500 990 508 996 504 971 507 974 514 979 522 985 522 962 526 964 532 970 539 977 376 1159 420 1144 447 1118 463 1086 480 1066 428 1076 452 1046 461 1051 463 1063 403 1065 419 1022 429 998 434 982 379 1064 387 1023 396 1000 404 985 359 1072 349 1040 344 1021 341 1006 
553 1013 526 1033 504 1030 494 1016 491 1003 482 1007 482 1000 490 1000 497 1002 488 986 489 981 498 984 506 989 501 971 502 968 511 973 518 978 516 959 521 959 527 965 533 972 378 1158 422 1144 448 1118 465 1086 481 1066 429 1076 454 1047 461 1052 462 1062 404 1065 421 1021 431 998 436 982 381 1065 389 1023 399 1000 407 986 361 1072 351 1040 345 1020 342 1005 
546 1008 522 1030 502 1029 495 1014 498 1000 484 1006 486 1006 497 1009 506 1013 490 985 491 985 501 990 511 995 502 970 503 969 510 975 518 980 518 957 521 957 526 964 532 969 379 1157 422 1143 450 1116 467 1084 486 1064 431 1075 455 1046 462 1052 462 1063 406 1063 424 1022 434 1000 439 984 383 1062 391 1023 400 1000 408 985 363 1069 353 1039 347 1020 343 1006 
545 1003 539 972 525 961 513 965 507 975 502 970 506 974 516 978 524 981 493 987 499 989 508 993 517 993 491 1005 495 1007 504 1008 514 1006 494 1022 499 1026 507 1026 515 1025 381 1155 425 1141 452 1114 469 1081 488 1063 432 1072 456 1043 462 1049 463 1060 408 1062 425 1022 434 1001 439 987 384 1062 392 1022 402 1000 410 985 364 1068 353 1038 347 1019 343 1003 
-1 -1 -1 -1 -1 -1 -1 -1 -1 -1 -1 -1 -1 -1 -1 -1 -1 -1 -1 -1 -1 -1 -1 -1 -1 -1 -1 -1 -1 -1 -1 -1 -1 -1 -1 -1 -1 -1 -1 -1 -1 -1 384 1153 427 1140 453 1114 469 1082 486 1062 435 1072 458 1043 464 1049 464 1060 410 1061 427 1022 437 1002 443 988 386 1061 395 1021 404 999 412 985 367 1068 356 1038 349 1019 344 1003 
-1 -1 -1 -1 -1 -1 -1 -1 -1 -1 -1 -1 -1 -1 -1 -1 -1 -1 -1 -1 -1 -1 -1 -1 -1 -1 -1 -1 -1 -1 -1 -1 -1 -1 -1 -1 -1 -1 -1 -1 -1 -1 385 1154 428 1141 454 1114 470 1082 488 1063 437 1072 459 1044 464 1051 464 1063 412 1061 429 1023 439 1002 444 988 388 1061 396 1022 406 999 413 984 368 1068 357 1037 350 1018 345 1002 
-1 -1 -1 -1 -1 -1 -1 -1 -1 -1 -1 -1 -1 -1 -1 -1 -1 -1 -1 -1 -1 -1 -1 -1 -1 -1 -1 -1 -1 -1 -1 -1 -1 -1 -1 -1 -1 -1 -1 -1 -1 -1 387 1154 429 1141 455 1114 472 1082 489 1062 439 1072 461 1044 466 1052 466 1063 414 1061 432 1024 443 1008 450 996 389 1060 398 1020 408 998 416 984 369 1067 358 1036 351 1017 346 1001 
-1 -1 -1 -1 -1 -1 -1 -1 -1 -1 -1 -1 -1 -1 -1 -1 -1 -1 -1 -1 -1 -1 -1 -1 -1 -1 -1 -1 -1 -1 -1 -1 -1 -1 -1 -1 -1 -1 -1 -1 -1 -1 387 1155 430 1143 455 1116 471 1083 488 1064 440 1073 461 1046 470 1042 472 1043 415 1062 432 1026 443 1007 449 994 390 1062 399 1021 409 999 418 983 369 1068 359 1036 352 1016 347 999 
-1 -1 -1 -1 -1 -1 -1 -1 -1 -1 -1 -1 -1 -1 -1 -1 -1 -1 -1 -1 -1 -1 -1 -1 -1 -1 -1 -1 -1 -1 -1 -1 -1 -1 -1 -1 -1 -1 -1 -1 -1 -1 386 1157 430 1146 455 1116 469 1084 485 1065 438 1073 459 1046 466 1047 468 1052 413 1063 431 1032 442 1027 449 1026 388 1063 398 1022 408 1000 418 984 368 1070 357 1037 352 1018 347 1000 
-1 -1 -1 -1 -1 -1 -1 -1 -1 -1 -1 -1 -1 -1 -1 -1 -1 -1 -1 -1 -1 -1 -1 -1 -1 -1 -1 -1 -1 -1 -1 -1 -1 -1 -1 -1 -1 -1 -1 -1 -1 -1 386 1158 429 1147 453 1117 466 1085 479 1066 434 1073 456 1046 463 1048 465 1054 409 1064 427 1032 435 1029 440 1030 385 1064 394 1024 405 1002 414 986 366 1071 355 1040 350 1021 346 1004 
-1 -1 -1 -1 -1 -1 -1 -1 -1 -1 -1 -1 -1 -1 -1 -1 -1 -1 -1 -1 -1 -1 -1 -1 -1 -1 -1 -1 -1 -1 -1 -1 -1 -1 -1 -1 -1 -1 -1 -1 -1 -1 386 1158 429 1145 452 1116 465 1084 476 1063 433 1074 455 1047 461 1049 462 1056 409 1065 427 1031 437 1019 442 1014 385 1065 393 1025 404 1003 412 988 365 1073 354 1041 348 1022 344 1006 
-1 -1 -1 -1 -1 -1 -1 -1 -1 -1 -1 -1 -1 -1 -1 -1 -1 -1 -1 -1 -1 -1 -1 -1 -1 -1 -1 -1 -1 -1 -1 -1 -1 -1 -1 -1 -1 -1 -1 -1 -1 -1 386 1158 428 1145 452 1117 465 1084 476 1062 432 1074 455 1048 464 1050 467 1055 408 1064 428 1032 442 1019 450 1012 384 1065 393 1026 403 1005 412 991 365 1074 353 1043 347 1023 344 1008 
-1 -1 -1 -1 -1 -1 -1 -1 -1 -1 -1 -1 -1 -1 -1 -1 -1 -1 -1 -1 -1 -1 -1 -1 -1 -1 -1 -1 -1 -1 -1 -1 -1 -1 -1 -1 -1 -1 -1 -1 -1 -1 388 1159 430 1146 455 1118 466 1085 477 1063 434 1075 457 1051 468 1050 473 1053 410 1066 430 1032 445 1019 456 1012 386 1067 395 1029 405 1008 414 994 367 1076 355 1046 349 1026 345 1010 
-1 -1 -1 -1 -1 -1 -1 -1 -1 -1 -1 -1 -1 -1 -1 -1 -1 -1 -1 -1 -1 -1 -1 -1 -1 -1 -1 -1 -1 -1 -1 -1 -1 -1 -1 -1 -1 -1 -1 -1 -1 -1 389 1162 432 1149 457 1122 469 1089 479 1066 438 1077 458 1053 467 1056 470 1063 414 1067 432 1034 445 1019 454 1011 390 1068 398 1031 408 1009 417 995 369 1077 357 1046 351 1026 347 1010 
-1 -1 -1 -1 -1 -1 -1 -1 -1 -1 -1 -1 -1 -1 -1 -1 -1 -1 -1 -1 -1 -1 -1 -1 -1 -1 -1 -1 -1 -1 -1 -1 -1 -1 -1 -1 -1 -1 -1 -1 -1 -1 391 1164 434 1151 460 1124 473 1090 483 1066 440 1079 462 1055 472 1058 478 1064 417 1069 436 1036 450 1019 460 1008 392 1069 400 1031 411 1009 420 995 371 1077 358 1045 351 1025 347 1008 
-1 -1 -1 -1 -1 -1 -1 -1 -1 -1 -1 -1 -1 -1 -1 -1 -1 -1 -1 -1 -1 -1 -1 -1 -1 -1 -1 -1 -1 -1 -1 -1 -1 -1 -1 -1 -1 -1 -1 -1 -1 -1 393 1164 435 1154 461 1127 475 1093 487 1070 441 1081 464 1059 474 1062 479 1068 417 1070 440 1038 456 1023 467 1013 393 1070 401 1031 412 1009 422 995 372 1078 359 1046 352 1026 348 1009 
-1 -1 -1 -1 -1 -1 -1 -1 -1 -1 -1 -1 -1 -1 -1 -1 -1 -1 -1 -1 -1 -1 -1 -1 -1 -1 -1 -1 -1 -1 -1 -1 -1 -1 -1 -1 -1 -1 -1 -1 -1 -1 392 1166 435 1156 461 1129 476 1094 490 1072 441 1082 465 1061 474 1063 478 1066 417 1071 441 1040 458 1028 469 1020 392 1070 402 1032 414 1010 423 996 372 1078 360 1045 353 1025 349 1009 
-1 -1 -1 -1 -1 -1 -1 -1 -1 -1 -1 -1 -1 -1 -1 -1 -1 -1 -1 -1 -1 -1 -1 -1 -1 -1 -1 -1 -1 -1 -1 -1 -1 -1 -1 -1 -1 -1 -1 -1 -1 -1 391 1166 434 1157 461 1131 477 1098 491 1075 439 1081 463 1059 472 1066 475 1073 415 1070 440 1040 458 1030 471 1026 391 1069 402 1032 414 1010 424 996 371 1077 359 1044 352 1023 348 1006 
-1 -1 -1 -1 -1 -1 -1 -1 -1 -1 -1 -1 -1 -1 -1 -1 -1 -1 -1 -1 -1 -1 -1 -1 -1 -1 -1 -1 -1 -1 -1 -1 -1 -1 -1 -1 -1 -1 -1 -1 -1 -1 388 1165 430 1156 458 1129 476 1098 490 1074 434 1080 460 1055 469 1066 471 1078 411 1068 438 1037 458 1028 473 1024 388 1066 402 1026 415 1005 427 991 369 1073 358 1040 352 1019 348 1001 
-1 -1 -1 -1 -1 -1 -1 -1 -1 -1 -1 -1 -1 -1 -1 -1 -1 -1 -1 -1 -1 -1 -1 -1 -1 -1 -1 -1 -1 -1 -1 -1 -1 -1 -1 -1 -1 -1 -1 -1 -1 -1 384 1162 427 1152 456 1124 474 1092 490 1069 427 1075 457 1051 466 1061 467 1073 404 1063 434 1032 454 1025 468 1023 382 1062 398 1022 413 1002 426 989 364 1069 354 1036 349 1015 346 997 
-1 -1 -1 -1 -1 -1 -1 -1 -1 -1 -1 -1 -1 -1 -1 -1 -1 -1 -1 -1 -1 -1 -1 -1 -1 -1 -1 -1 -1 -1 -1 -1 -1 -1 -1 -1 -1 -1 -1 -1 -1 -1 376 1154 420 1144 450 1115 467 1084 482 1061 415 1068 448 1042 460 1052 463 1065 393 1057 425 1023 442 1017 453 1018 373 1055 392 1015 410 997 423 985 358 1060 350 1027 345 1006 342 988 
572 980 545 1021 502 1045 468 1062 446 1078 461 999 417 1019 398 1039 387 1053 462 978 419 997 401 1017 392 1032 470 966 431 982 415 1001 407 1015 481 962 447 976 431 990 422 1004 369 1142 413 1131 442 1102 459 1070 473 1045 403 1057 438 1028 452 1037 456 1049 383 1045 417 1010 439 999 454 993 365 1043 384 1004 402 985 418 974 351 1048 344 1013 343 992 342 975 
583 964 546 1003 501 1023 469 1039 448 1053 468 973 438 1002 434 1028 435 1043 474 957 446 988 441 1013 442 1031 487 950 461 978 457 1000 460 1015 500 947 476 970 471 988 473 1003 362 1127 405 1117 433 1086 447 1052 460 1029 392 1040 427 1005 444 1015 448 1030 371 1029 406 993 427 995 437 1002 354 1027 378 985 400 970 415 963 343 1033 337 1000 338 978 338 961 
581 952 538 986 490 995 458 996 437 995 471 939 437 962 439 987 449 999 484 922 459 951 463 977 472 991 501 917 479 945 481 968 490 980 513 915 494 938 494 956 501 967 355 1114 397 1098 421 1065 438 1029 444 1004 374 1026 409 987 426 995 430 1007 354 1017 381 973 403 963 418 963 340 1017 359 970 380 956 396 952 332 1021 330 987 332 965 334 949 
577 939 531 963 482 969 448 972 424 971 473 907 435 928 426 948 423 959 489 892 461 921 461 946 468 962 506 889 483 916 481 938 487 954 520 888 499 907 496 925 501 939 348 1091 388 1074 412 1041 425 1004 427 978 362 1002 395 958 417 962 424 973 340 995 371 947 397 946 409 954 327 994 352 948 376 944 390 950 320 998 325 960 334 941 340 932 
568 922 523 939 478 938 446 937 425 941 468 879 432 888 425 906 425 921 485 864 455 883 450 904 452 922 504 863 478 880 470 898 471 914 520 865 497 877 489 892 488 907 345 1067 385 1049 403 1013 411 978 420 954 355 974 375 925 400 925 413 935 333 969 356 920 384 919 399 930 322 970 336 926 362 923 378 932 318 974 325 938 342 930 355 933 
559 908 516 920 474 912 445 904 431 897 475 853 434 860 423 876 421 889 488 838 450 848 436 863 431 879 501 836 469 847 456 859 452 874 510 840 486 847 472 856 465 868 342 1043 381 1025 397 987 402 951 410 925 347 949 360 898 381 887 396 886 329 948 344 897 368 889 385 892 321 951 332 908 352 899 368 900 321 955 327 920 341 908 354 905 
552 898 508 909 472 897 445 886 423 880 469 839 431 843 419 855 415 863 486 826 448 829 436 844 433 856 502 825 470 825 457 836 453 849 515 830 490 826 475 833 468 842 340 1020 380 999 394 960 399 927 406 903 345 927 351 880 366 868 378 866 327 930 331 881 349 870 364 872 319 935 322 894 337 883 351 880 319 941 321 908 330 894 341 888 
542 892 500 902 467 888 444 871 425 865 465 833 432 824 420 835 416 846 484 818 450 809 440 825 439 839 501 816 470 807 460 818 457 831 514 821 494 809 481 814 476 822 340 1001 379 978 393 940 400 911 407 889 345 906 348 860 361 846 373 841 326 911 329 864 345 850 360 848 317 919 319 879 333 865 347 859 317 927 319 896 327 882 338 874 
533 887 493 898 461 884 440 864 423 856 461 830 430 813 417 814 409 818 481 815 450 795 435 802 430 813 498 812 474 793 461 796 454 804 512 816 499 801 488 801 482 807 342 987 380 962 393 925 402 894 414 874 347 894 346 851 355 832 365 821 327 898 327 853 340 835 354 828 319 905 319 867 330 851 343 843 318 912 319 883 326 868 336 860 
527 885 488 897 456 883 436 863 421 853 456 831 428 811 412 806 400 806 477 815 448 791 432 792 423 799 494 811 472 787 456 788 448 794 508 815 494 798 482 797 475 802 347 973 384 947 395 911 401 883 407 865 351 882 349 842 356 824 365 814 332 888 328 845 338 827 350 817 323 895 322 860 330 842 341 832 323 903 323 876 329 861 338 853 
521 887 481 896 449 881 429 862 417 851 449 833 421 811 406 805 394 803 470 817 444 791 428 785 416 785 487 812 466 790 452 785 442 787 501 815 486 799 473 795 465 797 349 962 386 938 398 903 403 877 410 860 355 876 354 835 359 815 365 802 335 881 333 839 343 820 354 809 327 888 327 853 336 836 348 827 326 895 328 870 334 856 344 848 
515 887 475 897 443 883 426 863 415 850 444 836 415 812 402 805 392 802 464 819 439 791 425 784 415 782 482 814 462 791 447 785 437 786 495 816 482 800 470 796 462 799 351 956 387 932 399 900 405 874 412 857 358 872 359 833 362 812 366 798 339 876 339 837 347 818 356 807 330 883 331 850 340 834 350 825 328 891 331 866 337 853 347 846 
509 888 468 900 438 885 422 866 411 854 439 840 412 815 400 807 391 804 460 824 437 794 423 785 413 783 479 818 459 794 446 787 436 786 493 821 480 802 469 797 462 797 355 950 389 928 401 898 406 875 413 861 363 865 363 829 366 809 369 796 344 871 345 835 353 818 361 808 334 880 336 850 344 835 354 828 331 889 335 867 342 855 351 850 
504 888 466 901 436 890 419 871 409 858 435 843 410 818 398 809 389 805 455 826 432 795 418 787 410 786 473 819 454 793 441 786 433 786 489 820 477 803 467 798 461 799 357 948 391 924 402 895 407 873 414 859 365 860 368 826 371 808 373 796 347 867 351 833 360 820 367 810 337 877 341 850 351 838 361 832 333 887 337 866 344 856 353 853 
499 888 462 901 434 888 419 871 409 858 430 843 407 819 395 809 387 804 450 826 430 796 418 788 411 788 470 819 454 792 442 787 436 789 487 821 477 801 468 798 463 801 359 946 392 921 404 892 410 871 415 857 368 858 371 825 374 807 376 795 349 864 358 835 370 825 378 819 339 874 344 850 357 841 369 840 334 885 339 865 348 857 358 857 
496 888 461 900 434 889 419 874 409 863 429 842 408 817 397 809 390 805 448 825 427 799 415 795 409 799 467 818 451 792 440 792 435 798 484 820 476 800 467 799 463 805 360 946 394 919 406 891 410 871 415 857 369 853 374 824 378 808 379 797 351 862 361 835 373 825 380 817 341 873 348 851 361 842 372 838 337 884 342 865 349 858 358 857 
494 888 460 899 434 887 420 869 410 857 427 841 407 817 398 811 394 811 446 825 426 799 416 799 412 805 465 818 450 791 440 793 437 801 482 819 474 798 466 799 463 806 361 948 395 921 406 891 410 870 414 856 369 855 376 826 381 811 383 801 351 863 364 836 375 826 383 818 342 874 352 851 365 842 376 838 340 885 346 865 355 857 365 855 
494 887 460 899 434 886 419 869 410 857 426 842 406 817 398 813 396 815 445 824 425 799 415 800 413 808 464 817 447 791 438 794 436 803 480 817 472 798 463 800 461 808 361 947 396 920 407 890 410 869 415 853 371 854 378 827 382 813 385 803 353 862 363 837 373 827 381 819 344 874 351 853 363 844 374 840 341 886 348 868 356 861 367 859 
493 887 459 898 434 887 419 872 409 862 426 843 405 817 400 819 402 827 444 826 424 800 418 807 418 817 462 818 446 793 439 800 438 809 479 818 469 801 463 804 462 813 362 948 396 922 408 893 412 873 416 860 373 857 379 830 384 816 387 806 355 865 363 838 371 827 377 818 346 876 352 854 362 844 372 839 344 887 350 869 357 861 366 859 
497 885 462 897 436 887 422 870 413 859 427 842 407 819 405 826 409 835 445 825 423 802 419 812 423 824 463 817 445 793 440 802 443 812 478 816 467 801 462 807 463 816 363 949 396 924 409 896 415 878 421 866 374 859 383 832 388 818 392 808 357 867 365 839 374 827 381 819 348 878 355 854 365 844 375 839 345 889 353 871 361 863 371 861 
499 883 464 893 441 878 430 859 424 847 431 841 408 819 408 827 415 835 448 823 424 804 422 815 428 825 465 815 445 793 442 804 446 813 481 815 467 801 463 808 465 816 365 949 398 926 412 899 418 880 426 870 377 861 388 835 394 821 398 812 359 868 366 840 375 829 382 822 349 878 354 853 363 842 372 836 346 889 351 869 357 859 366 855 
501 883 467 890 444 875 432 856 424 843 435 841 412 819 409 822 412 828 451 824 428 803 425 814 430 823 469 816 448 794 445 803 448 813 485 816 472 803 466 808 468 815 367 949 400 927 412 901 419 882 427 873 378 865 388 838 395 823 400 814 359 871 366 841 377 831 385 825 350 880 353 853 363 842 373 837 347 889 349 868 354 857 363 853 
506 883 470 892 445 876 432 857 425 845 439 840 414 819 410 824 414 832 456 823 430 804 425 814 428 824 472 815 451 795 444 804 446 813 487 815 472 803 465 808 466 816 366 949 400 928 413 902 419 883 428 873 376 866 386 838 394 823 400 813 359 872 366 842 378 832 387 827 349 880 352 853 363 842 373 838 345 890 347 869 353 858 362 854 
508 885 472 895 445 880 430 862 419 851 440 842 413 819 408 823 411 831 457 825 429 804 424 814 427 824 473 816 450 797 442 805 443 814 488 815 470 801 461 805 461 813 363 951 399 927 411 902 417 885 425 873 376 865 385 837 393 822 399 814 359 871 363 840 374 830 382 825 349 881 351 854 360 842 369 837 344 890 345 871 350 860 358 856 
509 887 473 899 445 886 425 870 411 860 441 842 411 820 403 825 403 833 458 824 428 804 420 816 421 826 474 816 449 798 440 807 441 817 488 817 470 801 460 807 461 815 362 952 396 931 408 903 415 883 423 872 373 867 382 836 391 822 398 814 355 872 363 839 375 827 385 822 345 880 350 851 360 839 371 833 341 889 343 867 349 855 358 850 
511 890 474 902 443 891 424 877 411 869 440 841 411 818 400 823 398 832 460 824 429 806 419 817 420 827 478 819 452 800 440 809 439 818 492 821 473 804 461 809 459 817 357 954 393 933 407 904 414 883 422 871 368 869 380 837 391 823 399 814 351 874 359 839 373 827 385 823 341 882 347 851 359 840 371 835 337 891 340 867 347 856 357 852 
514 893 476 905 446 894 427 878 412 873 442 839 412 817 400 825 397 838 462 824 430 806 418 818 416 828 480 821 454 804 440 812 436 821 494 825 474 810 460 814 455 822 353 958 387 940 401 910 409 887 416 875 362 873 375 840 387 826 396 818 344 878 354 843 369 831 381 827 333 887 341 857 354 845 366 840 330 897 335 873 343 862 352 857 
520 896 480 908 447 895 424 880 403 874 446 838 413 818 398 827 391 840 466 824 432 808 417 821 411 833 482 823 454 806 438 816 432 827 494 828 472 812 456 816 448 825 345 963 380 946 395 914 404 890 411 879 355 880 370 843 384 829 394 819 338 881 352 845 368 832 381 826 330 887 341 856 355 844 368 838 328 893 334 868 342 856 352 850 
526 901 485 912 450 898 424 883 403 879 454 838 417 819 399 828 389 842 472 825 435 809 419 822 412 836 486 825 455 810 439 819 431 831 495 830 472 815 456 818 447 827 341 969 374 946 388 913 401 893 411 883 347 880 362 847 376 834 387 827 332 885 345 852 360 839 372 834 325 893 336 866 349 854 361 847 325 901 333 879 342 869 352 863 
532 903 489 914 452 899 424 886 403 878 458 835 419 818 401 830 392 845 475 824 436 810 418 823 410 838 487 825 454 812 437 822 427 835 494 830 468 819 453 824 443 834 333 974 365 953 382 919 398 897 411 887 341 884 360 848 379 836 395 831 327 888 345 852 366 843 382 841 322 897 337 868 354 858 369 855 323 905 334 883 347 874 360 871 
537 908 492 915 455 900 425 888 404 880 466 834 425 816 406 829 396 846 484 826 444 813 425 827 415 844 496 830 463 819 445 829 435 844 503 837 476 828 461 834 452 844 327 981 358 961 374 927 391 903 409 890 332 892 352 853 372 840 389 835 318 894 340 856 362 845 380 842 314 900 334 871 353 861 370 858 316 907 333 886 349 878 363 876 
543 911 497 918 459 903 429 890 408 881 474 839 433 816 414 827 403 843 491 830 450 812 429 824 417 840 501 833 467 820 449 829 438 843 506 839 481 831 466 835 457 844 319 988 351 964 367 929 388 906 408 893 321 896 341 858 362 843 379 836 312 901 331 862 354 850 373 846 310 909 330 880 349 869 366 866 315 918 333 898 349 891 363 889 
547 916 501 920 464 904 433 891 409 881 480 840 442 815 421 824 409 839 497 834 457 813 436 825 424 840 507 838 473 824 454 831 442 844 512 845 486 835 470 839 460 848 310 997 341 973 359 936 380 913 402 900 314 901 334 862 356 849 375 845 305 907 326 869 349 859 369 857 303 915 323 886 342 875 359 872 308 924 324 902 339 893 354 891 
550 919 507 925 472 908 440 892 414 883 486 842 449 814 426 824 414 839 501 836 461 816 439 830 428 845 509 840 476 827 456 835 443 848 513 847 488 837 471 842 461 852 305 1005 332 978 350 942 374 918 396 903 302 908 323 867 348 852 369 847 300 914 323 872 349 858 370 853 304 923 327 893 349 883 368 880 312 933 332 913 349 907 363 907 
555 924 512 929 478 912 446 895 419 885 493 848 455 817 432 825 418 841 508 842 468 819 446 832 434 849 515 847 481 832 463 841 452 855 518 854 493 843 476 849 466 859 299 1014 323 982 341 948 366 924 388 907 296 911 315 872 338 858 359 852 300 917 320 882 344 871 364 869 307 927 328 903 347 899 363 902 316 938 334 922 349 921 360 924 
560 928 518 935 483 919 451 902 422 892 496 852 455 824 431 833 418 849 511 847 470 830 449 847 440 865 519 851 484 841 467 854 458 870 522 858 496 850 481 859 473 871 294 1024 316 991 334 955 360 931 383 915 290 917 307 878 330 864 350 857 297 923 313 887 336 876 356 873 306 933 322 906 340 898 356 897 315 945 331 927 344 923 355 924 
567 933 523 943 486 928 451 912 424 904 500 859 455 832 430 843 414 860 515 852 469 838 445 855 433 874 523 856 483 847 463 860 452 877 526 863 496 857 479 865 469 879 292 1033 315 1000 331 964 355 938 379 921 287 924 301 884 324 871 343 865 294 929 308 893 329 882 349 878 302 939 316 911 333 900 350 897 311 951 324 931 337 926 349 924 
567 938 525 950 489 939 454 927 426 920 497 872 450 846 425 849 406 858 512 859 465 841 438 847 419 858 521 860 481 847 458 853 442 865 525 865 494 856 475 858 461 868 288 1043 308 1010 325 973 351 946 376 928 281 933 295 891 319 876 340 871 289 938 303 898 326 886 346 882 299 948 313 917 330 904 348 900 310 960 322 937 335 929 347 926 
571 942 530 959 491 951 455 940 426 936 492 885 444 862 419 858 401 860 506 868 458 849 433 857 420 869 515 864 475 846 454 855 442 867 521 865 490 850 471 853 459 861 288 1055 308 1022 325 983 350 954 375 936 277 944 289 901 314 885 336 880 286 949 300 909 323 897 344 893 297 958 312 927 330 915 348 912 308 970 322 947 336 938 349 936 
573 950 531 969 491 962 455 952 428 952 488 896 436 877 409 876 389 879 503 878 454 863 430 874 419 889 515 874 473 859 452 871 442 884 522 876 490 860 471 865 461 875 286 1066 310 1035 327 994 352 965 377 944 271 955 288 909 316 896 339 894 276 961 297 918 324 909 348 909 287 969 307 936 329 926 349 926 298 979 315 954 332 946 347 946 
574 957 532 978 489 972 454 964 425 963 481 907 430 892 404 892 384 892 497 886 448 874 427 886 417 899 511 880 470 868 451 879 441 892 520 880 490 866 472 872 462 882 284 1077 312 1047 332 1004 357 974 380 954 274 965 294 916 323 905 346 908 272 972 298 927 327 920 351 924 276 982 302 948 326 938 346 939 286 992 307 966 326 958 343 959 
576 963 535 986 491 983 455 977 429 978 477 919 430 906 409 907 394 909 492 898 444 887 422 899 411 911 505 892 466 878 445 888 434 899 515 892 484 879 466 881 456 887 286 1089 316 1060 337 1018 360 985 385 963 277 976 298 925 328 914 352 916 277 982 302 936 333 927 358 930 283 992 310 957 336 947 359 948 295 1002 316 977 337 968 356 969 
576 969 536 993 492 993 455 988 430 989 478 927 429 921 406 926 389 931 491 906 440 898 418 911 408 924 504 899 462 890 441 901 430 913 513 899 478 891 458 896 446 904 288 1101 321 1072 342 1029 364 994 388 971 284 987 301 936 329 922 353 919 278 991 299 942 330 932 357 935 280 998 301 961 328 949 351 949 288 1007 306 978 326 968 346 967 
579 976 537 1001 494 999 458 993 432 996 481 937 431 929 407 932 390 934 493 913 444 906 427 921 421 935 507 905 465 897 447 910 441 923 518 905 486 896 468 903 460 912 292 1109 326 1083 342 1039 362 1003 386 977 283 1003 299 945 330 928 355 925 277 1004 299 950 333 939 360 941 278 1008 300 966 328 955 353 955 285 1014 302 982 323 971 343 969 
581 982 540 1006 499 1004 465 996 441 997 486 941 437 931 414 937 398 944 500 918 451 909 432 922 424 935 515 911 473 901 454 912 446 925 526 911 494 902 476 909 467 919 296 1116 327 1091 341 1047 359 1010 380 982 283 1009 296 954 329 940 355 941 278 1011 296 956 329 946 355 946 280 1015 298 973 324 959 348 957 288 1022 302 987 321 975 340 972 
588 985 548 1009 506 1006 472 998 449 1000 498 943 450 932 428 939 415 946 510 922 460 912 442 926 434 939 522 915 480 906 461 918 452 930 530 916 498 908 480 914 471 923 299 1119 330 1095 342 1052 357 1013 377 983 284 1018 298 961 331 950 357 954 277 1018 295 962 328 954 354 956 279 1022 299 978 325 966 348 965 287 1027 303 992 324 981 344 979 
597 990 557 1013 515 1010 480 1002 453 1002 505 946 458 933 438 942 428 953 519 926 470 916 452 929 443 944 532 921 490 913 471 924 461 937 541 923 508 916 491 923 481 933 301 1124 337 1104 347 1060 353 1023 365 996 289 1031 307 971 342 965 364 971 274 1027 301 966 338 966 361 978 272 1026 298 977 331 976 352 988 276 1029 295 993 321 987 340 992 
603 996 563 1016 523 1013 488 1006 462 1006 516 950 470 934 450 943 440 956 530 933 483 921 464 935 455 950 543 929 504 922 486 933 477 947 552 931 522 926 506 934 497 945 307 1137 340 1112 356 1069 366 1030 377 1004 296 1029 337 992 367 989 386 995 280 1024 319 983 351 980 375 990 276 1025 310 990 339 988 361 996 278 1029 300 1001 321 998 339 1001 
610 1001 570 1020 530 1016 496 1011 470 1013 523 955 479 940 462 947 452 958 537 939 494 929 476 942 466 955 551 936 514 931 498 942 489 955 560 938 531 935 517 943 509 954 317 1143 356 1118 375 1079 385 1042 394 1014 324 1043 361 1015 381 1017 393 1023 302 1037 331 997 356 984 377 981 288 1039 303 995 326 980 346 975 281 1046 283 1014 290 999 299 989 
617 1006 578 1027 537 1024 504 1019 481 1017 531 965 485 947 468 955 460 966 543 946 498 938 481 950 474 963 555 941 519 939 505 950 498 962 563 942 535 941 523 950 517 961 326 1152 371 1130 393 1092 403 1058 412 1035 348 1051 382 1032 400 1037 409 1042 325 1045 350 1012 371 995 387 984 307 1049 316 1008 332 988 347 975 295 1058 287 1030 288 1010 292 994 
617 1012 578 1034 539 1033 507 1026 485 1023 529 976 484 960 470 968 467 980 541 957 498 950 485 961 481 974 553 950 518 950 506 960 502 972 561 950 533 950 522 959 519 970 337 1155 381 1136 404 1099 418 1066 433 1044 367 1055 401 1041 418 1045 426 1049 343 1048 369 1019 386 999 397 986 322 1053 329 1018 340 998 349 985 306 1064 295 1036 292 1017 291 1000 
616 1020 577 1043 536 1040 502 1033 477 1034 526 984 483 969 468 981 463 995 538 965 496 959 482 971 476 986 551 960 516 960 503 971 498 984 560 961 532 962 520 971 516 983 348 1156 391 1136 412 1099 423 1065 437 1047 375 1058 407 1042 424 1044 433 1049 350 1053 373 1022 388 1002 396 988 329 1059 334 1023 343 1003 350 990 314 1070 299 1041 293 1023 289 1008 
613 1028 576 1053 535 1049 504 1039 484 1038 517 997 474 984 465 995 467 1007 531 977 490 971 481 985 481 998 547 969 515 971 506 982 506 994 560 968 534 972 526 981 527 991 356 1153 397 1134 415 1098 419 1065 424 1047 380 1058 401 1036 413 1038 417 1042 354 1055 369 1021 381 1003 388 991 332 1061 333 1025 339 1004 344 991 316 1073 302 1047 296 1030 292 1017 
606 1034 567 1058 531 1055 503 1044 486 1037 509 1006 468 990 466 1004 475 1017 523 983 482 978 480 994 487 1006 540 972 509 977 508 989 516 998 555 970 530 977 528 987 535 993 359 1154 399 1135 415 1095 415 1061 418 1041 381 1058 395 1033 404 1026 409 1022 354 1056 365 1023 373 1003 379 990 333 1063 330 1029 334 1010 339 996 317 1076 303 1052 297 1036 295 1023 
599 1037 563 1063 530 1061 504 1046 488 1037 500 1010 465 991 465 1003 475 1014 516 988 483 980 483 994 491 1003 535 977 509 977 508 988 516 997 552 974 533 976 531 986 537 993 362 1153 402 1131 414 1094 412 1062 414 1043 379 1056 392 1031 400 1025 402 1024 354 1056 362 1022 370 1003 376 991 334 1064 331 1030 337 1013 344 1003 319 1079 306 1053 304 1037 306 1027 
589 1035 552 1061 519 1057 498 1037 490 1024 493 1012 460 991 463 1003 475 1012 507 990 476 979 478 993 487 1001 524 979 499 976 501 987 509 995 540 973 520 973 520 982 528 989 365 1150 403 1126 415 1091 413 1061 417 1041 378 1055 390 1026 397 1017 399 1012 353 1056 360 1020 369 1002 375 989 334 1065 333 1030 341 1016 349 1008 319 1079 311 1053 316 1041 324 1035 
576 1034 537 1056 505 1048 487 1027 481 1013 485 1010 455 993 459 1000 469 1006 499 990 467 976 467 985 474 993 515 978 494 974 496 984 503 991 532 972 515 969 515 977 522 984 363 1150 403 1127 416 1091 416 1062 418 1043 379 1054 391 1021 397 1009 399 1001 354 1056 361 1020 370 1001 376 988 335 1066 335 1034 343 1020 350 1012 322 1079 324 1053 331 1042 340 1037 
566 1037 529 1055 498 1044 482 1024 478 1008 475 1014 450 995 452 998 460 1004 489 993 468 981 472 991 481 1000 507 979 491 975 494 985 502 993 525 972 512 968 512 976 519 983 365 1149 406 1128 420 1092 418 1064 417 1046 380 1052 389 1018 394 1001 398 990 355 1056 360 1017 369 998 376 986 337 1067 337 1035 344 1022 352 1015 327 1081 330 1055 338 1045 346 1041 
556 1036 520 1054 489 1045 473 1025 468 1011 466 1012 440 995 447 1001 457 1008 480 992 458 981 464 991 474 1000 498 980 481 976 486 985 495 993 516 974 503 971 506 979 514 986 367 1149 408 1128 422 1091 420 1065 416 1051 382 1052 390 1017 395 1001 398 989 358 1056 362 1016 371 996 378 983 341 1067 342 1034 349 1019 357 1012 333 1080 335 1053 342 1041 351 1035 
549 1035 513 1054 482 1047 460 1031 450 1020 458 1012 436 996 439 1002 448 1008 472 992 454 984 457 994 464 1003 490 979 473 977 475 986 483 994 507 973 494 970 494 978 500 986 369 1151 412 1128 426 1091 423 1065 415 1055 385 1053 393 1019 397 1002 399 990 361 1057 365 1016 374 997 380 984 345 1067 344 1032 352 1016 361 1006 337 1080 338 1050 343 1037 351 1030 
537 1035 502 1055 474 1051 456 1037 449 1027 448 1012 429 997 434 1002 441 1009 463 992 448 984 451 992 458 1001 482 981 469 976 471 983 479 991 500 976 491 971 492 977 498 984 370 1152 413 1129 428 1094 426 1068 418 1056 387 1054 394 1018 398 1002 401 990 363 1059 367 1018 375 999 381 987 347 1070 347 1034 355 1018 364 1008 339 1083 342 1055 348 1041 357 1035 
526 1032 491 1053 462 1047 444 1030 437 1018 442 1011 421 1001 425 1009 433 1015 456 992 436 988 437 999 444 1006 473 980 455 981 455 991 462 998 489 975 474 976 472 984 477 991 371 1153 415 1130 430 1095 428 1070 424 1057 390 1054 396 1018 401 1001 404 989 366 1059 369 1018 378 998 383 987 350 1070 349 1034 357 1017 366 1006 342 1084 343 1054 348 1040 356 1032 
518 1033 488 1057 461 1054 444 1038 438 1026 435 1014 416 1009 420 1018 428 1024 447 994 428 992 429 1003 436 1010 463 982 447 984 447 994 453 1001 479 977 467 979 466 987 471 994 372 1153 416 1130 431 1094 427 1068 422 1054 390 1054 395 1017 399 1000 401 988 365 1059 369 1017 378 997 384 985 349 1070 349 1033 358 1015 367 1004 340 1083 341 1053 346 1037 355 1029 
509 1032 484 1055 458 1054 440 1045 430 1037 433 1018 412 1019 409 1028 411 1034 439 999 418 1002 414 1013 416 1022 450 987 429 991 425 1003 429 1010 461 982 444 984 439 993 441 1001 372 1154 416 1131 431 1096 428 1071 420 1060 389 1056 394 1019 398 1002 399 990 365 1061 368 1018 377 998 383 985 349 1071 349 1034 357 1016 366 1005 341 1085 341 1054 346 1039 354 1030 
502 1034 478 1057 453 1058 437 1048 429 1038 428 1023 412 1021 413 1028 417 1034 437 1002 420 1001 418 1010 423 1018 451 987 433 988 430 997 434 1004 466 979 451 980 447 989 449 996 372 1156 416 1132 431 1097 427 1072 416 1063 389 1058 393 1021 397 1004 399 991 365 1062 368 1019 376 999 382 986 349 1073 349 1036 357 1016 366 1004 341 1086 342 1055 346 1039 355 1029 
498 1032 475 1055 451 1055 436 1045 430 1036 427 1020 411 1020 415 1029 422 1035 435 1001 418 1002 419 1012 427 1018 447 988 430 990 430 1000 436 1006 461 980 447 982 444 991 448 997 372 1156 415 1133 431 1098 431 1072 424 1060 389 1058 393 1022 397 1005 399 992 365 1063 369 1020 377 1000 383 987 349 1074 350 1036 358 1018 367 1006 342 1087 343 1056 348 1040 356 1032 
373 1157 416 1134 432 1098 431 1071 422 1062 389 1060 394 1023 399 1006 401 993 365 1064 369 1022 377 1002 383 989 350 1075 351 1039 359 1020 368 1009 343 1088 345 1059 350 1044 358 1036 496 1030 491 1013 473 1002 454 997 441 999 454 985 437 991 436 1002 438 1009 444 990 427 996 427 1006 433 1012 435 1000 418 1003 419 1012 425 1017 427 1014 413 1015 413 1021 417 1025 
374 1158 416 1137 433 1100 432 1072 425 1063 390 1061 395 1024 399 1007 401 993 367 1065 370 1022 378 1002 384 989 351 1075 352 1038 360 1020 370 1009 344 1087 345 1056 350 1042 359 1033 494 1026 491 1003 477 991 463 989 451 991 461 983 443 990 443 1000 448 1005 447 990 430 996 433 1008 441 1012 435 1001 419 1006 423 1018 433 1022 424 1016 414 1023 418 1032 426 1036 
376 1159 418 1137 433 1101 429 1073 417 1066 391 1063 396 1026 400 1009 402 995 367 1066 371 1023 379 1002 386 989 352 1077 352 1039 361 1020 370 1009 345 1089 346 1058 352 1043 360 1035 490 1025 492 1006 479 994 465 990 452 991 461 983 448 987 447 998 450 1003 448 991 433 993 434 1004 440 1009 436 1002 421 1002 423 1012 430 1017 425 1016 414 1018 415 1024 421 1028 
489 1028 470 1048 449 1047 438 1037 435 1028 429 1020 419 1016 423 1018 427 1020 437 1004 428 1000 430 1005 436 1009 449 993 439 989 439 994 444 998 462 985 454 983 452 988 454 992 376 1159 418 1138 434 1102 431 1074 420 1065 391 1063 396 1026 401 1009 402 996 367 1067 370 1024 379 1003 385 990 352 1077 352 1040 361 1022 370 1011 346 1089 346 1058 352 1044 360 1036 
487 1024 473 1039 452 1039 440 1032 431 1029 434 1009 425 1009 428 1017 432 1022 439 998 427 999 429 1008 435 1012 445 992 434 992 433 1001 437 1005 454 989 444 990 440 998 442 1002 375 1159 417 1138 434 1103 432 1075 425 1062 391 1063 396 1026 401 1008 403 995 368 1067 371 1024 380 1003 386 990 353 1077 353 1040 361 1022 371 1011 346 1089 347 1059 352 1045 360 1037 
-1 -1 -1 -1 -1 -1 -1 -1 -1 -1 -1 -1 -1 -1 -1 -1 -1 -1 -1 -1 -1 -1 -1 -1 -1 -1 -1 -1 -1 -1 -1 -1 -1 -1 -1 -1 -1 -1 -1 -1 -1 -1 376 1159 418 1138 434 1104 431 1076 422 1065 392 1064 397 1027 401 1010 403 997 368 1068 371 1025 380 1004 386 991 353 1078 353 1040 361 1022 370 1010 346 1090 346 1059 351 1044 359 1037 
-1 -1 -1 -1 -1 -1 -1 -1 -1 -1 -1 -1 -1 -1 -1 -1 -1 -1 -1 -1 -1 -1 -1 -1 -1 -1 -1 -1 -1 -1 -1 -1 -1 -1 -1 -1 -1 -1 -1 -1 -1 -1 375 1159 418 1139 433 1104 431 1077 425 1065 391 1065 397 1027 401 1010 403 997 368 1069 371 1025 380 1005 386 992 353 1079 352 1041 361 1024 370 1014 346 1091 347 1060 352 1047 360 1041 
-1 -1 -1 -1 -1 -1 -1 -1 -1 -1 -1 -1 -1 -1 -1 -1 -1 -1 -1 -1 -1 -1 -1 -1 -1 -1 -1 -1 -1 -1 -1 -1 -1 -1 -1 -1 -1 -1 -1 -1 -1 -1 375 1160 418 1140 433 1105 431 1078 423 1067 391 1066 397 1029 401 1011 403 998 368 1069 372 1026 380 1005 386 992 353 1079 353 1041 362 1024 371 1013 346 1091 347 1060 352 1046 360 1039 
-1 -1 -1 -1 -1 -1 -1 -1 -1 -1 -1 -1 -1 -1 -1 -1 -1 -1 -1 -1 -1 -1 -1 -1 -1 -1 -1 -1 -1 -1 -1 -1 -1 -1 -1 -1 -1 -1 -1 -1 -1 -1 376 1160 418 1140 434 1105 431 1078 422 1068 392 1067 397 1030 401 1012 403 999 368 1070 372 1027 381 1006 387 993 353 1080 353 1043 362 1025 372 1015 346 1092 347 1062 353 1048 361 1042 
-1 -1 -1 -1 -1 -1 -1 -1 -1 -1 -1 -1 -1 -1 -1 -1 -1 -1 -1 -1 -1 -1 -1 -1 -1 -1 -1 -1 -1 -1 -1 -1 -1 -1 -1 -1 -1 -1 -1 -1 -1 -1 376 1160 418 1140 434 1105 432 1078 424 1067 392 1066 397 1029 402 1012 403 998 368 1069 372 1026 381 1006 387 993 353 1079 354 1042 363 1025 372 1015 347 1091 348 1061 354 1048 362 1042 
-1 -1 -1 -1 -1 -1 -1 -1 -1 -1 -1 -1 -1 -1 -1 -1 -1 -1 -1 -1 -1 -1 -1 -1 -1 -1 -1 -1 -1 -1 -1 -1 -1 -1 -1 -1 -1 -1 -1 -1 -1 -1 375 1161 417 1140 434 1106 432 1078 422 1069 391 1067 397 1030 401 1012 403 999 368 1070 372 1026 381 1006 387 993 353 1080 354 1042 363 1025 372 1015 347 1091 347 1061 353 1047 361 1040 
-1 -1 -1 -1 -1 -1 -1 -1 -1 -1 -1 -1 -1 -1 -1 -1 -1 -1 -1 -1 -1 -1 -1 -1 -1 -1 -1 -1 -1 -1 -1 -1 -1 -1 -1 -1 -1 -1 -1 -1 -1 -1 375 1161 417 1141 433 1106 430 1079 421 1070 390 1067 397 1030 401 1013 403 1000 367 1070 372 1027 381 1007 387 994 353 1079 354 1043 363 1025 373 1014 346 1091 347 1061 353 1047 361 1039 
-1 -1 -1 -1 -1 -1 -1 -1 -1 -1 -1 -1 -1 -1 -1 -1 -1 -1 -1 -1 -1 -1 -1 -1 -1 -1 -1 -1 -1 -1 -1 -1 -1 -1 -1 -1 -1 -1 -1 -1 -1 -1 374 1162 416 1141 433 1106 431 1079 421 1070 389 1067 396 1030 401 1013 403 1000 367 1070 371 1027 380 1007 387 995 352 1080 354 1044 362 1026 372 1014 346 1092 347 1062 353 1048 361 1040 
-1 -1 -1 -1 -1 -1 -1 -1 -1 -1 -1 -1 -1 -1 -1 -1 -1 -1 -1 -1 -1 -1 -1 -1 -1 -1 -1 -1 -1 -1 -1 -1 -1 -1 -1 -1 -1 -1 -1 -1 -1 -1 374 1161 415 1141 432 1107 430 1079 421 1070 388 1067 396 1030 401 1014 403 1001 366 1070 371 1028 380 1007 387 994 351 1080 352 1044 361 1026 371 1015 345 1092 346 1062 352 1048 360 1041 
-1 -1 -1 -1 -1 -1 -1 -1 -1 -1 -1 -1 -1 -1 -1 -1 -1 -1 -1 -1 -1 -1 -1 -1 -1 -1 -1 -1 -1 -1 -1 -1 -1 -1 -1 -1 -1 -1 -1 -1 -1 -1 374 1161 414 1141 432 1107 431 1079 423 1069 389 1069 396 1032 401 1015 404 1002 366 1072 371 1028 380 1009 388 997 351 1081 352 1044 362 1027 372 1017 345 1093 346 1062 352 1048 361 1041 
-1 -1 -1 -1 -1 -1 -1 -1 -1 -1 -1 -1 -1 -1 -1 -1 -1 -1 -1 -1 -1 -1 -1 -1 -1 -1 -1 -1 -1 -1 -1 -1 -1 -1 -1 -1 -1 -1 -1 -1 -1 -1 371 1162 413 1141 431 1107 429 1079 419 1070 387 1069 398 1030 405 1013 409 1000 364 1072 371 1028 382 1009 391 998 349 1081 352 1045 361 1027 372 1017 342 1093 345 1064 352 1049 362 1043 
-1 -1 -1 -1 -1 -1 -1 -1 -1 -1 -1 -1 -1 -1 -1 -1 -1 -1 -1 -1 -1 -1 -1 -1 -1 -1 -1 -1 -1 -1 -1 -1 -1 -1 -1 -1 -1 -1 -1 -1 -1 -1 369 1163 410 1143 429 1109 429 1081 420 1070 385 1070 398 1031 406 1014 412 1002 362 1073 371 1030 383 1011 393 999 347 1082 351 1046 361 1029 372 1019 340 1093 343 1063 350 1050 359 1043 
-1 -1 -1 -1 -1 -1 -1 -1 -1 -1 -1 -1 -1 -1 -1 -1 -1 -1 -1 -1 -1 -1 -1 -1 -1 -1 -1 -1 -1 -1 -1 -1 -1 -1 -1 -1 -1 -1 -1 -1 -1 -1 366 1163 407 1142 426 1108 427 1080 423 1066 380 1069 396 1033 407 1017 415 1004 356 1073 368 1030 381 1012 393 1000 341 1082 347 1046 358 1030 369 1021 334 1094 340 1065 348 1053 358 1047 
-1 -1 -1 -1 -1 -1 -1 -1 -1 -1 -1 -1 -1 -1 -1 -1 -1 -1 -1 -1 -1 -1 -1 -1 -1 -1 -1 -1 -1 -1 -1 -1 -1 -1 -1 -1 -1 -1 -1 -1 -1 -1 362 1162 400 1141 419 1107 423 1078 426 1060 374 1069 392 1034 406 1019 417 1009 350 1071 362 1031 376 1012 390 1001 335 1081 342 1046 354 1032 366 1025 328 1093 337 1067 347 1058 358 1054 
-1 -1 -1 -1 -1 -1 -1 -1 -1 -1 -1 -1 -1 -1 -1 -1 -1 -1 -1 -1 -1 -1 -1 -1 -1 -1 -1 -1 -1 -1 -1 -1 -1 -1 -1 -1 -1 -1 -1 -1 -1 -1 353 1160 392 1137 410 1101 415 1071 421 1053 365 1068 386 1034 401 1019 415 1010 340 1069 354 1028 370 1010 385 1000 326 1077 333 1041 349 1028 363 1021 319 1089 329 1060 342 1050 353 1046 
-1 -1 -1 -1 -1 -1 -1 -1 -1 -1 -1 -1 -1 -1 -1 -1 -1 -1 -1 -1 -1 -1 -1 -1 -1 -1 -1 -1 -1 -1 -1 -1 -1 -1 -1 -1 -1 -1 -1 -1 -1 -1 344 1157 383 1135 402 1098 408 1067 413 1046 357 1063 379 1030 395 1020 409 1014 332 1064 346 1024 362 1007 377 999 317 1073 324 1038 339 1026 352 1021 310 1085 319 1056 332 1046 343 1042 
-1 -1 -1 -1 -1 -1 -1 -1 -1 -1 -1 -1 -1 -1 -1 -1 -1 -1 -1 -1 -1 -1 -1 -1 -1 -1 -1 -1 -1 -1 -1 -1 -1 -1 -1 -1 -1 -1 -1 -1 -1 -1 332 1155 371 1133 391 1095 397 1062 407 1041 343 1060 372 1031 393 1028 408 1030 320 1060 335 1022 356 1006 374 998 306 1068 312 1035 328 1023 342 1019 301 1080 307 1051 319 1042 330 1039 
-1 -1 -1 -1 -1 -1 -1 -1 -1 -1 -1 -1 -1 -1 -1 -1 -1 -1 -1 -1 -1 -1 -1 -1 -1 -1 -1 -1 -1 -1 -1 -1 -1 -1 -1 -1 -1 -1 -1 -1 -1 -1 319 1150 357 1126 377 1088 388 1055 399 1034 328 1054 357 1025 378 1024 392 1029 306 1054 324 1015 345 1002 363 999 294 1063 303 1029 321 1017 337 1014 290 1075 297 1047 310 1036 322 1034 
-1 -1 -1 -1 -1 -1 -1 -1 -1 -1 -1 -1 -1 -1 -1 -1 -1 -1 -1 -1 -1 -1 -1 -1 -1 -1 -1 -1 -1 -1 -1 -1 -1 -1 -1 -1 -1 -1 -1 -1 -1 -1 306 1142 343 1119 362 1080 374 1047 384 1025 314 1046 344 1015 365 1015 379 1022 294 1046 311 1005 333 993 352 991 282 1054 291 1020 309 1008 326 1005 279 1065 286 1038 299 1027 312 1024 
-1 -1 -1 -1 -1 -1 -1 -1 -1 -1 -1 -1 -1 -1 -1 -1 -1 -1 -1 -1 -1 -1 -1 -1 -1 -1 -1 -1 -1 -1 -1 -1 -1 -1 -1 -1 -1 -1 -1 -1 -1 -1 294 1132 331 1109 350 1070 361 1038 372 1016 300 1034 328 1003 350 1003 364 1008 281 1033 298 993 321 985 340 987 271 1040 281 1004 301 994 318 992 269 1049 276 1019 289 1008 303 1005 
-1 -1 -1 -1 -1 -1 -1 -1 -1 -1 -1 -1 -1 -1 -1 -1 -1 -1 -1 -1 -1 -1 -1 -1 -1 -1 -1 -1 -1 -1 -1 -1 -1 -1 -1 -1 -1 -1 -1 -1 -1 -1 282 1121 319 1099 337 1060 347 1027 356 1005 285 1022 315 988 339 991 355 1001 267 1023 289 980 315 979 332 988 258 1030 272 993 295 988 312 993 256 1039 264 1009 278 1000 291 999 
270 1108 307 1087 323 1048 332 1015 340 994 272 1010 295 971 320 971 336 979 254 1011 276 967 302 963 320 971 246 1017 262 976 285 969 303 973 245 1024 255 990 271 979 285 977 540 976 501 1011 464 1029 442 1044 428 1055 427 988 388 1027 379 1052 377 1069 427 982 376 1019 371 1045 374 1064 437 984 404 1027 410 1046 420 1055 453 994 437 1030 440 1045 448 1051 
539 960 500 999 462 1015 435 1033 420 1049 425 974 396 1019 388 1046 380 1067 428 966 391 1010 381 1039 372 1065 439 966 408 1001 398 1028 394 1050 451 970 430 994 424 1012 424 1029 264 1095 301 1068 316 1029 323 995 333 971 263 995 288 954 314 956 329 965 246 999 270 956 298 956 316 967 239 1007 257 969 281 965 300 971 240 1016 249 985 266 976 281 976 
532 951 495 984 454 1002 424 1018 403 1032 421 960 390 1006 382 1036 373 1057 429 950 404 992 399 1020 396 1044 442 950 423 985 420 1010 419 1028 452 953 438 980 436 997 438 1011 259 1078 294 1045 307 1004 315 972 326 952 256 976 271 938 295 932 312 935 241 985 261 947 287 943 307 949 237 996 257 964 279 957 298 960 240 1006 254 982 271 974 288 974 
530 943 487 970 446 984 420 999 409 1013 422 934 395 982 395 1015 399 1035 435 932 415 978 421 1005 430 1024 450 937 431 976 436 1000 446 1017 460 943 448 973 449 991 455 1004 260 1060 292 1026 305 986 313 956 325 936 253 961 269 921 292 914 308 916 240 970 258 930 283 923 303 926 237 981 255 949 277 940 296 941 241 992 255 967 271 958 287 957 
525 934 483 959 441 969 414 977 402 986 421 914 391 951 394 980 401 998 431 909 408 950 413 980 423 1002 443 913 424 951 426 978 435 999 452 918 439 947 440 966 445 982 262 1044 294 1008 307 971 316 943 328 922 256 944 268 906 289 900 303 903 245 953 264 917 288 913 307 919 242 964 261 935 283 929 302 933 245 974 261 953 278 946 294 947 
520 930 478 950 436 951 406 953 383 957 425 897 389 923 381 948 378 968 437 890 407 926 406 957 412 983 449 893 425 927 422 953 428 975 459 898 442 925 438 944 439 962 267 1032 299 996 312 960 321 934 331 915 263 933 277 895 295 887 309 888 249 942 270 910 294 904 312 905 244 954 266 929 288 924 307 927 245 964 262 946 279 941 296 943 
513 927 471 945 430 943 401 940 387 940 421 890 384 907 371 928 364 944 434 882 404 914 402 944 407 967 447 884 422 917 418 943 420 963 457 888 439 914 433 933 434 948 272 1023 305 982 320 948 332 924 341 907 273 922 283 889 298 878 310 877 261 935 277 904 298 897 316 898 258 948 275 924 295 915 313 915 261 959 276 941 291 935 306 934 
507 928 466 941 427 934 399 927 381 926 423 882 385 892 371 910 363 925 436 874 402 898 394 926 394 950 447 877 418 904 410 928 410 947 454 882 433 903 425 921 423 936 279 1011 312 975 327 943 338 922 348 908 281 915 287 882 298 872 309 870 268 926 280 896 297 888 312 888 264 938 278 915 295 907 311 908 265 949 278 932 292 925 306 925 
502 927 459 938 423 927 397 919 380 914 425 875 385 883 373 901 367 918 438 870 401 888 389 914 386 938 449 875 416 894 405 916 402 936 456 882 433 898 423 914 419 930 286 1002 318 962 333 931 349 911 364 898 288 903 293 878 301 870 308 867 278 918 284 895 295 886 306 883 275 934 281 914 292 906 303 902 275 946 282 930 290 923 300 920 
498 928 455 938 421 925 395 916 377 913 424 875 385 879 370 895 362 910 438 869 400 882 383 905 376 927 449 873 415 888 400 907 393 927 455 880 432 893 419 907 412 922 291 990 326 953 343 924 359 905 373 889 295 897 297 874 303 866 309 864 284 911 286 889 295 881 304 878 279 926 281 908 289 899 297 894 278 938 280 924 287 917 293 913 
496 929 454 939 419 928 393 920 374 916 421 876 383 880 367 898 358 914 437 869 400 884 384 906 375 927 448 873 416 890 402 908 394 926 455 880 433 893 420 906 414 921 297 983 331 949 348 922 363 905 376 892 301 896 299 874 303 865 309 862 288 908 289 887 298 880 307 877 282 922 284 904 292 896 299 893 280 933 283 920 290 914 296 912 
494 933 450 942 415 931 389 923 369 919 420 880 382 883 366 899 357 914 435 873 398 885 381 905 371 925 447 877 415 891 400 907 391 923 454 884 431 895 418 907 411 921 303 977 336 949 351 922 364 906 374 893 306 897 300 875 304 865 309 862 293 908 291 888 299 881 307 879 285 921 286 905 293 897 300 896 284 932 285 920 292 915 298 915 
490 936 446 945 411 934 386 926 368 923 417 884 380 887 363 901 351 914 432 877 395 887 378 905 367 923 443 879 411 893 397 908 389 924 450 886 427 897 415 908 407 922 307 970 338 948 353 923 363 907 372 895 310 896 302 874 305 864 310 862 296 906 292 886 300 879 308 879 288 918 288 901 295 894 302 895 286 929 288 917 296 913 302 914 
487 939 443 948 408 937 383 929 364 925 414 886 376 891 361 904 349 915 429 879 393 890 375 907 363 925 441 881 409 894 395 908 386 925 449 888 426 898 413 909 405 923 310 967 340 946 351 922 359 909 362 897 310 892 303 873 306 864 311 862 296 904 294 885 301 878 308 876 289 917 290 902 297 895 304 895 288 929 290 918 298 914 305 916 
482 943 440 952 406 941 381 933 366 929 409 890 372 893 358 905 348 916 424 883 388 893 373 912 364 931 436 885 404 897 390 913 383 930 444 892 421 903 408 914 401 928 313 965 344 946 353 924 358 911 359 901 314 894 307 872 308 863 313 860 299 903 296 882 301 874 308 871 291 914 289 896 295 890 303 890 289 925 291 913 298 908 305 910 
480 945 438 955 405 944 381 937 364 936 406 894 372 895 357 906 347 917 423 886 388 892 371 907 362 923 436 888 405 895 390 908 383 924 445 895 421 901 408 910 400 923 315 963 344 946 353 926 358 915 360 907 314 893 306 873 306 864 309 861 298 903 292 884 296 881 302 881 290 915 288 898 294 896 301 900 288 927 289 916 296 914 303 917 
480 947 436 957 403 946 379 939 362 938 404 896 370 898 355 908 346 918 423 888 388 892 371 906 361 921 438 891 408 895 393 907 385 921 449 898 426 901 412 909 404 921 316 962 345 944 353 924 358 910 359 901 314 895 304 871 305 863 309 862 298 904 288 884 294 881 302 885 290 917 288 902 296 899 303 904 287 929 290 919 296 917 303 920 
478 949 436 960 401 949 378 941 362 939 400 898 367 899 353 910 344 919 419 889 385 893 369 908 361 924 436 891 406 897 392 910 385 925 448 897 425 902 411 910 404 923 317 961 345 943 353 924 356 910 355 902 313 895 302 871 304 861 308 858 297 905 285 883 291 878 299 880 289 918 285 901 293 897 300 901 287 930 287 918 294 915 301 918 
477 950 436 962 403 952 379 943 361 941 399 901 366 900 353 909 343 918 418 891 384 894 368 908 360 924 434 892 404 898 390 910 383 925 446 897 423 901 409 910 402 922 316 961 344 944 351 926 353 914 352 908 313 895 302 870 303 860 307 858 296 903 284 880 290 877 299 880 288 915 283 898 291 895 298 899 286 928 286 916 293 913 299 916 
477 951 438 965 404 955 379 944 360 941 398 905 365 901 351 908 341 917 417 894 384 893 367 905 359 918 433 894 404 896 390 907 383 920 446 898 424 900 410 907 403 918 316 958 344 942 350 924 350 914 348 908 311 893 300 867 303 858 308 858 295 902 283 881 290 878 298 881 287 915 284 899 292 897 299 901 285 928 286 918 293 915 299 919 
476 951 437 966 403 957 379 945 362 942 395 905 363 901 350 908 342 917 415 894 381 892 367 903 361 916 431 893 402 892 389 902 384 914 444 897 422 896 409 902 403 912 315 957 344 938 347 919 347 908 343 902 308 891 297 865 301 857 308 857 293 901 281 880 289 878 296 881 285 913 280 897 289 894 296 898 284 925 284 914 291 911 298 915 
474 951 436 966 403 957 382 944 365 942 397 908 365 899 351 903 343 909 415 895 383 888 369 898 364 909 431 892 403 888 389 896 384 906 443 896 423 892 409 897 402 906 310 957 341 935 345 913 349 902 350 895 303 887 294 866 299 855 306 852 290 897 283 876 290 867 297 862 283 909 279 891 286 881 293 878 283 919 282 903 287 896 294 895 
475 951 437 967 404 957 382 941 364 935 398 908 366 897 350 898 339 901 417 893 384 882 369 889 362 899 433 890 406 881 390 886 382 894 446 894 427 889 412 891 404 898 307 957 333 934 341 909 350 897 358 892 299 888 290 866 294 854 301 850 288 899 283 875 290 864 298 858 284 909 282 890 288 878 295 872 284 918 284 901 289 891 295 887 
478 949 440 965 406 954 385 938 367 930 401 906 368 895 352 895 340 895 418 890 385 876 369 883 362 891 434 886 406 874 390 878 382 885 446 888 427 879 412 880 404 885 303 958 329 927 338 902 349 894 355 892 292 887 280 865 288 852 300 849 283 900 288 878 301 870 313 870 281 912 292 895 306 889 317 890 282 920 292 907 305 902 316 903 
481 948 442 964 409 951 388 932 374 921 404 907 372 893 355 891 343 891 420 889 387 872 371 877 363 885 434 882 406 865 389 868 381 875 446 882 425 869 410 868 401 873 302 961 326 927 333 899 340 887 345 882 285 888 277 863 290 852 305 852 277 902 287 878 304 872 319 874 278 914 296 898 315 893 330 895 282 924 297 910 312 905 324 906 
485 947 447 963 413 950 391 929 375 916 409 907 375 891 357 889 345 890 424 887 390 869 371 870 359 875 438 878 409 858 392 858 382 864 450 877 431 862 417 860 408 864 295 965 317 927 324 897 334 882 338 877 280 887 277 862 291 852 305 854 276 901 289 877 309 874 325 879 279 914 300 898 319 892 335 894 287 926 303 911 318 906 331 907 
489 946 452 961 419 950 394 930 377 916 412 908 376 889 357 886 344 886 426 887 388 868 368 865 355 867 440 877 409 854 390 850 378 855 452 874 434 855 420 851 410 855 291 968 306 931 314 900 325 882 334 879 277 889 282 862 299 853 315 855 278 900 289 874 308 868 324 870 285 912 302 895 318 888 334 889 296 923 309 909 320 904 332 906 
493 944 454 960 423 949 400 930 382 919 412 908 377 887 357 880 342 876 428 888 390 865 368 858 353 855 444 878 414 852 394 842 378 840 458 875 442 852 429 841 418 836 285 972 299 934 309 901 322 882 335 881 278 887 288 862 306 856 322 861 283 899 305 880 323 881 336 889 292 913 314 899 329 898 340 902 303 926 318 914 327 913 334 917 
494 943 457 958 425 947 400 930 385 920 414 910 376 888 354 878 338 872 429 889 389 865 366 854 348 847 444 877 412 851 392 839 375 832 459 872 444 848 432 833 422 821 284 979 289 939 297 905 313 884 328 881 273 892 291 865 311 861 324 867 286 903 306 882 321 884 331 893 300 917 318 900 328 900 334 908 313 930 327 916 332 915 335 922 
497 941 458 956 423 947 394 931 374 924 414 911 371 890 348 880 330 873 428 889 386 865 363 855 344 848 444 876 411 850 389 837 372 829 459 870 446 844 434 828 424 815 280 990 286 944 295 909 311 890 327 886 275 896 296 873 314 872 326 880 289 909 312 890 327 893 334 900 303 924 324 910 334 911 337 917 316 941 333 928 336 928 335 935 
500 941 463 957 431 951 405 939 387 933 415 916 375 897 351 887 333 878 427 892 385 869 359 856 339 846 442 877 409 852 386 837 369 827 458 870 445 843 434 825 425 810 278 996 282 951 290 913 308 894 323 888 273 902 297 879 318 877 330 883 286 915 308 892 325 892 336 895 300 929 318 911 329 912 336 915 314 945 328 929 333 930 335 935 
502 941 464 959 431 952 404 941 385 937 417 919 375 903 349 894 330 888 428 896 387 874 361 863 342 856 442 880 409 856 386 843 369 836 457 872 444 844 433 826 422 812 277 1007 280 962 288 921 306 900 322 898 277 913 297 890 317 887 330 891 291 928 309 907 323 904 334 905 304 944 320 929 329 927 335 927 318 962 329 948 331 947 332 950 
502 942 465 962 431 955 402 944 380 940 417 923 372 907 347 899 329 895 428 899 387 878 364 871 348 870 443 883 409 859 386 850 370 848 457 874 443 845 430 828 419 815 270 1020 288 977 296 935 306 910 319 897 273 929 294 906 316 898 332 896 275 941 295 918 314 910 330 906 283 954 299 935 316 926 330 922 296 970 311 953 321 947 329 946 
502 943 464 964 429 958 400 945 381 937 419 929 372 910 347 900 329 894 430 902 384 881 363 877 352 879 443 884 405 861 383 856 370 858 457 874 441 846 426 832 412 823 269 1026 286 983 291 941 302 915 314 894 275 935 296 914 314 905 324 904 278 948 298 929 313 923 324 920 285 963 304 948 318 943 327 941 298 978 314 965 323 963 328 964 
502 945 461 965 424 960 393 947 372 939 418 933 373 912 351 903 336 899 430 906 383 884 366 884 362 891 444 887 403 864 382 863 372 870 457 876 440 847 422 835 406 830 274 1032 283 990 289 950 299 923 305 898 275 941 292 917 307 904 316 899 283 955 301 933 315 923 327 915 293 969 309 951 322 942 331 936 307 983 320 967 327 962 331 960 
503 947 464 967 427 963 398 949 378 939 420 934 374 912 352 903 338 899 431 906 383 883 366 885 363 894 445 887 402 863 384 866 379 875 459 877 440 847 420 839 405 838 271 1044 298 1004 303 962 301 932 298 902 288 956 297 929 303 913 304 903 276 967 289 944 297 931 305 921 271 978 284 957 294 944 302 935 270 987 281 966 289 957 297 952 
504 949 464 967 427 962 397 948 376 938 422 935 375 912 354 903 339 900 433 907 383 884 369 889 367 898 447 888 402 865 386 870 383 880 460 878 440 849 421 841 405 841 274 1046 312 1002 320 965 321 943 318 924 291 948 312 937 329 938 337 940 278 960 301 949 317 950 326 953 272 975 294 962 310 964 319 966 273 989 289 977 301 975 310 976 
505 952 464 970 427 966 397 956 377 951 420 935 375 911 356 902 344 899 432 907 384 885 371 890 369 898 446 889 404 866 389 871 387 881 460 879 441 849 422 842 408 842 284 1050 308 1008 320 972 327 949 327 928 292 952 310 930 329 920 343 917 294 967 313 948 332 942 349 939 299 983 317 968 334 963 349 959 305 998 320 985 331 981 342 978 
506 955 465 973 428 968 399 954 378 945 419 937 375 913 357 906 345 904 432 908 384 888 372 894 372 903 447 890 403 868 390 875 388 886 461 880 442 850 422 844 406 845 284 1054 314 1024 333 989 351 966 366 947 296 954 317 926 339 920 355 922 291 966 315 942 338 937 359 938 291 979 314 960 335 954 355 953 293 993 313 977 328 971 343 969 
506 958 466 976 426 973 396 960 376 951 420 941 374 919 356 913 345 910 432 913 384 895 373 903 374 911 447 895 401 874 389 883 389 895 461 884 440 853 420 846 406 847 291 1056 317 1027 336 993 357 967 376 946 297 955 327 927 354 929 371 935 296 962 325 938 351 937 372 942 298 973 324 953 346 949 367 951 303 985 323 967 341 961 358 961 
510 961 470 981 431 977 402 964 382 954 421 944 375 923 356 916 344 913 433 916 384 898 371 905 371 912 447 897 401 877 388 885 387 896 462 886 441 856 420 848 404 846 294 1061 317 1032 334 998 353 969 371 946 298 962 323 933 348 930 366 932 299 968 323 943 348 937 369 938 302 978 325 957 345 950 365 948 308 989 326 969 342 960 358 956 
510 964 469 984 431 979 399 967 378 960 421 947 374 926 355 918 344 915 433 919 383 901 371 907 372 915 448 900 402 878 386 884 383 894 463 890 443 860 423 849 407 845 296 1064 319 1032 335 998 352 970 369 948 294 967 320 936 347 933 366 938 296 974 321 946 346 940 368 942 302 984 323 960 344 953 364 951 310 995 327 973 343 965 359 962 
511 966 472 989 434 988 401 981 376 981 420 951 372 930 352 921 340 917 433 923 383 905 368 907 365 913 449 904 403 881 385 881 377 888 464 893 445 864 427 850 410 843 298 1069 317 1036 333 1002 349 974 366 953 292 970 320 941 347 938 365 941 298 976 323 950 347 943 368 942 306 986 327 963 347 955 366 953 316 997 332 975 346 967 361 962 
512 971 474 996 434 994 400 985 376 988 419 956 370 935 345 925 328 921 432 928 382 909 362 908 353 914 448 909 402 886 381 884 371 889 464 899 446 869 428 853 412 845 297 1073 317 1039 332 1004 349 976 365 956 290 974 318 944 343 941 361 945 296 981 320 953 345 946 366 947 304 991 325 967 345 959 364 958 315 1001 331 980 346 972 361 968 
516 978 478 1003 438 999 404 991 378 992 421 965 372 943 346 932 327 926 433 936 384 913 362 909 352 913 448 917 404 891 383 887 371 892 464 906 445 875 428 859 411 850 299 1080 316 1048 331 1013 348 984 364 964 289 979 317 948 344 944 364 947 298 985 324 957 349 949 370 946 309 994 331 970 351 960 370 955 322 1004 339 981 354 971 369 965 
514 984 475 1009 435 1006 401 998 375 999 421 973 369 952 343 942 325 936 433 945 381 921 361 922 356 930 448 924 401 898 380 898 371 907 463 912 444 881 424 867 407 860 302 1083 319 1051 334 1014 351 984 365 965 295 982 319 950 344 938 364 932 304 989 328 961 351 950 371 942 315 999 335 976 354 964 374 956 326 1009 342 987 356 977 371 969 
517 991 476 1014 437 1010 402 1001 376 1001 424 980 373 957 347 947 330 943 437 951 384 927 363 928 356 936 451 931 404 905 381 906 371 915 466 918 444 887 423 873 404 867 303 1087 320 1055 338 1018 357 988 372 967 299 984 329 954 356 948 377 950 308 993 336 969 362 962 384 959 318 1005 343 987 365 980 385 976 329 1016 348 999 365 993 381 991 
520 994 479 1017 440 1011 407 998 385 991 430 983 377 960 352 950 334 946 442 953 388 930 369 931 363 940 456 932 408 906 386 907 377 918 470 919 451 887 429 874 411 869 307 1090 322 1061 340 1024 362 994 377 973 303 985 337 957 368 955 391 959 316 993 348 972 376 968 400 966 330 1005 358 990 381 986 401 984 342 1016 365 1003 383 999 400 998 
525 995 483 1017 444 1012 410 999 386 994 436 984 383 963 358 954 342 950 447 953 392 933 378 941 379 952 461 932 411 907 390 915 382 928 474 920 453 887 430 875 411 871 309 1096 323 1064 344 1027 368 999 386 978 310 990 340 962 369 955 392 957 324 1000 355 977 381 970 404 966 337 1013 365 997 385 990 404 986 349 1026 370 1011 385 1005 399 1002 
528 998 486 1019 444 1012 409 997 381 991 440 984 387 963 362 957 345 954 452 953 395 935 384 946 387 957 465 933 413 910 395 921 390 934 478 921 452 888 428 878 409 876 307 1102 329 1070 352 1035 375 1006 395 985 310 993 346 964 376 960 400 962 315 1004 351 985 381 980 407 980 323 1019 356 1006 379 1001 401 1001 331 1032 356 1021 375 1016 394 1015 
531 998 490 1021 449 1014 415 998 389 991 444 985 390 965 364 959 347 956 454 954 397 936 385 947 387 956 467 933 414 912 398 924 396 937 480 921 454 889 431 880 412 877 310 1104 330 1074 353 1040 378 1010 400 987 312 994 351 965 383 962 405 964 319 1005 355 983 386 977 411 977 327 1019 359 1003 384 997 407 996 335 1033 359 1018 379 1012 398 1009 
533 999 492 1021 449 1015 414 999 389 991 446 986 392 967 367 961 349 959 457 955 398 937 386 948 388 958 469 933 415 913 398 924 395 936 481 922 455 892 432 884 414 881 311 1104 333 1076 353 1042 376 1013 395 988 314 998 349 965 381 958 404 959 319 1005 353 977 383 968 407 965 326 1015 356 992 380 983 402 979 335 1026 358 1004 378 994 397 989 
535 1001 494 1023 451 1017 416 1003 392 995 447 990 390 969 363 962 344 958 457 959 397 938 385 947 386 956 471 937 415 916 399 926 397 937 483 925 451 898 427 893 409 894 315 1104 332 1077 351 1043 374 1014 396 991 313 998 349 967 381 959 405 957 322 1003 356 976 384 966 408 961 333 1011 361 988 385 978 406 972 344 1021 367 998 386 988 404 981 
535 1006 494 1028 451 1022 416 1011 390 1006 444 996 388 973 360 963 341 958 455 965 396 943 376 946 370 953 468 943 415 920 395 925 388 935 481 929 448 903 424 898 407 901 321 1108 333 1079 350 1044 372 1014 392 993 309 1004 344 971 376 965 400 967 324 1008 356 980 385 972 409 966 340 1016 367 993 390 984 411 979 354 1026 375 1005 393 996 411 992 
536 1013 493 1035 452 1027 418 1015 392 1011 442 999 387 975 360 963 341 956 453 969 396 945 372 945 362 952 467 948 416 924 394 927 384 935 480 935 449 909 425 903 407 904 321 1110 333 1079 348 1043 369 1013 390 994 308 1005 338 974 367 974 386 981 323 1011 352 985 378 981 399 979 338 1022 362 1001 383 994 402 991 352 1032 370 1014 386 1007 402 1005 
539 1018 495 1041 455 1033 422 1018 397 1011 444 1006 391 979 365 966 346 958 455 976 400 948 376 947 366 953 469 955 419 928 398 930 390 939 482 942 450 915 427 909 410 911 319 1108 336 1077 351 1040 371 1010 389 989 305 1006 337 974 363 975 380 982 316 1012 344 985 370 982 390 983 329 1022 353 1002 375 997 393 996 342 1032 359 1015 376 1010 392 1010 
541 1023 495 1043 451 1035 415 1018 388 1010 448 1011 394 982 366 967 345 957 460 980 405 948 379 945 367 951 474 958 425 928 402 928 393 937 488 946 452 918 430 914 415 918 323 1107 337 1079 351 1043 372 1013 391 993 306 1004 340 973 370 969 390 975 319 1008 349 982 376 977 398 975 335 1018 359 996 381 990 401 988 349 1027 368 1009 385 1002 403 1000 
542 1024 498 1044 455 1035 423 1017 400 1006 451 1010 397 983 366 971 345 963 464 979 406 950 383 951 375 959 478 959 428 927 406 930 399 940 493 948 455 918 434 916 421 922 326 1110 339 1082 354 1045 376 1017 398 999 313 1007 345 978 376 973 399 977 326 1012 356 987 384 980 407 977 342 1021 368 1001 390 994 410 991 356 1031 377 1013 393 1007 410 1005 
548 1024 502 1045 461 1037 431 1018 411 1007 461 1013 409 987 383 977 365 972 472 981 415 952 400 958 402 969 484 959 434 928 416 935 413 947 496 947 459 918 440 920 432 928 329 1114 344 1084 362 1047 387 1020 408 1000 319 1009 355 980 386 975 410 977 331 1016 364 992 392 986 416 985 344 1027 373 1006 396 999 416 997 357 1038 380 1017 397 1010 414 1007 
549 1022 506 1044 462 1038 428 1021 402 1012 466 1009 413 986 388 980 372 978 477 978 416 953 402 964 406 975 488 956 433 930 419 943 421 955 498 944 456 918 438 924 434 934 330 1118 349 1090 368 1055 391 1030 413 1011 325 1013 357 983 387 972 410 969 330 1020 361 994 389 985 414 981 339 1030 368 1009 391 999 412 994 349 1042 373 1021 391 1011 409 1005 
552 1021 512 1045 470 1040 437 1023 414 1012 469 1007 416 987 391 983 374 980 479 975 419 955 410 969 417 980 489 954 434 932 423 947 428 960 498 943 458 918 441 925 437 934 333 1124 352 1095 370 1060 393 1033 416 1013 331 1017 364 988 395 979 418 978 337 1024 370 998 399 989 423 985 347 1035 377 1012 401 1003 422 997 358 1047 383 1025 402 1015 419 1009 
555 1024 514 1046 473 1042 440 1028 415 1019 472 1009 421 991 397 986 382 984 481 979 421 959 411 971 418 982 492 958 438 934 427 947 430 959 502 947 464 923 447 930 444 941 335 1126 356 1096 376 1061 398 1033 417 1012 333 1020 368 992 399 986 422 986 339 1028 374 1004 403 997 427 994 348 1039 379 1019 402 1011 424 1007 358 1052 383 1032 402 1023 420 1019 
556 1025 515 1048 471 1043 436 1026 410 1015 474 1012 419 992 395 987 380 985 483 982 423 961 410 972 414 983 494 961 440 938 428 951 431 963 504 949 465 927 449 935 446 946 340 1129 359 1099 377 1064 397 1034 415 1012 332 1027 365 995 395 993 417 997 340 1032 372 1005 400 1000 424 997 350 1041 378 1020 401 1011 422 1008 361 1051 382 1030 401 1022 419 1018 
559 1029 519 1052 478 1047 446 1031 422 1023 473 1016 420 995 394 988 377 983 484 986 426 962 411 972 412 982 496 965 446 938 430 950 430 962 508 954 472 930 453 936 448 946 344 1129 362 1100 377 1064 396 1034 415 1013 331 1027 364 997 394 993 415 996 338 1032 371 1008 400 1002 423 998 349 1042 378 1022 401 1013 423 1009 360 1052 382 1033 401 1025 420 1022 
559 1035 519 1058 478 1050 446 1035 422 1031 470 1021 419 997 393 987 377 982 482 992 427 965 404 968 396 975 495 971 448 943 428 948 421 959 508 960 475 933 456 936 447 945 345 1130 362 1100 377 1064 395 1036 413 1015 331 1028 364 998 393 993 413 995 339 1035 372 1010 399 1002 421 997 349 1045 378 1025 400 1014 421 1008 360 1056 381 1036 399 1028 416 1023 
561 1040 521 1063 481 1054 447 1039 420 1035 473 1027 422 1001 396 992 380 988 485 998 429 969 407 970 401 978 497 977 451 947 430 951 423 962 510 967 477 939 458 940 449 949 343 1131 362 1100 378 1063 399 1035 418 1016 333 1030 363 1000 391 995 410 997 341 1036 373 1012 399 1004 421 999 352 1047 380 1027 402 1017 423 1012 364 1058 385 1040 402 1031 419 1027 
563 1041 522 1064 482 1056 448 1039 421 1030 478 1028 424 1004 400 997 385 994 489 999 430 970 412 976 409 986 500 978 452 949 433 958 429 969 513 968 478 941 460 945 453 955 346 1134 367 1100 385 1062 407 1034 425 1017 338 1031 369 1003 398 1000 416 1002 343 1041 373 1017 401 1011 423 1009 351 1053 377 1035 400 1026 420 1023 360 1066 381 1050 397 1042 414 1038 
567 1042 528 1065 490 1058 457 1042 433 1035 484 1027 432 1006 409 1003 395 1003 493 997 435 976 421 987 423 998 504 976 454 952 438 965 438 977 516 966 479 942 462 950 458 961 347 1136 371 1108 391 1072 415 1046 438 1028 349 1032 382 1002 410 989 432 985 353 1041 389 1015 417 1005 441 999 361 1053 396 1033 420 1023 443 1017 371 1067 399 1048 418 1040 438 1035 
570 1041 533 1065 496 1059 465 1042 443 1032 488 1022 434 1006 410 1006 396 1006 496 992 437 977 430 991 439 1001 506 974 453 953 444 968 449 979 515 965 479 943 465 952 464 962 350 1140 378 1112 400 1076 422 1051 443 1032 356 1034 383 1000 410 984 430 976 358 1042 385 1010 411 998 434 989 363 1053 387 1026 408 1013 430 1005 370 1065 390 1040 406 1027 423 1018 
571 1041 532 1065 494 1057 462 1041 440 1032 488 1019 435 1005 412 1007 399 1007 496 990 438 977 431 992 438 1000 506 973 453 953 444 968 449 979 515 966 479 946 465 955 464 965 354 1150 387 1118 408 1081 426 1056 444 1037 362 1038 383 1002 406 983 423 973 356 1049 377 1011 399 995 419 983 357 1060 375 1028 392 1010 411 999 361 1073 376 1044 388 1029 403 1018 
572 1040 534 1064 494 1058 460 1043 437 1035 487 1017 433 1003 408 1004 393 1005 496 988 439 975 432 991 438 999 505 970 453 950 444 967 449 978 514 964 478 946 464 955 464 964 355 1159 391 1122 414 1085 433 1061 456 1044 362 1045 384 1010 408 991 426 983 355 1056 377 1019 400 1002 420 991 355 1068 375 1037 393 1020 412 1010 359 1081 375 1056 388 1042 404 1032 
575 1039 537 1064 497 1059 464 1046 440 1040 485 1016 432 1001 409 1001 395 1001 494 988 439 974 432 990 438 1000 505 971 455 951 447 967 452 978 515 964 480 947 467 956 468 965 355 1158 391 1125 414 1088 435 1063 460 1050 364 1043 390 1008 416 993 437 985 352 1053 384 1024 413 1013 439 1008 349 1067 381 1047 407 1039 432 1036 351 1081 376 1063 396 1055 415 1053 
575 1039 536 1063 497 1060 464 1047 438 1042 482 1017 432 999 415 1002 408 1006 491 989 440 976 433 990 436 999 502 972 455 956 445 970 448 980 512 965 478 949 465 956 463 964 355 1159 394 1126 417 1089 439 1066 463 1052 363 1050 382 1011 402 994 418 986 348 1057 367 1015 387 997 406 987 343 1069 363 1034 381 1016 400 1007 347 1081 363 1054 378 1041 394 1034 
571 1038 532 1062 493 1058 461 1046 436 1039 476 1017 429 998 409 998 398 1001 486 989 437 979 419 985 410 992 499 972 455 960 437 967 430 974 511 965 477 951 460 955 452 962 353 1160 391 1128 414 1092 437 1067 458 1051 362 1053 378 1015 394 997 404 986 347 1061 361 1021 377 1002 392 990 341 1071 354 1040 368 1023 382 1014 342 1082 353 1057 364 1045 376 1038 
573 1038 533 1063 494 1063 462 1057 438 1055 475 1020 430 1000 413 1000 403 1004 486 992 440 981 423 989 416 998 501 976 459 965 445 973 439 983 515 969 483 956 467 960 460 965 352 1161 391 1129 413 1094 434 1071 456 1055 361 1052 376 1015 388 996 397 984 346 1061 360 1023 375 1005 388 993 340 1071 354 1042 368 1025 381 1017 341 1083 353 1059 364 1047 376 1041 
571 1038 531 1062 493 1060 460 1052 437 1050 473 1019 426 999 421 1008 427 1018 485 992 442 984 441 999 448 1008 501 976 461 969 458 983 464 992 516 969 484 960 476 969 479 977 352 1162 390 1130 413 1095 435 1071 457 1055 361 1053 377 1016 390 997 399 985 347 1061 363 1024 380 1005 394 993 341 1072 357 1043 373 1028 388 1021 341 1083 355 1061 369 1050 382 1045 
570 1037 531 1063 495 1060 466 1048 446 1044 473 1019 429 1000 428 1010 438 1018 485 993 445 985 448 1000 458 1007 501 977 464 972 464 985 473 993 515 970 484 963 482 973 490 980 355 1162 392 1130 413 1094 434 1068 456 1049 364 1053 381 1016 394 997 403 984 350 1060 367 1022 384 1003 397 989 345 1069 360 1041 376 1025 391 1018 345 1080 358 1058 370 1046 383 1039 
570 1037 534 1064 500 1064 474 1053 460 1050 473 1018 433 1000 437 1014 450 1023 485 993 447 986 452 1001 463 1007 500 978 465 972 467 986 477 993 514 971 484 964 483 975 493 981 357 1158 395 1129 415 1093 433 1063 452 1042 369 1053 387 1015 401 996 411 982 353 1059 370 1019 385 1000 398 988 345 1068 359 1038 374 1022 388 1013 345 1079 354 1056 366 1042 378 1036 
569 1038 533 1064 501 1060 481 1042 472 1030 471 1018 438 1001 447 1014 462 1022 483 993 453 986 459 998 471 1004 499 978 470 972 473 983 484 990 515 971 490 963 490 971 500 976 359 1156 398 1130 416 1092 430 1060 446 1037 371 1057 389 1016 404 997 413 984 356 1060 370 1018 385 998 397 985 349 1068 361 1034 376 1017 389 1007 350 1077 357 1051 367 1037 377 1029 
567 1040 530 1062 500 1057 479 1039 470 1026 472 1018 443 1002 448 1013 460 1021 483 995 456 990 461 1003 472 1009 498 981 470 977 472 989 482 996 513 974 488 968 486 977 494 983 363 1151 401 1128 417 1092 428 1060 440 1035 376 1058 394 1016 410 996 422 982 360 1059 375 1014 391 994 405 982 354 1065 366 1028 381 1009 396 997 356 1074 366 1046 378 1031 391 1023 
565 1041 529 1062 500 1056 481 1038 471 1026 471 1018 447 1003 452 1013 462 1020 483 996 459 987 463 999 474 1006 499 983 474 974 476 985 486 993 516 976 494 967 493 975 500 982 364 1149 403 1127 419 1092 428 1058 437 1033 378 1060 397 1017 413 996 426 982 363 1060 378 1015 394 995 409 983 358 1066 372 1029 387 1010 403 999 360 1074 374 1048 388 1034 403 1025 
562 1041 527 1061 499 1055 480 1038 470 1026 471 1020 451 1004 457 1011 466 1018 483 997 459 984 465 994 474 1001 499 983 474 970 477 979 485 986 516 975 496 964 494 968 500 974 365 1150 403 1131 420 1095 429 1062 438 1035 381 1060 400 1017 416 996 429 982 366 1060 379 1015 397 995 413 984 361 1066 373 1028 388 1010 405 998 363 1074 375 1047 388 1031 403 1022 
557 1040 524 1060 497 1051 481 1032 475 1017 471 1018 456 1006 463 1010 473 1015 483 996 459 977 465 985 475 994 499 981 476 963 479 971 486 979 518 974 501 960 500 967 505 974 365 1152 404 1133 423 1097 432 1062 441 1034 383 1063 400 1018 417 996 432 982 368 1061 381 1014 399 993 416 980 363 1066 376 1026 392 1006 409 993 366 1073 380 1045 394 1029 411 1019 
557 1040 525 1060 500 1052 487 1035 484 1021 472 1017 458 1008 467 1013 477 1017 484 995 458 976 464 985 475 993 501 980 477 962 480 971 487 979 520 975 503 959 500 966 503 976 368 1151 406 1134 424 1099 433 1064 442 1035 385 1063 404 1018 421 997 436 982 371 1060 384 1013 402 992 418 979 366 1063 378 1021 393 1001 410 988 369 1069 381 1036 394 1019 409 1008 
557 1040 525 1061 500 1053 484 1036 478 1022 472 1017 457 1010 465 1015 474 1019 484 995 458 977 461 985 471 993 501 981 476 962 475 969 479 976 520 976 502 959 495 963 493 970 368 1150 406 1135 425 1099 434 1063 443 1033 388 1062 407 1017 425 995 440 981 373 1059 389 1011 408 990 426 977 369 1062 383 1020 400 999 418 985 372 1068 385 1033 399 1015 415 1002 
556 1039 519 1057 490 1047 469 1028 458 1013 473 1016 454 1007 458 1011 466 1015 485 995 458 978 460 985 466 992 501 982 477 966 474 972 477 979 519 975 502 964 497 968 497 975 368 1152 407 1137 426 1099 436 1061 446 1033 389 1062 409 1018 427 996 442 981 374 1059 392 1012 411 990 429 977 369 1063 384 1022 402 1002 421 988 372 1071 385 1038 400 1021 416 1009 
554 1039 521 1058 495 1050 478 1034 471 1020 472 1019 454 1011 458 1012 466 1014 484 998 459 981 462 986 471 994 500 984 480 971 481 977 487 984 519 978 505 970 503 977 508 985 368 1153 408 1136 427 1097 437 1060 447 1031 389 1061 411 1016 428 996 442 983 374 1058 390 1011 409 991 426 981 368 1063 383 1021 400 1003 418 993 371 1071 384 1039 399 1023 415 1013 
553 1041 518 1057 493 1046 477 1028 472 1012 471 1017 458 1006 463 1010 472 1014 484 998 463 981 468 988 476 995 501 985 483 972 485 980 492 987 520 979 507 970 507 977 512 985 369 1153 409 1137 428 1098 438 1061 448 1033 390 1061 412 1016 430 995 444 982 373 1058 390 1009 409 989 427 979 366 1063 379 1019 396 1000 414 989 367 1070 378 1035 391 1018 406 1006 
552 1041 520 1057 495 1048 481 1030 478 1015 474 1015 463 1008 470 1012 478 1016 487 996 467 981 471 988 480 995 504 983 487 973 489 981 495 988 522 978 511 970 510 976 514 984 368 1154 409 1136 427 1098 437 1061 448 1032 389 1061 410 1017 429 996 444 983 372 1058 388 1009 408 989 427 980 366 1063 377 1019 395 1000 413 988 367 1070 377 1034 391 1015 406 1003 
552 1042 518 1055 493 1044 481 1026 480 1010 476 1013 466 1005 472 1010 480 1015 489 995 471 982 476 990 485 997 506 983 491 973 494 981 500 988 524 978 514 966 514 972 517 979 368 1153 409 1136 427 1098 437 1061 448 1031 389 1060 411 1016 430 997 446 985 373 1057 390 1008 412 990 431 982 367 1061 380 1017 399 999 419 989 369 1068 380 1032 395 1014 411 1003 
554 1040 520 1054 495 1044 484 1027 485 1012 481 1011 469 1006 475 1014 482 1018 493 993 475 983 479 993 489 1000 509 981 493 976 496 985 504 992 526 976 515 970 515 979 520 986 368 1151 409 1135 427 1098 437 1060 448 1031 390 1059 413 1014 433 995 450 984 374 1055 393 1006 416 988 436 981 368 1060 382 1015 402 998 422 988 370 1067 382 1031 397 1013 414 1003 
552 1041 516 1055 491 1043 480 1024 481 1007 478 1012 470 1008 477 1014 486 1018 491 994 477 985 482 993 492 1001 507 983 494 977 498 985 506 993 524 977 515 973 517 981 522 988 369 1154 409 1135 428 1096 438 1060 449 1031 391 1059 413 1015 431 995 445 983 374 1056 389 1008 409 989 426 981 368 1062 379 1019 396 1001 413 991 370 1069 380 1034 393 1017 408 1006 
553 1039 519 1047 495 1035 487 1020 485 1008 484 1005 474 1005 480 1015 488 1020 493 992 480 988 484 999 494 1008 506 984 493 984 497 995 505 1002 520 982 511 985 513 994 519 1000 369 1152 410 1135 429 1096 439 1060 449 1030 392 1057 414 1013 433 995 448 984 375 1055 391 1007 412 990 429 984 368 1059 380 1017 397 1001 414 991 370 1067 380 1031 392 1014 407 1004 
548 1041 516 1052 493 1041 485 1025 486 1012 477 1015 469 1007 476 1012 484 1017 487 998 479 990 484 997 493 1004 504 987 495 981 499 989 507 996 522 980 516 977 517 985 522 993 369 1153 409 1134 429 1096 439 1060 450 1031 391 1058 414 1015 432 996 446 983 375 1057 392 1009 411 991 428 983 368 1063 382 1021 398 1003 415 993 370 1072 382 1038 395 1021 410 1011 
546 1041 513 1055 489 1046 479 1028 479 1014 475 1017 467 1003 474 1006 481 1011 487 1001 478 987 485 992 493 999 503 989 496 980 503 987 510 994 521 982 516 976 520 983 526 991 369 1153 409 1134 428 1096 439 1060 450 1030 392 1059 414 1015 433 996 448 984 376 1058 391 1010 410 991 428 982 369 1063 381 1023 398 1005 416 994 371 1072 383 1041 396 1024 411 1015 
548 1041 514 1057 490 1048 481 1030 481 1015 473 1019 466 1011 473 1014 479 1018 486 1003 477 991 483 995 491 1002 503 991 495 982 501 988 508 996 521 984 515 980 517 986 523 993 370 1152 409 1134 427 1096 439 1059 449 1028 392 1059 414 1013 432 995 447 984 375 1057 391 1008 411 990 429 984 369 1063 382 1021 399 1004 417 996 371 1072 383 1040 398 1026 414 1018 
548 1040 516 1058 491 1051 479 1033 476 1019 475 1019 468 1015 474 1020 481 1024 487 1003 477 994 483 1000 491 1006 503 991 494 985 499 992 507 999 521 985 515 983 517 991 522 997 369 1154 408 1132 427 1095 438 1060 449 1029 390 1058 412 1015 430 996 443 983 374 1058 392 1012 409 993 425 984 368 1065 383 1026 398 1008 414 998 370 1074 383 1046 396 1032 411 1024 
550 1041 520 1061 496 1056 485 1040 483 1028 479 1018 471 1020 474 1029 481 1036 490 1001 480 1000 483 1008 489 1015 505 990 496 990 498 998 505 1004 522 986 516 987 516 993 520 1001 367 1156 406 1133 424 1095 433 1059 443 1029 385 1062 406 1017 424 998 439 986 369 1063 385 1016 403 997 420 988 364 1070 380 1032 397 1014 414 1003 368 1080 384 1055 400 1042 417 1035 
551 1038 527 1064 502 1065 489 1050 488 1037 472 1029 469 1027 477 1028 484 1030 483 1008 477 1005 484 1009 492 1013 499 995 496 994 502 1000 511 1005 518 987 517 989 521 995 527 1001 364 1152 402 1132 419 1095 429 1059 439 1030 379 1059 402 1017 421 1000 436 989 365 1058 384 1015 402 998 420 989 361 1063 378 1025 395 1009 413 999 364 1072 379 1041 395 1026 411 1017 
552 1034 532 1062 505 1064 491 1051 488 1038 475 1027 467 1029 472 1035 478 1038 485 1006 473 1008 476 1016 483 1022 499 993 489 994 490 1003 497 1009 517 985 508 987 508 995 512 1002 359 1152 397 1130 413 1092 423 1057 433 1027 375 1057 398 1015 417 1000 432 990 362 1058 382 1016 401 999 418 990 358 1065 379 1029 396 1013 414 1004 362 1075 380 1048 396 1035 413 1029 
552 1030 530 1061 503 1065 487 1054 480 1043 471 1028 463 1029 471 1035 478 1039 480 1006 471 1010 476 1019 485 1023 494 992 483 995 486 1005 494 1009 509 983 500 986 500 996 506 1001 353 1149 391 1127 407 1089 417 1053 426 1022 368 1052 393 1010 414 996 431 987 356 1053 382 1014 404 1000 424 994 353 1060 379 1027 400 1016 420 1011 356 1069 377 1043 395 1033 413 1028 
550 1025 528 1054 501 1060 485 1049 482 1036 471 1024 460 1024 462 1030 468 1035 480 1003 467 1005 469 1015 477 1020 495 988 480 990 481 1000 489 1006 511 978 499 980 498 991 504 997 348 1146 384 1122 399 1083 409 1046 419 1018 359 1049 386 1008 407 994 424 985 349 1050 380 1016 404 1006 425 1000 348 1057 377 1030 399 1021 420 1018 351 1065 373 1044 392 1036 410 1033 
546 1017 525 1050 495 1058 477 1047 473 1032 461 1019 455 1026 464 1034 473 1036 472 997 462 1006 468 1017 478 1019 488 982 477 990 480 1001 490 1004 505 972 495 979 496 990 504 994 342 1140 377 1114 390 1072 400 1037 413 1011 350 1043 378 1002 400 988 417 981 341 1048 372 1014 397 1005 418 1002 340 1056 370 1031 393 1022 413 1020 345 1066 368 1047 387 1040 405 1039 
540 1008 520 1043 488 1054 470 1051 469 1041 454 1011 442 1017 446 1027 455 1035 464 989 451 998 454 1010 462 1017 479 975 464 983 464 996 471 1002 494 967 480 975 478 986 483 992 336 1135 369 1106 381 1066 390 1030 403 1005 340 1040 368 998 390 984 408 975 333 1044 366 1010 393 1001 417 996 334 1052 366 1028 389 1018 411 1016 339 1061 363 1044 383 1037 402 1037 
539 1000 515 1033 480 1044 457 1045 452 1039 445 1003 435 1019 443 1034 453 1043 455 980 447 999 453 1015 464 1023 472 966 462 980 465 994 476 1001 489 958 478 971 479 983 487 990 332 1127 361 1098 372 1060 379 1026 389 1003 333 1031 359 992 380 977 397 968 329 1037 359 1005 385 998 408 996 332 1045 360 1023 383 1015 404 1014 337 1055 359 1039 378 1033 397 1032 
539 993 511 1025 473 1032 447 1032 431 1032 446 985 430 1008 438 1025 448 1032 457 965 444 990 452 1007 462 1013 472 954 458 976 463 991 473 997 486 949 472 968 475 981 484 987 326 1118 353 1089 362 1048 370 1014 379 989 323 1023 349 981 372 967 391 959 322 1029 352 994 379 986 403 983 328 1039 357 1015 381 1007 402 1006 335 1049 357 1035 376 1029 395 1030 
536 988 505 1019 466 1021 439 1021 419 1027 445 970 420 987 421 1008 429 1021 458 950 437 972 439 994 446 1006 475 942 453 961 452 980 460 992 490 941 471 957 468 972 472 983 321 1113 346 1081 355 1042 360 1007 364 982 316 1016 342 975 363 960 381 950 316 1023 346 993 373 989 396 991 321 1032 351 1013 375 1011 395 1015 327 1042 349 1030 368 1028 387 1030 
535 982 499 1010 460 1009 431 1006 410 1008 445 956 415 972 413 993 418 1007 460 938 434 958 433 981 439 996 477 932 453 950 450 969 457 983 492 930 471 945 467 960 470 973 315 1108 339 1071 348 1031 352 997 355 971 310 1008 335 969 356 955 374 946 309 1018 338 989 365 983 388 983 313 1030 343 1014 366 1013 386 1017 319 1041 340 1032 360 1030 378 1033 
534 976 495 998 456 997 429 992 409 991 445 943 413 955 409 973 410 988 459 926 430 943 426 964 429 981 475 921 450 936 444 953 446 969 489 921 468 933 460 946 461 960 310 1102 333 1062 340 1022 343 988 349 965 302 1002 325 963 345 949 363 940 302 1012 326 979 350 967 373 962 308 1024 330 998 351 988 372 985 315 1034 331 1017 348 1010 366 1007 
529 971 488 992 452 988 425 980 405 977 440 933 410 942 404 960 403 975 457 917 427 931 420 951 420 968 474 914 448 927 439 943 440 959 488 916 467 926 458 938 456 951 310 1094 327 1052 334 1012 338 980 345 958 300 994 320 956 340 942 357 933 304 1004 325 972 348 960 370 955 311 1015 329 989 348 978 368 974 319 1025 332 1007 346 998 362 994 
525 969 486 988 449 981 424 972 405 971 437 928 408 935 403 951 404 966 453 913 425 923 419 942 420 958 470 909 445 920 438 935 439 950 484 911 464 918 456 929 456 942 306 1089 326 1047 333 1008 336 977 338 955 295 992 313 954 332 940 347 932 298 1002 313 969 334 956 352 950 304 1013 320 988 337 977 354 973 312 1023 324 1006 337 998 352 993 
522 965 483 983 448 977 424 970 405 968 434 926 405 931 400 946 401 959 450 910 421 919 416 938 418 952 467 907 442 915 435 931 436 944 482 909 462 914 453 925 453 937 305 1085 325 1041 331 1002 337 972 343 947 293 990 308 953 326 939 339 930 295 1001 308 968 326 954 342 947 301 1012 314 987 331 974 347 967 310 1022 321 1003 333 994 347 988 
518 965 480 980 447 975 424 968 407 965 431 925 405 927 398 940 398 952 448 910 419 914 413 930 414 943 465 905 440 907 431 920 431 932 481 906 461 906 451 914 449 923 306 1079 326 1037 333 999 338 971 342 949 293 984 308 949 325 936 337 928 294 995 307 963 325 950 341 945 299 1006 311 981 327 968 342 962 306 1017 317 997 328 987 341 980 
514 964 479 980 446 976 424 968 410 964 428 928 403 925 397 936 398 948 444 912 418 911 413 925 415 936 462 906 438 904 430 915 429 925 477 905 458 901 448 907 447 916 306 1071 329 1027 336 994 340 969 345 947 297 976 311 946 326 933 337 927 293 988 307 959 325 949 341 945 296 1000 310 977 327 968 343 963 303 1011 316 994 328 987 341 983 
509 964 475 980 444 976 424 968 413 963 427 930 403 924 396 934 397 945 444 913 416 910 411 922 413 933 460 905 436 901 428 911 428 921 475 904 456 897 446 902 444 909 307 1064 330 1022 338 988 344 963 349 943 303 969 316 943 330 932 340 926 299 981 311 956 326 945 340 940 300 994 312 973 326 962 340 956 306 1006 317 990 327 981 339 975 
504 962 474 981 444 978 427 971 415 964 424 930 401 923 394 930 394 938 441 913 415 907 410 918 412 928 457 904 435 897 426 906 425 915 473 901 454 892 443 895 441 900 310 1053 336 1019 343 987 348 963 353 944 307 970 318 942 331 931 341 926 297 977 307 949 321 938 335 935 295 986 304 962 318 953 332 950 299 994 305 976 315 967 327 963 
500 961 470 981 442 979 426 972 416 964 422 933 398 923 391 928 393 934 438 915 414 905 409 915 411 924 454 906 433 897 425 905 424 913 469 902 453 892 443 894 441 898 312 1048 338 1016 346 985 351 961 355 943 311 969 321 941 333 931 342 925 300 976 309 949 323 939 335 936 297 985 303 962 315 952 327 949 298 994 302 975 310 966 319 961 
493 964 463 983 437 980 422 971 413 964 418 934 395 923 389 927 391 933 435 916 411 904 406 914 409 923 452 907 432 896 425 904 425 912 469 904 454 895 445 899 443 904 314 1044 340 1016 347 986 353 962 357 943 313 969 323 941 335 930 344 925 302 975 310 947 324 938 336 935 297 982 302 958 315 949 327 945 298 989 301 969 309 959 318 955 
490 965 459 985 431 981 416 968 412 959 415 937 391 924 387 927 390 932 432 918 408 904 406 914 410 924 449 908 430 899 425 907 427 915 466 905 451 899 445 905 446 911 317 1042 342 1013 349 984 355 961 360 942 314 969 324 941 336 931 345 925 303 975 312 948 326 939 338 936 298 983 305 959 318 950 331 947 300 990 304 970 312 960 322 956 
487 966 454 986 427 982 419 965 421 952 412 938 388 925 386 928 392 934 429 919 405 904 405 914 411 924 446 910 428 901 426 911 430 918 463 907 449 902 446 908 450 915 318 1039 345 1011 351 983 356 959 362 941 317 968 326 941 338 931 346 927 305 974 313 947 327 939 339 937 300 981 305 959 318 949 330 946 300 989 303 969 311 959 319 955 
483 968 452 988 428 985 420 969 420 958 410 941 385 925 384 927 391 932 426 922 405 904 407 912 413 921 444 912 429 900 428 907 433 914 461 909 451 901 450 906 454 913 321 1035 346 1010 352 982 357 959 363 942 318 966 328 940 340 932 349 929 306 972 316 947 331 939 344 938 302 979 309 958 322 949 335 947 303 986 307 967 316 959 326 955 
481 970 449 988 427 984 420 968 419 957 410 943 384 926 381 925 387 929 425 924 404 905 405 913 411 921 443 914 427 901 426 908 431 915 461 911 451 898 448 901 451 907 321 1037 345 1009 352 980 358 959 365 941 321 963 330 939 342 931 351 928 312 971 322 948 336 939 348 935 308 980 318 960 330 951 343 946 311 989 318 972 327 963 338 958 
479 971 446 988 423 983 414 964 413 951 409 945 385 926 381 924 385 927 424 926 405 905 405 912 410 921 441 916 426 902 426 909 430 917 459 912 450 904 448 911 452 918 322 1037 345 1005 353 977 359 957 364 940 324 957 334 937 345 928 353 925 317 967 327 947 338 938 349 934 316 979 325 962 335 951 345 946 319 989 326 975 334 966 343 961 
477 971 445 988 423 983 415 965 415 953 407 946 382 927 383 925 390 930 421 927 404 905 407 912 413 921 439 916 426 903 428 910 433 918 457 912 449 905 449 913 453 920 322 1037 345 1007 353 978 360 957 366 940 322 960 332 936 344 927 353 923 316 969 326 945 339 936 351 932 316 979 327 959 339 950 350 945 321 988 329 972 338 964 348 960 
474 972 441 989 420 983 412 966 411 954 404 947 380 926 382 926 391 931 419 928 402 907 405 913 411 922 437 917 423 902 425 909 430 917 455 913 448 905 449 912 452 920 323 1039 345 1007 353 978 359 957 365 939 321 963 330 937 342 927 352 923 317 972 326 947 339 937 352 934 318 982 329 962 341 952 354 948 323 991 333 976 342 968 353 964 
471 971 439 988 417 982 410 964 409 952 402 947 378 926 381 926 390 932 416 928 399 907 403 913 409 922 434 917 420 901 422 908 427 917 452 913 445 904 445 912 448 920 321 1040 344 1009 352 979 357 957 363 939 320 964 329 937 341 926 351 922 314 973 324 947 337 937 350 933 315 983 325 961 337 951 349 947 320 991 328 975 337 966 348 962 
469 971 437 986 416 980 409 964 407 952 400 947 377 926 380 925 388 930 414 928 398 905 402 911 408 920 431 917 419 900 421 907 426 915 450 913 443 902 444 909 447 918 320 1040 343 1008 351 979 357 956 362 938 318 964 326 937 338 926 348 922 313 973 323 948 337 938 351 935 313 982 325 962 338 953 351 949 318 991 328 976 338 968 349 964 
467 970 435 985 415 980 408 964 408 953 397 945 376 925 381 925 389 931 412 927 396 905 401 910 407 919 429 916 418 900 421 906 427 915 448 912 442 901 443 907 446 916 320 1042 344 1006 351 976 356 954 361 936 318 964 326 937 338 927 347 923 313 974 322 948 335 938 348 934 314 984 325 963 337 952 350 947 320 993 329 977 339 968 350 963 
465 970 434 986 414 980 406 964 404 952 395 944 375 924 380 923 388 929 410 926 394 904 400 910 406 919 428 915 416 900 420 906 425 914 446 912 440 901 441 907 444 916 320 1041 343 1007 350 977 355 955 361 937 317 964 326 937 337 926 347 921 312 973 322 948 335 938 348 934 313 983 325 962 337 952 350 947 319 992 329 976 338 967 349 963 
465 968 434 985 414 980 405 963 403 952 395 944 373 923 379 924 388 931 409 925 393 904 398 910 404 920 427 915 415 900 417 907 422 916 445 911 438 902 438 909 442 918 319 1040 342 1007 350 977 356 956 361 938 318 965 326 938 337 927 347 923 313 974 322 948 335 938 348 934 313 983 325 962 337 952 350 948 319 992 328 976 338 968 349 964 
465 967 434 983 415 978 407 962 405 951 395 943 374 923 378 921 386 926 408 924 394 903 398 909 405 918 426 914 415 899 418 906 423 915 444 910 438 903 439 910 442 919 318 1041 342 1008 350 978 356 956 360 937 318 968 325 940 337 928 347 924 313 976 322 949 335 938 347 933 314 985 325 963 337 953 350 948 319 993 329 977 339 968 349 964 
464 965 433 981 414 976 407 960 406 948 396 942 377 920 381 919 389 924 409 923 395 902 400 907 406 917 427 913 416 897 418 905 423 914 445 909 440 902 440 910 443 919 317 1042 341 1009 350 979 356 957 360 938 318 967 325 940 337 929 347 923 314 975 322 950 335 939 347 934 315 985 325 964 338 954 350 949 320 994 330 979 340 970 351 966 
464 964 434 980 415 976 408 961 407 950 397 941 379 919 385 918 393 925 410 922 396 901 402 906 408 916 427 912 417 896 420 903 425 912 445 907 441 902 442 909 445 918 317 1042 341 1010 349 980 355 957 361 939 317 968 324 940 337 928 348 922 313 976 322 950 337 940 350 937 314 984 326 964 340 956 353 953 320 993 331 978 342 971 353 969 
463 962 433 977 413 971 406 954 405 942 396 938 381 917 388 918 396 925 410 921 397 900 403 906 410 915 426 910 417 895 421 902 426 911 444 905 440 900 441 907 444 915 317 1041 340 1010 348 980 355 957 359 937 315 968 324 939 337 927 347 920 312 975 323 949 338 940 351 936 314 983 326 963 340 954 353 951 320 992 331 977 342 970 353 967 
465 961 436 978 417 974 410 958 409 947 398 939 383 918 390 918 398 925 411 920 399 899 405 904 411 914 428 909 418 894 422 901 428 909 446 904 441 897 443 904 446 912 315 1042 339 1011 347 982 354 959 358 940 313 969 323 940 336 927 346 920 310 975 321 948 336 938 349 933 311 984 324 962 338 952 351 949 317 992 328 976 340 969 351 965 
468 959 440 976 421 973 413 961 411 953 400 935 385 918 390 919 398 926 414 917 401 899 406 906 412 915 430 907 420 893 423 900 428 908 448 902 441 894 442 900 446 908 314 1045 337 1013 345 984 353 962 359 943 312 968 323 940 335 927 345 919 309 976 321 950 336 938 349 932 312 985 325 965 339 954 352 950 317 993 329 979 340 971 352 967 
472 955 445 976 424 975 414 966 410 959 404 935 385 918 389 921 399 928 418 916 403 897 406 905 413 914 435 905 422 891 423 897 429 905 452 900 443 888 443 892 446 898 313 1047 340 1023 350 993 358 970 365 954 315 972 326 941 337 927 347 918 305 976 315 945 328 934 340 928 303 983 312 956 324 946 336 941 306 989 313 969 323 959 333 954 
473 954 450 976 430 978 417 973 410 970 406 934 385 919 386 922 396 929 420 915 403 897 405 904 411 913 437 904 423 891 423 898 427 906 454 901 446 893 445 898 448 906 311 1052 344 1035 359 1004 366 980 372 968 321 974 332 940 343 924 351 914 305 977 314 943 327 931 338 926 298 984 303 954 315 942 326 936 297 990 300 966 308 954 316 948 
476 955 452 976 430 978 416 974 410 971 408 934 387 921 381 919 382 923 421 915 403 896 402 903 406 913 438 905 422 890 420 897 424 905 455 901 447 894 444 900 447 906 312 1058 350 1041 367 1012 373 990 375 978 330 975 344 943 355 926 363 914 311 979 311 944 320 926 329 916 300 987 299 957 306 942 314 932 296 996 294 972 297 959 303 952 
477 953 453 975 430 978 415 976 411 972 406 932 384 919 380 922 382 927 421 913 401 895 400 905 404 914 439 903 421 889 418 897 421 905 457 901 445 893 441 899 443 906 312 1060 351 1047 372 1020 376 998 377 989 335 980 353 947 364 931 374 920 313 979 317 940 326 922 335 911 299 985 301 951 311 936 320 927 293 992 296 964 303 951 312 944 
481 952 454 975 429 977 414 977 408 977 401 927 383 917 380 922 384 928 418 910 398 897 396 907 400 915 436 902 419 890 414 897 415 905 455 901 441 894 436 899 437 907 315 1061 355 1049 374 1022 375 1001 373 991 339 978 356 944 366 928 376 918 316 979 319 938 328 919 338 909 300 987 302 952 310 936 319 927 293 996 296 968 303 955 312 949 
486 950 456 974 429 977 411 978 404 976 403 925 383 916 380 922 383 928 419 909 398 898 396 908 398 916 437 901 420 892 412 898 410 906 454 901 439 895 429 900 428 907 317 1065 357 1051 376 1026 377 1005 375 992 342 981 354 944 364 926 373 914 316 982 318 938 327 918 337 907 300 988 301 950 310 934 320 926 291 997 294 967 302 954 311 947 
490 948 458 973 426 979 405 982 395 980 403 924 378 916 368 918 365 920 419 909 395 902 391 911 391 918 435 901 416 897 407 904 405 910 451 901 434 895 424 901 422 908 318 1064 356 1047 370 1020 375 996 380 982 339 977 348 937 354 919 361 910 313 979 310 932 321 917 333 914 294 986 294 948 306 937 317 936 284 997 286 971 296 960 306 957 
493 948 456 970 425 977 402 983 390 980 404 922 379 916 369 917 365 919 420 908 395 904 388 910 385 916 435 902 416 898 406 903 402 910 449 902 433 896 423 901 419 906 318 1063 352 1041 364 1011 365 986 364 972 331 976 337 933 346 918 354 912 304 978 300 927 314 917 328 920 286 986 286 945 300 938 312 941 277 996 281 971 293 965 303 966 
499 949 462 970 429 975 403 980 386 981 409 920 380 915 367 914 360 914 424 906 396 902 386 909 379 915 439 900 418 895 406 901 402 908 454 898 436 892 425 897 421 904 311 1067 344 1041 357 1009 366 983 377 968 321 978 329 934 339 922 349 921 295 980 296 930 310 918 325 920 279 988 281 948 295 938 308 938 270 998 276 971 287 963 298 962 
508 949 469 968 432 970 403 973 383 973 416 910 384 903 368 904 358 909 432 893 402 894 390 906 384 917 449 887 425 889 414 897 411 908 465 887 446 885 434 892 430 901 309 1073 339 1045 351 1012 365 989 382 977 312 982 322 938 335 927 346 927 287 984 290 934 308 926 324 931 272 991 277 952 293 945 307 948 266 1000 272 973 285 966 296 967 
516 946 477 965 438 967 407 967 383 963 425 904 388 896 371 898 360 902 441 888 404 890 390 905 386 918 456 884 424 886 412 899 408 913 468 885 444 883 431 891 426 903 305 1076 337 1050 352 1017 366 992 383 982 307 982 319 937 335 929 347 932 283 987 289 935 309 931 323 938 270 995 278 956 296 952 308 957 264 1005 271 978 285 971 296 973 
528 945 489 967 449 968 414 962 387 955 439 908 397 894 377 895 364 899 453 890 410 879 393 893 388 906 466 883 429 875 413 887 407 901 477 882 448 874 432 881 424 891 303 1080 336 1054 353 1019 374 995 397 987 308 987 321 943 338 937 351 939 285 990 297 943 315 938 328 943 274 997 284 961 300 955 313 957 269 1005 276 979 289 972 301 971 
538 945 499 965 458 966 424 958 396 951 448 909 404 894 385 894 372 897 463 887 419 871 403 881 398 892 479 878 442 865 425 874 419 885 493 876 465 865 447 871 440 881 300 1084 334 1056 352 1023 376 1001 398 990 305 985 321 948 336 941 348 941 284 989 299 950 317 946 331 950 273 999 285 968 301 961 314 962 270 1008 278 988 291 980 303 979 
549 943 511 964 472 966 436 958 405 950 461 914 414 898 393 898 383 901 473 888 424 873 409 882 406 892 486 874 445 861 429 871 424 881 500 869 469 857 452 865 446 875 294 1087 329 1061 349 1027 374 1003 396 989 300 990 319 954 338 946 351 947 283 992 302 957 321 950 336 952 274 1000 288 970 305 962 319 961 273 1008 282 984 294 975 306 972 
562 941 524 964 484 968 445 960 413 953 475 919 423 904 400 901 386 902 485 892 430 876 412 883 407 891 498 876 450 861 434 870 430 880 510 868 476 857 459 865 452 874 284 1091 321 1064 343 1031 368 1010 390 997 294 990 316 959 336 952 349 952 280 996 301 967 321 960 337 961 273 1006 290 982 306 974 321 974 272 1016 284 996 297 988 308 985 
572 943 533 966 493 970 453 965 422 960 489 927 429 913 404 913 390 915 496 898 433 882 416 894 413 906 506 880 452 864 437 878 435 890 516 871 478 859 461 870 457 881 276 1097 310 1070 334 1039 360 1020 381 1005 289 996 314 965 335 958 349 958 279 1004 302 973 322 965 338 964 276 1014 293 988 309 979 324 977 278 1024 289 1002 301 994 312 990 
577 947 539 972 499 978 462 971 433 968 492 936 433 924 405 923 390 926 500 907 436 890 413 897 406 907 509 888 455 868 436 880 432 892 520 878 479 862 461 871 457 882 269 1106 299 1077 323 1048 350 1030 371 1016 285 1002 310 973 331 964 345 963 277 1011 299 981 319 973 335 970 275 1021 290 997 306 986 320 981 277 1032 288 1011 298 1001 309 996 
583 953 547 980 505 988 466 984 434 986 499 948 437 937 408 936 394 939 506 917 440 902 416 909 410 919 514 895 456 881 437 893 435 905 523 883 476 872 459 882 456 893 263 1114 293 1084 320 1056 346 1042 368 1032 285 1009 307 983 326 976 339 977 278 1019 299 991 318 983 334 983 277 1030 293 1007 308 997 323 994 281 1041 293 1022 304 1015 314 1010 
584 957 551 990 511 999 473 995 442 996 508 962 447 952 417 951 401 953 510 928 443 913 421 922 418 934 515 904 454 890 437 903 438 916 521 890 473 878 457 888 456 899 260 1119 290 1092 318 1065 346 1052 372 1045 287 1013 314 991 334 982 348 980 282 1022 307 998 326 990 342 988 283 1033 301 1012 317 1003 331 1000 289 1045 302 1028 313 1020 323 1016 
582 961 550 993 511 1004 474 998 442 995 514 969 452 961 421 960 405 962 516 934 443 920 422 931 421 943 517 909 454 898 437 914 437 926 521 894 472 884 455 896 452 906 261 1123 293 1096 323 1070 353 1058 379 1050 289 1016 317 993 337 985 349 983 282 1025 309 1001 329 995 346 994 281 1037 301 1016 318 1008 333 1005 285 1048 300 1031 312 1023 323 1019 
581 961 549 994 511 1004 474 996 443 988 513 969 452 960 423 959 408 959 515 934 447 918 424 927 421 939 518 909 456 896 439 910 440 923 522 895 473 885 457 896 454 908 265 1125 297 1099 325 1072 358 1058 385 1048 285 1019 317 993 339 984 352 983 278 1026 307 1000 329 994 347 994 276 1036 297 1014 315 1006 331 1004 279 1047 294 1027 308 1019 320 1015 
576 959 543 991 501 995 463 978 436 963 508 960 443 941 416 942 403 946 514 926 444 904 426 917 426 930 518 903 456 886 441 902 442 916 522 889 476 879 461 893 461 905 272 1127 304 1102 330 1072 361 1054 387 1041 279 1023 313 990 337 979 352 976 270 1026 302 998 326 990 345 990 267 1033 293 1010 312 1002 328 1000 270 1041 288 1022 303 1014 317 1011 
571 957 534 985 492 985 458 963 432 945 499 945 440 922 414 921 400 924 510 913 444 888 426 901 423 914 518 893 464 878 451 894 451 906 523 884 481 875 468 889 467 900 281 1121 310 1102 333 1071 361 1048 385 1031 275 1027 302 984 325 973 340 971 261 1025 290 984 313 974 331 975 257 1027 281 992 301 982 316 981 260 1031 279 1001 295 989 308 983 
568 959 525 983 483 973 452 946 428 927 489 928 438 898 415 899 402 904 506 903 451 873 433 888 431 904 519 890 472 872 460 889 461 902 527 884 490 874 479 887 479 897 286 1122 318 1100 335 1065 357 1039 378 1022 271 1036 293 987 314 970 330 963 252 1036 275 985 300 972 318 971 245 1039 264 995 285 982 302 979 246 1041 261 1008 276 995 290 988 
561 961 517 979 479 964 449 936 422 917 480 912 437 883 417 885 405 892 498 891 451 871 429 879 419 891 513 884 472 870 454 879 447 891 523 883 493 874 475 881 467 890 289 1121 320 1099 334 1065 354 1035 375 1017 273 1044 287 988 306 970 319 965 248 1043 267 983 293 972 309 975 237 1045 253 993 276 984 291 986 234 1047 247 1011 264 1001 277 1001 
559 961 512 976 477 957 451 929 427 909 478 899 439 876 420 881 408 891 497 885 459 877 438 886 428 900 513 885 480 885 467 896 462 908 523 888 496 888 485 898 482 908 294 1130 322 1102 333 1065 350 1035 370 1017 276 1048 287 992 301 972 312 963 251 1052 258 989 281 976 298 979 237 1057 243 1007 262 1001 274 1006 233 1063 234 1026 247 1021 257 1025 
563 959 515 971 479 953 453 926 429 903 482 897 438 875 419 885 409 898 500 885 457 876 437 890 429 906 513 886 475 885 459 897 454 909 519 891 490 891 476 900 470 911 295 1132 322 1104 333 1068 349 1037 370 1018 277 1052 289 992 303 972 313 963 250 1053 258 988 283 975 301 978 235 1056 242 1003 264 994 278 998 229 1059 231 1022 246 1014 259 1017 
567 956 523 968 487 951 457 925 431 901 487 896 440 874 418 882 406 895 502 886 457 876 431 887 418 902 512 887 474 886 454 897 445 910 517 892 487 891 471 900 462 912 294 1135 322 1106 334 1070 350 1039 372 1020 279 1052 289 994 302 974 312 966 251 1054 258 989 281 975 299 979 237 1057 243 1005 265 998 278 1002 231 1062 235 1025 249 1018 262 1021 
569 953 528 964 492 948 462 921 438 897 488 894 445 869 422 876 410 888 503 886 460 872 433 883 420 898 512 889 474 884 455 897 445 911 516 894 487 892 471 902 462 914 292 1137 322 1109 335 1071 356 1040 382 1023 274 1049 288 991 308 973 322 965 249 1052 260 988 288 977 306 981 238 1056 249 1007 272 999 286 1002 235 1062 241 1029 257 1022 270 1023 
571 953 530 959 496 941 468 915 443 894 491 888 450 865 424 871 412 883 503 886 462 872 435 881 420 893 511 891 477 887 458 896 447 909 515 898 489 897 474 905 466 916 291 1142 320 1112 334 1073 357 1044 383 1027 271 1046 290 993 310 976 324 970 251 1050 264 994 287 981 305 982 244 1058 250 1013 269 1000 284 998 244 1065 247 1033 260 1020 272 1016 
573 949 533 959 498 940 471 915 449 894 491 891 449 862 424 870 411 881 502 886 461 870 440 882 433 896 511 891 474 884 460 895 455 906 515 896 488 894 476 904 473 916 286 1149 316 1113 332 1076 359 1052 383 1035 272 1042 293 999 316 981 332 972 261 1049 278 1004 300 988 317 984 258 1058 268 1023 285 1009 300 1004 259 1064 266 1037 276 1026 288 1019 
578 952 532 970 496 952 471 928 457 911 490 896 451 862 425 870 411 881 504 888 464 882 447 902 444 917 515 891 480 900 472 920 474 932 520 895 494 905 486 920 487 932 281 1149 311 1115 331 1080 356 1059 381 1046 274 1040 298 1003 320 989 336 983 267 1049 288 1012 309 1000 325 995 267 1058 280 1028 296 1016 310 1011 270 1064 279 1042 289 1032 300 1025 
589 960 542 983 501 972 472 954 452 938 490 905 450 869 424 871 405 877 507 894 464 886 440 909 432 932 520 895 482 897 464 916 457 934 528 898 497 903 482 919 477 934 276 1155 304 1121 323 1089 349 1066 373 1053 273 1047 298 1011 320 998 335 992 268 1054 289 1017 310 1005 327 1001 268 1062 283 1032 298 1020 314 1015 273 1070 283 1045 293 1034 305 1027 
600 969 559 999 515 996 476 982 446 979 507 928 458 890 425 876 398 872 518 907 463 877 428 881 404 891 526 898 476 879 447 888 431 901 528 897 487 884 463 890 448 901 272 1162 296 1131 316 1098 342 1077 366 1064 271 1051 296 1015 318 1002 334 998 269 1057 291 1020 313 1007 330 1004 272 1066 288 1033 304 1020 320 1015 279 1073 289 1046 301 1034 312 1026 
604 973 567 1007 524 1015 482 1004 446 998 514 956 459 923 426 911 402 906 522 925 465 885 427 879 401 882 528 909 474 884 441 883 419 889 530 904 487 887 460 888 440 893 266 1164 292 1133 312 1104 337 1085 361 1076 271 1051 298 1018 320 1007 336 1004 269 1060 294 1023 316 1012 333 1008 272 1068 290 1036 306 1023 322 1018 279 1075 290 1049 301 1036 313 1027 
599 974 570 1014 531 1026 488 1013 451 1007 517 969 459 966 424 965 395 963 514 930 454 911 414 908 381 907 513 908 460 895 426 897 401 902 511 901 472 892 447 894 428 899 261 1170 285 1140 307 1110 333 1093 357 1088 269 1057 298 1026 322 1015 339 1011 268 1064 294 1028 318 1016 336 1012 271 1071 291 1039 309 1026 326 1019 279 1079 292 1053 305 1040 319 1031 
608 986 579 1030 533 1044 487 1031 451 1022 530 997 465 1000 422 1000 388 1001 526 955 458 941 413 941 380 943 524 928 466 919 436 931 421 945 522 917 479 912 457 924 447 937 257 1175 278 1145 302 1117 330 1102 356 1098 269 1062 302 1031 327 1020 344 1016 272 1070 305 1036 329 1024 348 1019 278 1079 304 1048 323 1037 341 1030 286 1087 304 1063 319 1052 333 1045 
616 992 584 1039 535 1055 488 1046 460 1036 533 1012 464 1020 421 1024 388 1026 529 970 456 965 413 971 383 981 527 943 460 939 422 952 399 967 527 932 475 930 447 942 431 956 258 1176 280 1145 305 1118 334 1106 360 1102 273 1060 310 1033 336 1022 355 1018 274 1069 310 1040 336 1028 357 1023 278 1080 308 1053 329 1043 350 1037 287 1090 308 1071 324 1062 341 1056 
617 1000 584 1044 538 1062 492 1058 460 1053 539 1014 466 1024 426 1030 396 1034 535 973 455 969 414 977 389 986 532 948 458 945 423 958 404 973 531 939 476 939 448 951 433 963 259 1175 279 1147 305 1120 335 1107 362 1104 273 1061 310 1033 336 1024 353 1021 273 1067 309 1038 334 1026 354 1024 278 1077 306 1049 327 1040 346 1037 285 1086 306 1065 322 1057 338 1052 
614 1007 578 1049 533 1059 488 1047 453 1041 540 1016 467 1019 428 1021 399 1023 540 976 463 962 425 967 403 977 540 951 472 942 439 954 422 967 540 941 487 939 463 951 451 964 261 1166 285 1147 312 1119 342 1105 369 1102 271 1056 312 1028 338 1021 355 1020 265 1054 303 1023 331 1014 351 1014 264 1058 293 1024 318 1017 338 1016 270 1063 290 1033 308 1022 325 1016 
607 1005 573 1044 525 1051 480 1034 447 1024 538 1003 465 996 426 993 398 993 540 965 463 945 433 953 420 970 541 942 472 937 450 952 443 968 539 933 487 935 468 950 462 967 265 1163 291 1145 315 1117 345 1100 373 1094 269 1056 306 1023 333 1014 352 1012 261 1055 298 1021 326 1011 348 1010 261 1059 289 1025 314 1016 334 1014 266 1066 286 1036 304 1024 321 1018 
605 1009 564 1040 518 1038 477 1017 442 1010 527 986 460 963 430 962 413 964 538 956 467 932 440 943 426 956 546 939 482 919 459 932 450 943 549 932 500 922 479 932 469 943 269 1161 299 1146 321 1113 345 1090 371 1079 262 1067 292 1025 319 1010 338 1005 250 1065 283 1021 310 1010 330 1008 248 1066 275 1027 298 1016 317 1013 254 1070 274 1037 292 1024 307 1019 
593 1006 548 1029 506 1021 471 999 439 986 518 971 458 941 431 947 418 957 534 945 469 920 448 934 442 949 544 931 486 914 469 929 466 943 549 926 504 917 488 929 484 940 275 1162 306 1141 324 1106 348 1082 373 1069 260 1072 285 1024 310 1006 329 999 243 1071 265 1019 292 1006 313 1007 239 1074 255 1032 277 1020 294 1018 241 1077 253 1045 267 1032 281 1027 
589 1003 541 1019 502 1003 469 979 444 963 510 946 460 918 439 929 429 943 529 928 480 921 465 938 462 954 544 923 501 926 491 940 491 954 552 922 520 928 511 940 511 951 280 1163 310 1140 325 1104 346 1076 369 1064 262 1077 284 1022 306 1003 324 995 239 1077 256 1019 283 1005 302 1006 229 1079 238 1031 261 1018 278 1017 229 1082 232 1046 247 1034 261 1031 
589 1002 539 1011 501 990 472 964 448 946 507 938 461 917 446 933 445 948 527 924 483 920 470 937 470 951 542 923 504 925 496 939 499 952 552 926 524 927 516 938 517 948 281 1161 311 1139 326 1104 341 1074 362 1059 264 1084 282 1025 300 1002 312 992 238 1080 251 1015 278 1002 296 1007 226 1078 233 1022 257 1012 272 1016 223 1077 226 1035 242 1024 255 1027 
597 1001 545 1010 507 987 479 960 454 942 514 935 467 926 460 947 467 960 531 925 486 922 477 940 481 953 544 926 504 924 497 941 502 953 550 932 517 930 512 943 516 952 284 1164 314 1139 327 1102 340 1069 362 1053 266 1083 289 1024 305 999 316 986 239 1081 247 1015 274 997 295 996 226 1081 229 1025 253 1012 270 1011 223 1082 223 1041 238 1029 252 1027 
601 999 553 1011 514 990 485 964 462 945 517 938 472 933 462 951 465 961 531 928 488 929 478 947 479 957 542 929 502 932 495 949 498 958 547 934 514 938 509 950 513 958 284 1162 316 1137 330 1101 342 1069 363 1053 271 1079 292 1020 307 998 318 986 242 1077 250 1009 278 994 299 996 228 1078 232 1019 257 1008 273 1010 225 1080 225 1038 240 1027 253 1028 
603 1000 558 1011 520 991 493 966 469 949 522 939 480 933 461 944 451 953 537 930 496 931 476 943 465 956 548 932 511 936 495 949 486 960 552 937 524 941 511 951 504 960 284 1160 315 1133 332 1097 347 1066 369 1050 272 1075 293 1015 310 993 322 981 244 1072 255 1003 285 991 306 996 230 1072 238 1013 264 1006 280 1010 226 1074 229 1033 245 1024 258 1026 
606 1001 565 1013 527 993 500 969 475 951 528 941 485 929 462 932 444 934 539 931 498 927 473 932 455 940 547 933 511 933 491 940 476 948 550 938 522 938 506 945 493 953 278 1157 312 1132 329 1092 350 1061 377 1051 269 1059 293 1001 315 985 329 978 243 1059 258 994 288 986 308 993 232 1063 241 1011 267 1004 283 1009 230 1069 233 1033 250 1024 263 1026 
610 1002 569 1018 533 1001 505 979 481 962 531 945 493 918 468 907 446 900 546 932 510 926 492 936 485 947 556 931 523 931 508 941 501 949 561 934 534 934 520 943 512 951 275 1157 310 1127 329 1086 355 1058 384 1047 267 1050 294 997 318 983 334 978 246 1051 268 995 294 985 312 990 237 1059 251 1014 273 1004 289 1005 236 1066 244 1033 259 1023 273 1020 
614 1003 577 1026 541 1016 511 997 487 984 536 956 498 920 471 900 449 887 548 938 508 911 476 898 451 891 556 933 517 922 491 916 473 913 558 935 525 930 504 928 489 928 272 1156 305 1125 326 1087 355 1061 383 1049 267 1042 296 998 320 983 337 977 252 1045 276 1000 299 988 316 987 247 1053 262 1016 281 1003 296 1000 249 1061 258 1032 270 1019 282 1012 
617 1003 583 1034 547 1032 514 1019 486 1017 534 967 493 929 464 911 438 901 545 945 497 913 460 902 431 899 552 936 505 914 472 905 448 903 552 936 513 923 487 918 466 916 270 1158 301 1125 322 1088 349 1065 375 1052 267 1042 295 1002 319 985 336 976 260 1047 286 1007 310 990 329 983 260 1055 278 1020 296 1004 314 995 265 1061 277 1033 290 1017 304 1005 
625 1006 593 1041 555 1047 517 1034 484 1030 546 988 500 962 470 948 444 937 551 960 505 930 474 919 448 913 554 945 509 924 480 919 458 916 554 941 515 927 491 924 472 924 269 1164 296 1129 316 1094 341 1071 367 1059 266 1045 294 1008 318 991 336 986 264 1053 290 1013 313 997 333 990 269 1061 286 1026 304 1010 322 1002 276 1068 288 1039 300 1024 313 1012 
620 1007 592 1045 553 1055 514 1041 480 1031 548 999 497 984 462 976 434 970 552 963 500 933 462 925 433 923 554 944 505 925 470 922 445 925 554 940 514 928 486 928 464 934 269 1168 292 1132 313 1100 340 1080 366 1071 269 1049 297 1014 320 998 338 992 269 1057 294 1017 317 1003 337 997 274 1066 293 1031 310 1017 328 1011 283 1074 297 1046 309 1033 322 1023 
619 1005 595 1047 554 1060 515 1046 483 1040 558 1010 508 1006 470 1002 437 999 556 969 499 945 455 937 419 934 553 945 498 927 456 924 426 927 548 936 505 924 475 926 452 932 265 1163 290 1135 311 1106 337 1090 361 1088 270 1046 303 1013 328 1003 346 1001 267 1050 298 1011 324 1001 343 1002 269 1055 293 1018 313 1009 331 1009 277 1061 292 1031 308 1019 323 1013 
622 1005 595 1050 553 1064 514 1048 484 1036 568 1017 515 1019 473 1020 437 1020 568 977 506 953 458 946 420 942 563 952 507 930 462 925 430 926 556 942 512 924 479 921 453 923 257 1168 289 1144 315 1114 341 1099 367 1101 273 1054 310 1022 338 1014 358 1011 266 1055 303 1018 331 1010 353 1011 266 1060 295 1023 320 1016 341 1015 272 1067 292 1036 311 1025 329 1020 
622 1009 592 1049 552 1063 515 1048 481 1038 570 1023 522 1024 478 1024 440 1025 569 984 514 961 466 952 425 947 561 958 513 935 468 927 438 925 551 942 514 926 485 923 462 925 255 1173 289 1144 317 1118 344 1108 370 1110 285 1055 324 1029 351 1021 371 1020 279 1062 318 1031 344 1023 366 1021 279 1072 310 1041 333 1033 354 1030 283 1081 305 1059 323 1051 340 1046 
624 1010 601 1052 557 1064 514 1051 481 1043 579 1024 524 1027 481 1028 445 1029 575 985 509 973 460 972 424 975 566 958 507 946 462 946 432 952 556 944 511 932 480 934 457 940 259 1165 289 1145 316 1120 346 1109 372 1110 285 1055 331 1030 357 1023 374 1021 277 1053 320 1022 347 1015 365 1016 275 1057 308 1023 332 1017 350 1019 279 1061 301 1032 321 1023 338 1019 
625 1011 598 1053 553 1065 511 1051 477 1040 579 1025 523 1030 479 1029 443 1029 576 987 506 976 456 977 423 982 565 959 499 951 458 961 437 974 554 945 504 936 473 945 457 957 260 1166 293 1144 321 1120 350 1111 374 1113 293 1056 334 1029 361 1021 379 1019 287 1062 326 1027 352 1019 372 1020 287 1069 318 1036 340 1028 359 1026 291 1076 313 1050 331 1041 348 1037 
623 1009 597 1053 554 1065 512 1049 483 1034 581 1019 519 1024 474 1024 439 1025 576 979 504 970 459 975 430 984 566 953 497 947 463 960 447 974 556 943 505 934 479 944 469 957 264 1164 293 1143 321 1119 351 1109 378 1110 288 1055 333 1029 359 1023 377 1021 282 1056 325 1025 352 1019 370 1021 282 1061 316 1029 339 1024 358 1025 287 1067 310 1042 329 1034 346 1031 
620 1007 597 1048 557 1059 516 1048 483 1045 583 1009 515 1008 471 1010 435 1011 577 971 502 957 459 969 431 984 567 947 500 939 469 957 456 975 556 939 507 930 482 944 471 959 268 1163 298 1142 327 1116 358 1105 386 1105 289 1055 331 1025 357 1017 375 1013 282 1056 323 1023 350 1015 369 1014 282 1062 314 1029 337 1021 357 1019 287 1069 310 1041 329 1031 346 1026 
619 1007 597 1046 558 1055 520 1043 488 1042 582 1007 514 1000 471 998 436 998 579 968 502 948 462 965 441 983 571 945 503 934 476 956 469 976 561 937 511 929 488 945 481 961 276 1158 304 1139 332 1110 363 1095 392 1093 292 1051 331 1018 358 1009 377 1006 286 1053 326 1020 354 1012 374 1012 287 1059 320 1029 343 1021 363 1018 293 1067 319 1042 337 1033 355 1029 
619 1010 593 1042 553 1049 514 1038 482 1042 582 998 517 984 476 982 442 982 581 963 508 946 467 960 443 976 575 942 508 929 476 947 460 966 565 933 515 924 490 939 478 955 283 1155 312 1136 338 1106 370 1089 399 1084 296 1051 331 1013 357 1003 376 1000 289 1053 325 1015 352 1008 372 1009 289 1059 318 1026 340 1017 359 1015 295 1066 317 1039 335 1030 351 1026 
613 1015 585 1043 540 1046 502 1036 470 1039 579 996 522 976 482 968 447 965 581 963 514 942 472 951 446 966 577 943 514 925 481 940 464 959 568 933 520 922 495 934 483 948 295 1151 323 1132 346 1101 377 1083 406 1075 301 1048 331 1008 357 996 374 994 294 1049 325 1009 351 1000 371 1001 294 1054 319 1019 340 1010 358 1009 299 1060 318 1031 334 1021 350 1017 
606 1014 579 1043 535 1046 498 1034 466 1030 580 990 526 966 485 957 448 955 581 957 514 933 473 942 446 958 574 937 512 924 483 940 469 956 563 928 517 922 494 936 483 949 306 1145 333 1127 354 1096 381 1075 408 1063 304 1047 329 1003 355 990 374 986 296 1046 325 1002 350 990 370 989 296 1049 319 1010 340 999 359 995 302 1053 319 1021 335 1008 350 1002 
609 1019 581 1048 539 1044 503 1026 468 1022 580 987 526 962 490 951 459 943 580 956 519 934 481 935 454 944 573 941 517 926 489 936 471 947 563 935 522 927 500 936 487 945 313 1143 340 1126 360 1093 385 1069 411 1055 306 1045 329 999 355 985 375 981 299 1045 325 998 351 985 373 983 299 1048 320 1006 342 993 362 988 305 1052 321 1017 337 1002 352 994 
599 1034 570 1058 535 1047 505 1023 477 1014 573 998 531 967 500 949 472 934 575 970 527 942 492 933 465 929 570 953 522 935 495 935 475 936 560 946 523 936 502 939 487 944 323 1144 350 1127 368 1092 392 1066 417 1048 311 1046 329 996 355 980 376 975 303 1046 324 995 351 981 373 979 303 1049 320 1005 342 991 362 986 308 1053 321 1017 337 1003 353 995 
596 1048 558 1063 526 1043 501 1015 475 1006 561 1004 534 963 513 939 493 918 569 980 537 945 510 926 485 913 569 965 527 952 504 957 488 962 563 959 529 954 510 959 496 965 337 1143 362 1122 375 1084 397 1058 422 1042 314 1046 327 994 351 975 372 969 309 1045 324 993 348 977 370 974 312 1048 324 1002 343 987 362 982 320 1051 330 1016 343 1001 357 993 
586 1045 552 1064 526 1048 505 1019 485 1001 552 994 532 949 512 923 495 903 560 977 535 936 508 913 486 900 560 970 532 941 509 925 491 915 553 968 532 949 515 938 502 931 344 1142 371 1121 381 1080 399 1051 423 1034 321 1044 328 988 353 969 374 963 312 1045 323 988 349 971 371 968 312 1048 321 1000 341 984 360 977 318 1051 324 1014 337 997 352 988 
579 1053 542 1070 517 1052 502 1021 484 995 546 996 533 949 516 921 499 900 554 981 535 942 510 921 489 910 554 976 526 956 504 954 490 956 549 975 525 963 509 962 498 963 350 1146 382 1119 389 1076 401 1046 421 1028 325 1046 330 988 351 965 371 957 313 1049 319 990 342 969 364 964 312 1054 315 1005 334 985 352 977 318 1057 319 1020 331 1001 346 991 
574 1055 537 1071 510 1054 494 1023 476 1000 543 1004 534 956 520 925 508 900 553 986 536 943 516 915 500 895 553 978 527 949 505 933 492 923 547 976 525 956 510 944 499 937 356 1149 386 1117 390 1072 403 1042 423 1024 330 1043 329 987 349 963 367 954 318 1048 320 992 341 971 361 965 316 1055 317 1009 332 990 350 981 321 1060 322 1025 333 1007 347 997 
577 1058 545 1072 514 1060 489 1036 467 1014 542 1005 531 958 520 928 508 906 552 992 532 953 511 930 496 915 553 987 530 955 512 935 499 923 548 985 529 958 516 940 507 927 360 1149 394 1118 397 1074 404 1042 421 1023 337 1045 332 989 349 964 365 955 322 1051 318 993 338 971 356 965 318 1058 315 1010 330 990 347 982 322 1064 320 1027 329 1008 343 997 
580 1065 544 1077 503 1065 466 1050 434 1040 541 1014 533 970 522 943 513 923 549 1003 536 978 518 966 508 958 549 1000 524 986 507 979 497 976 543 1002 517 992 503 987 496 987 363 1147 397 1120 401 1075 409 1044 426 1028 343 1044 335 988 353 964 370 957 327 1048 321 990 343 970 362 966 322 1054 317 1007 333 987 350 980 324 1058 321 1021 331 1002 344 992 
576 1063 544 1081 501 1075 463 1063 429 1057 528 1041 507 1022 490 1012 478 1001 538 1023 526 998 512 979 502 960 544 1013 529 989 512 972 499 958 544 1007 529 987 517 971 508 958 366 1149 403 1120 408 1077 412 1048 426 1034 351 1047 341 992 359 966 378 956 334 1051 328 992 350 970 370 963 329 1056 322 1005 341 983 360 974 332 1059 328 1017 340 995 354 983 
577 1067 549 1077 511 1066 476 1048 449 1036 509 1072 465 1061 437 1051 414 1045 517 1051 487 1034 467 1022 449 1014 529 1032 508 1008 492 992 478 979 541 1014 530 988 521 970 511 955 368 1148 406 1126 414 1085 419 1056 432 1042 359 1052 346 994 367 968 386 960 341 1054 333 991 360 969 381 966 333 1057 325 1003 347 982 367 976 334 1061 327 1017 340 996 355 988 
578 1056 554 1081 524 1080 498 1068 478 1061 513 1069 471 1059 444 1050 423 1043 521 1045 501 1031 494 1025 489 1020 533 1023 513 1009 498 1007 486 1004 543 1003 528 982 517 971 507 960 369 1150 408 1128 417 1089 420 1057 426 1039 367 1056 353 998 371 972 388 963 347 1058 337 995 362 974 383 972 337 1062 326 1009 346 990 365 985 334 1066 325 1025 336 1004 350 997 
573 1048 546 1070 508 1066 477 1050 456 1039 513 1061 474 1052 448 1043 426 1036 522 1036 491 1022 467 1014 447 1008 532 1013 502 990 473 980 451 972 540 992 514 971 493 965 476 959 367 1149 407 1128 418 1091 421 1060 426 1041 370 1060 358 1005 373 979 388 969 347 1060 337 1000 357 975 377 971 335 1063 323 1013 340 991 359 983 331 1069 319 1032 324 1012 335 1003 
567 1032 545 1066 508 1072 477 1057 460 1044 527 1029 495 1010 471 998 452 987 528 1001 486 981 451 974 423 968 525 985 487 965 457 960 438 959 519 977 490 963 469 962 454 963 366 1147 404 1127 419 1095 428 1066 434 1051 373 1061 369 1008 384 983 400 971 348 1058 341 1000 362 973 384 966 335 1060 322 1009 338 984 356 972 332 1065 314 1031 310 1008 311 993 
571 1037 545 1064 505 1070 471 1062 446 1057 532 1013 503 999 479 992 457 989 532 991 487 968 450 965 422 968 528 981 481 967 446 967 421 972 522 981 486 975 462 980 445 986 365 1141 404 1119 419 1086 430 1063 442 1051 371 1044 376 997 390 978 405 974 347 1045 341 995 357 972 376 968 334 1053 321 1008 333 985 347 973 329 1063 307 1033 297 1011 293 994 
578 1037 543 1064 496 1070 461 1068 434 1068 531 1031 494 1015 469 1005 444 999 540 1004 488 980 451 973 420 973 540 987 492 976 460 979 437 986 533 981 492 974 471 981 456 989 361 1139 401 1118 416 1087 429 1063 442 1052 372 1039 381 992 394 973 409 965 348 1042 353 990 371 967 390 959 335 1050 327 1006 337 982 351 967 329 1062 305 1033 292 1012 285 996 
581 1035 556 1064 517 1078 487 1083 464 1091 535 1035 498 1025 473 1021 449 1018 540 1006 488 984 451 980 421 981 540 988 491 982 460 990 437 1001 534 982 494 983 473 996 457 1008 359 1137 398 1115 413 1086 423 1064 435 1051 374 1039 376 995 384 973 394 961 350 1041 352 993 365 970 380 957 334 1048 326 1004 333 980 343 963 326 1060 303 1034 290 1015 282 999 
582 1036 561 1069 527 1082 497 1087 475 1099 540 1042 503 1030 473 1023 447 1018 543 1008 488 987 449 984 420 985 540 986 482 975 446 980 424 989 533 976 487 973 461 981 446 990 359 1133 396 1109 410 1080 418 1056 427 1042 372 1035 376 993 384 975 395 968 349 1039 349 992 359 970 371 955 332 1048 324 1006 328 982 336 965 323 1061 299 1036 285 1017 277 1002 
581 1039 560 1072 527 1083 498 1076 474 1073 537 1044 498 1034 469 1030 444 1027 538 1010 481 990 445 988 417 989 534 987 477 979 443 986 421 993 528 976 485 976 462 987 446 996 356 1133 393 1110 406 1082 412 1058 420 1042 368 1035 379 998 392 991 404 993 346 1038 346 993 356 970 365 955 329 1048 320 1009 321 987 326 970 320 1062 297 1039 283 1022 275 1009 
582 1041 559 1073 524 1085 494 1079 471 1077 531 1045 488 1039 459 1037 435 1036 531 1012 475 997 442 995 418 994 529 989 473 981 443 984 423 988 525 979 483 979 460 986 445 993 355 1131 391 1104 406 1071 413 1043 418 1023 366 1036 381 1002 397 995 411 997 343 1038 345 993 354 969 363 953 327 1048 317 1011 317 988 320 972 318 1063 294 1041 280 1025 271 1013 
582 1040 558 1072 522 1085 491 1084 468 1086 526 1048 483 1046 454 1044 431 1043 526 1014 470 1003 438 1001 415 1000 524 991 470 986 440 989 421 993 522 980 479 977 456 984 441 990 354 1131 389 1105 403 1074 408 1046 412 1027 366 1037 381 1006 395 1001 405 1005 343 1039 344 996 352 973 357 957 325 1049 315 1014 314 992 316 977 315 1065 292 1044 277 1029 267 1018 
580 1039 557 1073 523 1085 494 1081 476 1082 521 1050 479 1050 451 1050 428 1051 520 1017 464 1006 433 1005 410 1006 520 993 464 989 434 992 416 998 519 982 476 982 453 989 437 996 353 1130 388 1104 402 1073 406 1047 413 1030 364 1036 380 1008 394 1003 404 1006 341 1039 343 997 350 974 355 958 324 1050 315 1014 314 993 316 978 314 1065 291 1045 277 1031 268 1019 
578 1038 554 1071 521 1084 493 1084 478 1090 513 1050 468 1054 439 1055 417 1057 513 1017 456 1010 426 1011 406 1013 514 994 458 990 430 995 414 1001 516 983 473 983 451 990 436 998 354 1129 388 1103 401 1071 403 1044 412 1028 363 1036 379 1008 392 1001 403 1001 339 1039 342 998 349 975 354 959 322 1049 313 1013 312 992 315 976 312 1065 288 1044 274 1031 264 1019 
577 1039 553 1073 519 1085 487 1080 465 1076 510 1052 460 1057 432 1059 410 1061 508 1019 450 1015 421 1016 402 1020 508 998 454 996 427 1001 411 1006 510 988 468 988 447 994 433 1001 356 1130 389 1105 400 1074 400 1050 409 1035 362 1035 373 1003 386 1001 396 1008 339 1039 339 998 346 977 353 962 322 1050 312 1014 312 992 315 976 313 1066 289 1046 275 1031 266 1019 
577 1039 552 1074 519 1085 489 1084 469 1084 504 1054 454 1060 427 1062 406 1063 502 1023 447 1018 420 1019 403 1021 505 1001 455 999 432 1002 419 1007 510 990 473 987 455 991 444 996 360 1130 391 1102 399 1074 400 1051 408 1036 359 1035 364 999 377 997 389 1005 336 1040 333 999 340 979 346 967 321 1051 311 1013 312 992 317 976 312 1067 289 1047 274 1033 264 1020 
574 1039 550 1073 517 1082 485 1077 464 1071 501 1056 447 1064 420 1067 401 1070 498 1024 440 1020 414 1023 400 1029 501 1003 450 999 427 1005 417 1012 507 991 470 989 452 993 442 1000 360 1130 394 1103 399 1074 400 1051 404 1033 359 1041 361 1001 374 996 385 1002 335 1043 330 1001 338 981 347 971 319 1053 311 1012 316 990 325 976 311 1067 287 1045 273 1031 266 1021 
576 1039 548 1072 515 1081 484 1077 465 1072 497 1055 445 1066 418 1069 398 1072 495 1024 440 1022 416 1023 403 1026 499 1003 451 999 431 1003 421 1009 506 990 471 986 454 988 444 993 358 1131 388 1107 393 1079 393 1061 392 1047 345 1053 344 1022 349 1009 354 1006 325 1050 322 1007 330 985 339 974 315 1055 310 1010 319 989 328 977 312 1062 296 1035 289 1026 287 1025 
573 1039 547 1071 514 1081 483 1081 463 1079 493 1056 439 1065 412 1068 394 1071 490 1025 434 1021 414 1025 406 1031 493 1003 444 999 427 1006 423 1014 501 991 468 988 455 994 451 1002 359 1135 366 1116 363 1090 363 1068 365 1049 318 1070 298 1048 287 1033 278 1021 315 1059 311 1014 319 990 328 979 324 1052 324 1006 336 989 346 982 339 1049 335 1014 336 1010 337 1015 
573 1039 544 1072 511 1080 483 1075 467 1069 490 1054 438 1063 411 1066 392 1069 489 1024 434 1017 415 1020 407 1025 495 1002 449 997 432 1004 428 1012 504 990 472 987 459 992 455 999 356 1137 361 1117 361 1092 370 1071 378 1053 309 1074 289 1051 277 1035 268 1022 309 1060 309 1016 322 995 335 988 323 1051 331 1005 348 990 360 986 346 1044 358 1008 366 1004 373 1009 
572 1035 544 1070 511 1078 484 1073 468 1068 488 1050 436 1059 409 1062 390 1064 488 1020 435 1015 415 1018 405 1024 494 999 448 994 430 1002 423 1010 503 988 469 987 455 992 449 999 351 1135 386 1104 391 1076 387 1054 387 1036 342 1058 347 1027 356 1017 360 1013 320 1056 327 1011 341 994 354 988 308 1058 315 1014 330 999 343 993 304 1065 297 1034 296 1021 297 1015 
568 1034 542 1068 509 1075 482 1069 464 1065 482 1047 429 1054 403 1057 386 1058 483 1017 431 1011 417 1019 414 1029 491 997 446 992 432 1003 429 1013 501 986 469 986 457 994 455 1003 356 1133 386 1103 388 1074 381 1048 381 1027 346 1048 358 1009 373 1010 381 1019 323 1050 334 1008 350 997 363 997 310 1059 312 1020 324 1006 334 1001 302 1073 292 1048 290 1034 292 1026 
565 1034 534 1064 496 1072 461 1074 433 1078 474 1042 423 1048 400 1051 386 1051 479 1014 430 1007 422 1015 424 1023 492 995 453 990 444 1000 446 1010 506 985 479 986 474 995 477 1003 358 1132 384 1103 387 1071 380 1044 382 1023 346 1047 358 1007 373 1006 381 1015 323 1050 338 1005 356 1002 366 1009 309 1058 315 1017 330 1009 339 1013 301 1071 295 1042 301 1030 307 1026 
563 1032 529 1060 493 1068 460 1067 435 1070 470 1039 418 1045 396 1047 383 1047 475 1012 427 1004 427 1014 437 1022 487 994 450 987 452 1000 461 1009 503 982 479 982 479 992 487 999 355 1135 383 1102 387 1070 380 1043 380 1023 346 1046 362 1005 379 1008 387 1020 322 1049 341 1005 361 1006 370 1017 308 1058 321 1016 339 1015 348 1025 299 1070 302 1040 314 1034 322 1037 
559 1031 529 1059 494 1066 469 1058 453 1054 466 1038 415 1041 393 1042 380 1041 471 1010 425 1000 425 1008 434 1016 485 992 451 986 451 996 458 1005 500 981 479 982 479 991 487 998 354 1137 382 1104 387 1070 380 1042 381 1025 342 1048 363 1008 381 1012 389 1024 319 1051 343 1006 364 1006 373 1014 305 1058 325 1017 344 1016 353 1026 297 1069 307 1040 320 1034 328 1037 
555 1032 523 1060 489 1065 468 1054 458 1043 462 1037 413 1037 393 1038 383 1040 467 1011 422 998 420 1005 427 1013 481 992 450 986 451 995 458 1003 497 981 479 983 480 991 488 997 355 1138 383 1105 388 1074 381 1050 379 1036 340 1049 365 1017 381 1015 391 1019 318 1050 343 1010 362 1001 376 1000 305 1057 323 1021 339 1015 351 1017 299 1067 308 1042 319 1034 328 1032 
548 1032 516 1059 483 1064 463 1050 454 1036 455 1035 406 1034 389 1034 382 1035 462 1009 419 995 420 1002 429 1010 476 991 449 984 452 993 461 1001 491 981 474 981 477 989 485 995 352 1135 380 1103 385 1071 378 1045 378 1027 344 1043 365 1015 377 1011 386 1011 322 1045 342 1012 358 1000 371 996 308 1055 320 1025 333 1016 344 1012 299 1069 305 1046 314 1036 323 1031 
546 1032 513 1060 481 1065 459 1055 447 1046 452 1036 404 1034 385 1034 375 1034 458 1010 414 995 414 1001 422 1007 472 991 444 983 447 992 455 1000 488 981 470 980 472 989 480 995 351 1134 377 1102 381 1069 374 1045 374 1029 340 1043 363 1016 377 1012 386 1010 318 1046 338 1014 354 1002 367 995 305 1056 316 1027 328 1016 339 1010 297 1069 302 1046 311 1036 320 1029 
540 1034 507 1060 474 1063 454 1050 444 1039 447 1036 399 1033 381 1032 373 1032 454 1010 411 993 413 999 422 1007 469 992 442 983 446 992 455 1001 485 982 469 982 472 990 480 996 348 1132 376 1100 380 1067 372 1043 369 1028 335 1045 360 1016 375 1008 386 1003 314 1046 337 1014 353 1002 365 995 301 1054 315 1022 330 1012 341 1006 293 1064 304 1041 315 1030 325 1025 
535 1035 503 1061 472 1063 451 1048 443 1034 443 1036 396 1033 378 1032 369 1031 450 1011 409 994 409 998 416 1004 464 992 440 984 444 993 452 1001 480 982 465 980 467 988 476 995 342 1131 370 1101 375 1069 367 1044 363 1029 334 1040 357 1013 370 1008 380 1006 312 1043 332 1013 346 1001 357 994 298 1054 309 1027 321 1017 331 1011 290 1067 298 1046 308 1037 316 1031 
530 1036 498 1061 467 1062 448 1046 440 1032 438 1035 392 1031 375 1028 369 1026 447 1011 408 991 411 997 421 1004 462 993 440 983 445 993 454 1001 479 983 465 981 468 989 477 996 338 1131 367 1101 373 1067 366 1041 359 1025 335 1036 357 1011 368 1004 375 999 312 1040 331 1013 344 1001 354 993 296 1053 307 1026 319 1017 329 1012 287 1067 293 1045 303 1036 311 1030 
529 1037 495 1061 464 1060 446 1043 439 1028 437 1034 395 1028 379 1024 370 1022 446 1009 411 989 416 996 427 1004 462 992 440 982 446 992 456 1000 479 982 464 980 468 987 476 994 334 1130 366 1101 375 1067 369 1039 364 1022 334 1034 362 1005 376 996 386 990 310 1038 335 1008 350 1000 359 996 295 1051 311 1024 324 1018 334 1016 286 1066 293 1044 304 1037 314 1034 
528 1037 495 1061 465 1060 449 1042 443 1027 438 1034 397 1028 380 1024 371 1022 446 1010 413 988 418 993 427 1000 462 992 445 982 451 991 460 1000 479 982 467 979 471 986 479 993 333 1130 366 1103 376 1069 371 1042 363 1029 338 1033 362 1007 372 998 378 992 314 1038 334 1008 345 996 353 988 298 1051 311 1027 323 1023 332 1023 287 1065 293 1047 304 1043 313 1044 
526 1038 493 1061 463 1060 445 1043 438 1029 436 1033 396 1026 382 1023 376 1021 446 1009 414 988 421 995 431 1003 462 992 445 981 451 990 461 999 479 982 467 978 471 985 479 992 333 1129 367 1101 377 1064 373 1036 366 1023 339 1033 363 1006 375 997 383 990 315 1038 335 1008 347 995 354 986 299 1051 314 1030 326 1030 335 1034 288 1066 300 1048 311 1047 320 1051 
524 1039 490 1061 460 1058 445 1041 438 1026 434 1031 397 1026 383 1023 377 1021 444 1007 416 988 422 996 433 1004 461 990 445 979 451 989 460 997 479 979 466 973 470 981 478 988 336 1128 369 1100 380 1062 375 1034 367 1020 340 1033 365 1006 378 997 386 990 316 1038 338 1008 350 995 358 986 301 1051 317 1028 329 1027 338 1029 291 1066 303 1047 316 1045 325 1048 
519 1039 485 1061 458 1056 443 1039 437 1025 432 1030 397 1024 384 1022 379 1022 442 1007 416 985 423 990 432 998 459 990 447 973 453 981 460 990 478 981 470 968 473 974 478 983 338 1128 372 1101 382 1063 376 1036 366 1025 343 1032 368 1005 380 996 388 988 319 1037 340 1007 353 993 362 985 303 1050 317 1027 330 1022 339 1023 294 1065 305 1046 317 1043 326 1045 
513 1039 478 1057 453 1050 440 1033 437 1017 431 1028 396 1021 385 1018 381 1017 441 1005 415 985 423 991 432 999 457 987 444 973 451 980 459 989 475 977 467 964 470 970 476 979 340 1128 374 1101 384 1065 377 1040 367 1030 344 1034 367 1006 378 996 387 987 321 1038 339 1008 353 992 364 982 305 1050 317 1025 329 1017 339 1015 296 1064 306 1043 318 1039 327 1038 
509 1035 478 1055 455 1053 443 1040 438 1029 429 1023 396 1017 383 1014 376 1013 439 999 417 984 424 990 432 997 455 982 443 971 449 978 456 986 473 973 465 963 468 969 473 977 343 1127 377 1100 385 1063 378 1037 366 1028 344 1033 367 1005 380 994 389 985 320 1037 340 1007 356 991 367 981 305 1050 314 1023 327 1014 338 1011 297 1064 305 1042 317 1036 328 1034 
507 1029 475 1049 451 1044 439 1029 435 1015 429 1018 399 1012 391 1010 389 1011 438 995 416 982 423 987 432 994 452 979 443 972 450 979 458 986 469 968 464 962 468 969 473 976 346 1127 380 1100 388 1065 382 1041 373 1032 348 1033 370 1005 382 994 390 986 324 1038 342 1006 357 990 368 979 308 1050 315 1020 328 1013 339 1011 299 1064 307 1042 319 1037 330 1037 
503 1024 472 1044 449 1039 438 1024 436 1011 428 1014 401 1008 399 1005 403 1006 435 991 419 981 426 986 434 992 450 975 443 971 450 978 457 985 466 965 462 963 466 970 471 977 348 1126 383 1099 390 1064 383 1039 374 1031 350 1032 371 1004 381 994 389 986 326 1036 344 1003 359 988 370 978 310 1048 317 1017 330 1012 341 1013 302 1063 309 1039 321 1035 331 1036 
500 1023 468 1039 447 1032 438 1016 437 1003 428 1011 403 1005 402 1001 408 1001 434 990 424 978 432 980 439 986 448 974 448 968 456 974 462 982 464 964 468 961 473 967 477 975 352 1125 385 1097 392 1062 386 1037 377 1027 352 1031 374 1002 386 991 394 983 328 1035 347 1001 362 987 373 978 312 1047 318 1016 331 1008 342 1007 305 1062 311 1039 322 1032 333 1032 
499 1022 467 1036 445 1026 435 1009 433 995 428 1006 408 1000 408 997 412 996 435 986 428 977 435 980 442 985 449 971 448 966 455 973 462 980 465 961 468 959 473 965 477 973 352 1121 387 1095 395 1060 389 1034 379 1026 355 1026 377 995 388 985 396 978 330 1030 351 995 367 982 377 975 314 1043 321 1011 335 1005 347 1005 306 1058 312 1035 324 1028 335 1029 
497 1021 463 1034 442 1025 435 1007 437 992 427 1005 410 997 412 995 418 995 434 986 429 976 436 979 443 984 447 971 449 966 457 972 463 979 464 960 469 958 475 964 479 972 353 1119 388 1093 396 1058 389 1031 379 1022 355 1025 377 992 389 981 398 973 330 1029 352 992 369 981 381 976 314 1041 324 1009 338 1001 350 1000 306 1056 313 1030 325 1021 337 1019 
495 1019 464 1033 442 1024 435 1007 434 994 427 1003 408 996 408 994 413 993 434 984 427 975 434 978 440 983 448 969 448 965 455 973 461 980 465 960 468 959 473 965 477 973 352 1117 388 1090 396 1054 389 1027 377 1019 355 1023 378 989 390 978 399 971 329 1027 352 988 370 977 383 973 313 1039 324 1005 339 997 351 998 306 1053 313 1026 326 1017 337 1015 
498 1016 468 1032 444 1024 428 1008 420 997 430 998 411 992 418 995 426 998 440 980 426 972 433 978 440 984 454 967 444 964 450 971 456 977 470 958 464 959 468 965 473 972 352 1116 387 1087 395 1051 388 1023 376 1014 354 1020 376 988 388 978 396 971 328 1024 349 989 366 979 377 975 312 1037 322 1004 337 997 350 996 305 1051 313 1026 326 1018 338 1017 
503 1014 472 1030 450 1021 437 1005 433 992 435 999 420 989 426 991 435 995 444 981 433 972 438 976 446 982 458 968 448 962 453 969 460 975 475 959 468 958 470 965 475 971 350 1115 385 1087 393 1050 386 1023 374 1016 352 1018 374 988 385 978 393 972 327 1023 348 988 365 978 377 974 311 1036 323 1004 338 995 350 994 304 1050 312 1025 325 1016 337 1014 
505 1013 477 1031 456 1023 445 1008 443 996 437 999 422 991 428 993 437 997 446 980 435 973 442 979 450 984 461 967 451 963 456 971 463 976 477 958 471 959 473 966 478 972 350 1115 385 1087 394 1049 386 1021 374 1015 353 1018 374 989 385 980 392 973 328 1022 349 989 365 980 375 978 312 1034 323 1002 338 994 350 992 303 1048 311 1022 324 1013 335 1010 
506 1012 476 1027 455 1016 444 1001 443 989 440 991 431 984 436 990 442 994 450 975 439 970 444 977 451 983 465 965 454 962 456 970 463 975 481 959 473 959 473 966 477 973 350 1114 385 1086 394 1048 386 1020 374 1011 354 1017 375 987 387 979 395 972 328 1021 349 988 365 979 377 976 312 1033 324 1002 340 993 352 991 304 1047 313 1022 326 1013 337 1012 
508 1011 478 1028 453 1019 439 1002 432 989 440 990 428 985 434 993 442 998 452 973 440 969 444 977 451 983 467 963 455 961 457 970 464 975 484 957 475 957 475 965 480 972 348 1114 384 1088 394 1049 387 1021 374 1012 354 1016 376 987 389 979 398 974 328 1019 350 988 366 979 377 976 312 1031 325 1001 341 991 354 989 303 1045 313 1020 326 1012 338 1009 
510 1009 481 1029 456 1021 440 1005 434 992 441 994 425 987 427 990 432 994 453 977 438 968 440 975 445 981 467 966 455 963 456 971 461 976 484 959 474 959 474 966 478 972 346 1115 382 1088 393 1051 388 1023 378 1013 352 1017 376 988 389 980 398 974 327 1020 348 988 365 979 376 975 310 1032 324 1001 340 992 352 990 302 1045 311 1020 324 1011 335 1008 
510 1010 482 1031 458 1025 445 1008 442 995 444 996 426 986 424 987 426 990 455 978 438 968 440 974 445 981 470 967 459 963 460 971 465 978 487 960 479 960 478 968 483 974 341 1116 378 1090 392 1054 389 1026 380 1014 350 1019 375 992 388 983 398 976 325 1021 346 988 364 979 376 975 308 1032 321 1001 337 993 349 992 300 1045 309 1018 321 1010 333 1008 
516 1009 485 1032 460 1026 446 1009 444 995 446 997 428 987 430 991 435 996 458 980 441 969 443 977 449 984 474 969 461 963 462 972 468 979 491 962 482 963 481 971 486 977 336 1117 375 1095 390 1060 389 1029 379 1019 349 1020 376 994 390 984 401 977 325 1020 347 988 365 978 379 973 309 1029 322 1000 337 990 350 987 300 1042 306 1018 317 1009 328 1006 
522 1009 493 1033 469 1031 454 1016 452 1002 448 1001 436 992 443 996 452 1000 459 983 442 970 447 976 455 982 474 970 463 964 467 972 474 979 492 962 485 963 485 970 490 977 332 1116 371 1096 387 1062 389 1034 385 1021 348 1022 377 995 393 986 405 979 325 1020 346 987 366 975 381 969 309 1029 319 998 334 986 348 981 300 1041 303 1015 312 1004 322 999 
522 1006 497 1032 471 1030 454 1016 449 1004 448 1001 431 990 434 992 441 996 458 981 441 969 446 976 453 983 474 968 462 963 465 972 472 978 492 960 484 960 484 968 489 975 329 1117 366 1096 384 1064 390 1034 394 1016 344 1024 375 998 392 989 405 982 322 1022 343 988 363 974 379 966 307 1028 318 995 334 984 348 979 298 1039 303 1012 313 1001 324 995 
527 1003 507 1033 483 1038 468 1027 464 1016 448 1003 433 996 439 998 446 1001 458 981 441 970 446 976 454 983 473 967 463 964 467 972 475 978 491 959 484 960 486 968 492 973 325 1115 362 1095 381 1061 389 1032 394 1012 340 1020 373 997 392 990 406 985 317 1016 342 984 364 972 383 966 303 1022 317 990 335 981 351 979 296 1031 304 1006 317 997 330 993 
531 997 513 1030 490 1038 477 1031 473 1021 449 1000 441 1000 449 1005 459 1008 460 977 445 974 449 982 457 987 476 963 464 964 467 975 474 980 493 954 484 958 485 967 491 972 320 1111 360 1091 379 1057 388 1026 393 1005 337 1015 373 992 393 986 406 982 316 1012 342 980 365 968 383 962 302 1018 317 987 336 977 352 975 297 1028 305 1001 318 991 330 987 
536 989 516 1023 491 1032 478 1025 475 1017 450 994 443 1002 453 1009 461 1010 461 971 449 975 454 984 463 988 478 956 466 958 468 969 476 973 497 947 486 950 485 960 491 966 314 1107 355 1087 377 1050 387 1018 396 996 332 1010 367 988 389 982 404 979 311 1006 341 974 365 964 384 958 299 1011 319 978 339 969 356 966 294 1020 306 992 320 981 333 977 
537 981 519 1014 493 1023 476 1024 468 1027 453 988 445 993 450 999 456 1003 462 965 450 969 453 979 460 985 477 950 464 953 464 963 469 968 494 939 483 943 482 953 488 960 313 1101 353 1080 375 1045 385 1013 393 992 328 1007 364 982 386 975 402 971 308 1004 338 970 362 959 381 955 297 1008 317 975 338 965 354 963 293 1016 304 987 318 976 331 971 
537 969 519 1006 489 1017 469 1020 458 1024 448 978 447 988 457 995 466 996 457 956 454 967 462 976 472 977 472 942 467 950 473 959 482 961 489 931 484 939 488 947 496 950 309 1095 349 1076 370 1040 382 1008 388 986 323 1000 361 975 383 968 399 963 304 997 334 964 359 954 377 951 293 1003 313 971 333 960 349 957 290 1011 300 983 313 972 326 967 
533 958 513 993 481 1004 461 1006 446 1014 446 966 434 973 434 982 438 990 456 943 444 953 447 966 455 972 471 929 456 937 458 949 466 955 487 920 473 928 473 939 479 946 305 1088 344 1069 365 1033 377 1002 381 981 317 993 349 964 371 956 385 949 300 993 328 959 352 949 368 944 290 999 309 967 330 956 346 951 287 1007 297 979 309 967 321 961 
536 947 509 982 471 994 443 997 426 1002 442 951 428 969 432 984 439 993 453 929 441 950 448 967 457 974 470 916 456 933 460 949 469 956 487 908 472 923 473 936 480 943 300 1077 338 1063 359 1028 370 996 381 976 313 987 344 952 367 941 382 935 296 984 327 946 352 938 371 937 288 987 310 953 333 945 351 943 287 993 301 964 317 953 331 949 
538 936 508 968 470 974 445 975 428 982 446 930 424 948 423 966 427 979 455 908 437 929 439 949 444 961 470 896 453 914 453 930 460 939 484 889 467 903 466 915 472 924 296 1070 333 1054 355 1019 366 986 376 965 309 974 342 941 365 932 381 926 294 971 326 937 352 930 372 930 288 975 313 944 337 938 355 938 288 981 306 954 322 945 338 942 
540 925 508 953 467 955 439 957 420 962 448 909 419 929 416 949 419 962 457 890 430 910 428 931 429 945 470 882 445 891 435 905 434 917 482 881 458 886 446 894 442 902 293 1061 330 1044 351 1009 362 978 374 959 306 965 340 933 363 923 379 917 291 964 323 932 347 924 366 923 286 969 310 940 332 935 349 935 287 976 304 952 320 943 335 941 
541 919 505 944 462 942 434 939 415 939 450 889 418 897 410 914 407 928 464 873 435 885 428 905 428 922 480 869 456 881 448 898 448 914 494 869 473 882 465 896 464 910 290 1050 328 1034 349 999 362 967 372 948 304 956 337 925 360 915 376 910 290 956 318 924 342 916 361 915 283 962 304 933 325 925 342 923 283 970 296 943 311 933 325 928 
542 912 501 933 463 928 435 921 414 918 449 873 416 885 407 901 404 914 465 856 433 872 423 892 421 910 482 853 456 870 447 887 448 904 496 856 475 868 466 882 464 896 289 1040 327 1022 347 987 362 957 373 939 304 945 335 916 357 907 372 903 289 946 317 915 340 908 358 908 282 954 303 925 324 917 341 916 284 963 298 938 313 928 327 924 
541 907 501 921 464 914 437 904 420 898 454 862 423 869 411 883 404 894 471 847 439 859 428 877 423 893 488 844 460 858 450 874 448 889 502 847 481 856 471 867 467 881 289 1030 326 1013 347 978 362 950 375 933 306 937 335 907 357 899 373 895 291 938 319 906 342 899 360 899 284 945 307 917 328 910 345 908 285 954 302 930 318 921 332 917 
538 900 499 916 465 907 440 896 422 894 454 857 422 862 406 872 395 880 472 842 437 847 421 860 411 873 489 840 458 842 444 853 437 866 503 844 480 846 467 853 459 863 292 1019 328 1002 351 970 367 942 380 923 309 929 338 896 360 886 375 882 294 930 321 895 344 887 362 887 287 936 310 906 330 898 348 897 288 944 305 920 321 910 336 906 
539 896 501 911 466 902 441 894 420 894 457 854 423 858 408 869 399 878 474 838 438 840 424 853 417 866 490 834 459 831 443 840 436 850 503 837 478 830 462 832 453 838 296 1012 335 994 358 962 373 933 386 912 314 924 342 889 363 879 378 875 297 925 324 892 346 886 363 886 289 932 312 904 330 897 346 896 288 941 305 917 320 908 334 905 
535 894 499 908 467 901 443 894 423 895 459 855 426 853 412 862 405 872 475 838 440 833 425 845 419 856 491 833 460 824 445 831 437 840 504 835 481 825 466 826 456 832 300 1007 339 989 362 958 378 929 389 907 322 918 348 884 366 875 380 871 303 919 328 888 347 881 362 881 293 927 314 900 331 892 345 891 291 937 306 914 320 905 333 902 
534 894 498 909 468 902 446 893 428 891 459 855 429 850 417 857 411 865 476 837 443 830 430 840 425 850 492 831 465 822 450 828 443 837 506 833 487 824 473 826 465 832 305 1001 345 982 367 953 381 929 394 914 329 912 351 882 367 873 379 869 310 914 330 884 346 877 360 877 299 923 317 897 332 889 346 888 297 933 311 912 323 904 335 902 
531 894 497 908 468 902 448 894 431 892 458 857 431 849 419 851 413 855 475 839 447 826 434 832 429 841 492 833 469 820 457 824 452 831 506 835 494 825 483 826 477 831 309 993 350 975 373 949 387 927 398 913 337 908 355 879 369 869 379 864 317 910 334 881 349 874 363 874 306 917 320 893 335 885 347 884 303 926 314 906 325 898 336 897 
529 893 496 908 469 902 450 892 435 889 457 858 431 848 420 848 416 852 474 840 446 823 435 828 431 836 491 833 468 816 457 821 455 829 505 834 492 821 482 824 478 831 313 985 353 969 377 944 390 923 400 911 343 905 357 876 370 866 380 862 323 905 338 876 353 870 366 871 312 911 324 887 339 880 352 880 308 920 318 900 329 892 340 891 
528 891 494 906 467 901 450 889 440 882 459 858 432 845 420 844 416 847 475 840 448 822 435 822 429 826 491 833 469 813 456 811 449 815 505 833 494 818 484 817 478 822 318 977 358 962 381 937 395 917 406 906 345 899 360 872 372 862 382 858 325 900 341 873 355 866 368 867 314 906 327 883 341 876 353 876 309 915 320 896 332 889 342 888 
526 890 493 905 467 899 451 885 440 876 460 856 432 842 421 841 417 844 476 839 448 819 436 819 431 824 492 831 469 810 456 809 450 813 506 832 495 815 485 815 479 821 321 971 359 958 381 934 394 916 405 908 348 894 363 869 374 860 384 856 328 895 343 870 357 864 369 865 315 902 329 881 343 876 353 877 308 912 320 896 331 892 340 893 
524 890 491 904 467 897 452 884 443 875 458 855 434 841 423 838 417 840 475 838 451 818 439 815 434 819 491 831 471 810 459 807 452 811 506 831 498 814 489 814 483 819 322 966 360 955 382 931 396 913 410 905 351 889 367 866 377 857 385 853 331 890 347 866 360 861 372 863 318 896 333 876 346 872 357 873 312 906 324 890 335 885 345 885 
522 889 490 903 466 896 451 883 442 875 456 855 432 840 422 838 418 841 473 838 449 817 439 815 434 820 489 830 471 810 460 808 454 812 506 829 497 813 488 813 483 819 326 960 362 949 383 927 397 911 409 905 354 886 369 864 379 856 387 853 333 887 348 863 362 859 374 861 320 895 334 874 348 869 358 870 313 904 325 889 336 884 346 884 
522 888 490 903 465 895 451 880 445 871 454 855 429 841 421 840 420 844 470 837 447 818 437 818 434 823 487 829 469 811 458 810 454 815 504 828 495 814 487 814 483 822 326 957 364 947 384 926 396 911 408 906 356 883 370 862 380 855 388 852 336 885 349 862 363 859 374 862 322 892 334 873 347 869 358 870 314 903 325 888 336 883 345 884 
519 888 488 902 464 894 452 880 446 871 453 855 427 843 420 843 421 847 468 837 444 819 436 822 435 829 484 828 466 810 457 812 454 819 501 827 493 814 486 816 483 825 326 955 365 946 385 924 398 911 409 907 359 881 372 861 382 855 389 853 338 882 350 862 362 860 372 863 323 890 334 873 347 869 356 871 315 901 325 888 336 884 344 886 
518 888 488 902 466 895 454 881 448 874 451 855 425 842 420 843 422 848 465 837 441 819 437 826 439 835 482 828 463 808 457 814 457 823 499 827 491 813 485 819 484 829 327 954 366 944 384 924 396 913 407 909 360 882 372 862 381 856 388 854 339 884 349 864 360 862 368 864 324 891 334 876 344 872 352 874 315 903 324 892 333 889 340 891 
516 887 487 903 465 897 454 883 449 876 449 855 422 841 418 843 422 849 464 837 439 819 437 828 441 838 480 827 462 807 457 815 459 824 497 826 489 814 484 820 485 829 330 952 367 944 387 924 399 910 410 905 361 882 373 862 382 857 389 855 340 884 349 864 359 862 367 864 326 892 334 876 345 872 353 874 317 903 324 891 334 888 341 890 
515 885 485 901 463 894 451 882 443 875 448 854 421 839 417 842 421 848 462 835 438 817 437 827 442 838 479 826 459 807 457 816 461 826 495 825 485 813 482 821 485 830 330 953 366 946 386 924 399 911 411 908 360 882 373 864 382 858 389 857 340 883 348 862 358 861 366 865 325 891 334 876 345 874 352 878 317 903 325 892 335 890 341 893 
513 884 481 897 460 888 450 874 444 865 446 851 420 837 419 842 425 849 461 833 437 814 437 825 443 836 478 824 459 805 458 814 462 823 495 823 485 813 482 819 484 826 331 951 366 945 386 924 399 911 410 907 361 881 373 862 382 857 389 856 341 882 348 859 357 860 365 867 326 890 336 874 346 875 352 881 318 901 326 890 336 890 341 895 
511 882 480 893 459 882 452 866 450 856 442 848 418 834 420 839 429 846 457 830 435 812 436 821 443 832 474 821 458 802 458 812 462 821 491 820 482 810 480 816 483 824 332 950 367 943 387 921 399 909 411 904 362 878 374 860 384 856 391 856 342 880 348 856 358 858 366 864 327 888 336 872 347 873 354 879 319 900 327 889 337 889 343 894 
511 880 480 891 459 880 451 864 448 854 440 846 418 832 422 837 431 844 455 828 434 809 436 819 443 829 472 818 456 800 457 810 461 819 489 816 479 808 477 815 479 822 333 950 368 941 387 919 399 907 410 902 362 877 374 859 384 856 391 857 341 878 348 855 358 857 365 864 327 886 337 869 347 870 353 876 320 898 329 885 338 884 344 889 
511 879 479 890 458 880 449 863 446 853 440 844 418 832 422 838 431 845 455 826 433 810 435 821 442 830 472 816 454 799 454 810 459 819 487 815 475 806 472 813 474 820 334 950 368 941 385 919 395 907 406 903 361 877 374 858 385 856 393 859 341 878 348 854 359 856 367 864 327 886 337 868 348 870 355 876 320 897 329 884 339 883 345 888 
510 878 479 891 456 880 447 863 443 852 440 843 418 833 420 839 427 844 455 824 431 811 431 822 437 830 471 815 453 799 451 809 455 818 486 815 473 806 468 813 470 821 335 949 368 941 385 920 394 906 401 902 361 877 373 858 384 858 390 863 341 878 348 853 358 857 365 866 327 886 336 869 346 872 351 880 319 897 327 885 336 886 342 891 
509 878 480 893 455 886 441 872 433 863 439 843 417 833 413 839 417 844 454 825 430 811 428 822 433 831 469 816 449 800 445 810 449 818 483 815 468 804 462 810 464 818 335 949 369 941 383 924 391 910 396 903 359 877 371 858 382 858 389 864 338 878 345 855 356 858 362 865 324 886 333 870 344 873 350 881 318 897 326 887 334 887 340 893 
510 879 480 895 454 887 439 873 429 865 437 844 413 834 409 839 412 844 453 826 427 812 424 824 429 833 469 817 447 799 443 809 446 819 484 816 468 806 462 812 464 820 331 950 368 941 379 922 387 910 393 903 355 875 366 858 377 858 384 863 334 878 341 857 351 858 358 861 321 887 328 871 339 871 346 875 316 898 323 887 330 886 336 890 
512 880 483 897 454 890 436 879 425 871 437 848 411 837 402 839 402 843 450 829 422 815 418 827 422 836 464 818 441 803 434 814 438 822 478 814 458 800 449 807 451 815 326 951 362 943 375 922 384 908 392 900 349 875 361 856 373 855 380 861 330 877 338 857 350 858 358 863 317 886 324 867 336 866 344 869 311 898 318 882 326 879 332 882 
515 883 483 901 452 896 430 886 416 882 438 852 409 839 399 842 396 847 451 831 419 819 413 830 416 841 466 819 437 804 430 815 432 824 479 816 460 805 450 811 450 819 323 952 356 944 371 923 383 909 393 903 344 877 357 856 369 854 376 860 324 879 334 856 345 857 353 863 311 886 319 867 331 866 338 870 305 897 311 881 319 878 325 881 
518 885 486 905 452 902 426 892 408 889 437 857 406 844 394 847 390 852 449 836 415 823 409 835 411 845 463 824 432 809 425 819 426 829 477 819 455 808 445 814 443 821 317 954 351 943 367 921 381 908 394 903 340 879 355 856 366 855 373 860 321 880 333 856 346 855 355 861 308 887 316 866 329 864 338 866 302 897 308 880 316 876 323 878 
519 890 487 910 453 907 424 898 404 897 438 868 403 854 389 856 384 860 449 845 411 831 404 843 407 853 463 831 428 816 420 827 422 837 476 825 453 812 442 818 440 825 310 959 346 947 364 922 381 908 397 901 335 877 354 858 366 858 372 863 316 878 332 858 347 858 356 863 303 886 314 866 328 864 338 867 297 896 305 879 314 875 322 877 
523 893 490 916 454 914 423 904 401 904 440 879 403 865 387 865 379 866 448 854 407 838 401 851 407 862 460 838 423 823 418 837 423 847 473 829 447 818 438 827 439 835 306 963 341 953 360 929 377 912 393 905 332 884 353 859 367 859 375 866 313 883 333 858 349 860 359 868 300 889 315 867 330 866 340 871 294 898 305 880 315 876 324 879 
526 898 493 923 455 928 421 922 395 922 440 891 396 877 383 877 381 877 448 864 403 849 400 862 409 872 461 846 420 832 417 847 425 857 474 835 443 822 435 833 439 842 300 969 335 960 356 935 374 918 392 912 328 891 352 863 368 863 378 869 310 888 336 861 354 864 364 872 298 892 319 868 336 869 346 875 293 899 309 878 322 875 331 878 
529 902 497 930 458 938 423 932 396 928 444 901 394 888 380 890 382 893 451 873 402 857 401 870 412 879 462 853 418 839 417 854 428 863 476 840 443 829 436 841 442 849 296 978 332 970 356 944 375 927 395 923 327 897 354 872 371 871 382 874 309 893 339 869 358 871 370 878 298 896 321 874 338 874 350 879 293 903 309 882 322 878 332 880 
535 905 500 932 461 940 425 936 397 931 450 908 400 897 381 896 377 896 456 879 404 865 400 877 409 885 466 857 418 844 416 858 426 867 478 844 443 833 436 845 441 853 291 985 327 978 353 953 374 936 394 933 325 901 359 880 377 878 388 879 309 896 343 877 363 878 375 882 298 899 326 882 344 882 355 885 294 906 314 889 327 885 337 886 
538 908 503 934 463 942 426 940 398 936 452 910 400 902 383 901 379 900 458 881 405 869 400 881 409 890 468 859 420 848 417 863 427 872 480 845 444 836 437 848 442 856 289 995 326 988 350 963 372 944 392 938 321 915 353 890 372 889 384 893 304 910 337 886 358 886 371 890 294 913 321 890 340 889 353 892 290 919 310 897 325 891 336 892 
542 910 506 937 467 946 429 944 399 941 456 913 403 905 385 905 381 905 462 884 407 873 404 886 415 895 472 862 423 853 421 868 432 877 483 847 445 839 440 852 447 860 285 1005 322 997 347 971 370 952 391 944 317 923 347 899 366 896 379 896 300 918 332 894 353 891 366 892 290 920 317 897 336 893 348 893 286 925 307 903 321 896 332 894 
544 913 508 940 467 950 428 946 398 944 461 914 407 907 389 908 383 909 468 885 411 872 409 888 421 899 478 864 431 856 430 871 441 880 489 851 454 849 449 862 455 870 286 1012 322 1004 347 979 371 957 393 947 315 932 347 903 366 900 376 903 296 926 330 896 351 896 362 899 285 926 313 899 332 897 342 899 280 931 302 906 316 900 325 899 
545 922 511 950 468 958 428 953 396 952 463 920 410 915 391 915 384 914 470 891 415 878 413 893 424 903 479 871 437 867 436 883 445 890 488 859 455 859 452 872 459 879 283 1018 321 1008 345 983 367 961 389 953 315 935 348 907 367 904 380 905 294 928 330 900 352 901 364 907 281 929 310 902 328 902 339 907 274 933 296 911 310 907 319 908 
547 933 511 961 468 966 429 958 397 956 464 926 411 922 392 922 385 921 471 896 417 887 416 902 427 913 481 878 439 876 438 891 448 899 489 867 458 869 456 882 464 889 281 1023 321 1013 348 986 371 962 393 953 315 937 350 909 370 908 382 911 294 929 331 902 352 904 363 912 279 931 309 904 327 905 337 911 271 936 292 913 306 910 315 912 
546 943 507 967 464 970 426 964 395 961 462 932 409 925 392 926 387 926 471 904 415 889 416 906 429 919 484 887 442 884 443 901 454 908 495 878 462 880 462 893 470 899 281 1027 322 1018 348 992 371 969 393 962 320 941 355 911 375 910 387 915 298 932 337 903 358 910 367 919 283 933 312 905 330 909 339 918 272 938 292 915 307 914 315 919 
547 948 508 975 465 980 425 971 393 967 460 936 407 926 391 928 388 928 471 908 414 893 415 911 428 923 483 891 440 886 441 903 452 911 494 882 463 883 462 897 470 904 282 1031 325 1022 352 996 376 973 399 965 322 945 356 915 375 914 387 919 299 936 337 908 357 914 367 924 284 937 312 911 330 915 339 925 275 942 294 921 308 921 316 927 
548 952 510 980 467 984 426 974 394 968 464 939 406 923 394 931 396 937 474 909 415 895 414 914 425 925 485 891 437 887 437 903 447 911 494 882 458 884 456 898 464 905 287 1038 329 1029 356 1001 379 976 400 965 323 951 358 920 377 918 388 923 300 943 339 914 360 919 370 929 285 945 313 917 332 921 342 930 276 952 293 928 307 927 316 932 
552 954 513 981 468 984 427 975 396 972 468 938 411 921 394 928 394 937 479 908 418 893 414 912 423 925 490 890 439 885 435 902 444 912 499 882 460 884 455 898 462 906 289 1042 331 1034 358 1007 380 981 401 969 324 954 357 922 377 919 390 924 301 946 337 915 359 920 372 929 287 948 313 919 333 921 344 931 279 955 295 930 310 927 320 932 
555 955 515 980 470 982 428 976 395 977 474 938 414 917 392 922 382 931 485 908 420 889 412 908 418 924 495 891 440 883 434 902 441 914 502 883 461 884 454 900 458 910 291 1046 333 1037 358 1011 377 985 396 974 319 959 354 924 375 922 387 926 298 951 335 918 359 922 371 930 285 952 312 920 334 924 345 933 279 957 296 930 312 927 323 931 
555 955 516 979 468 983 426 977 390 978 481 939 422 911 394 911 380 919 491 908 424 887 408 902 411 919 498 890 439 882 426 900 430 915 501 882 457 884 446 899 447 911 288 1051 330 1044 354 1014 373 986 392 974 313 963 348 924 369 924 381 929 293 955 329 917 353 921 364 930 282 956 307 919 329 922 340 932 278 961 294 931 311 928 321 933 
554 958 516 982 467 983 422 977 387 979 481 931 429 896 400 899 384 909 492 903 430 880 405 894 399 912 498 889 443 878 421 894 416 911 501 885 459 882 440 894 434 907 289 1056 328 1046 353 1012 377 981 400 965 305 965 343 925 369 920 387 921 286 957 324 917 351 921 367 929 277 958 302 922 327 923 341 932 277 963 292 933 309 929 322 933 
554 963 513 984 464 983 420 977 386 980 483 933 438 894 407 889 386 894 495 906 438 872 406 879 390 895 500 892 447 871 418 879 405 893 501 887 457 878 432 883 418 893 288 1061 328 1051 351 1014 371 984 390 968 304 965 335 923 358 913 374 908 288 961 318 921 344 917 361 920 281 964 304 929 327 925 343 928 282 970 299 942 315 935 329 934 
553 968 513 989 464 988 421 981 386 986 488 940 438 902 404 892 378 891 500 912 440 875 405 879 385 892 504 896 447 872 417 878 401 891 501 889 454 876 428 881 413 890 292 1068 329 1055 351 1022 370 993 387 977 306 968 331 925 351 911 366 903 291 966 320 928 343 918 361 915 285 970 311 938 331 929 349 926 287 975 307 948 324 938 340 934 
549 974 512 998 464 1000 420 991 384 995 492 950 443 914 406 903 375 901 500 918 437 882 398 888 377 903 501 901 442 877 410 888 395 903 496 895 450 881 422 888 406 900 294 1075 335 1064 358 1028 374 997 393 980 307 982 328 928 353 911 373 904 290 979 317 928 344 914 365 912 284 981 308 939 333 926 353 924 287 985 306 951 326 938 343 933 
551 985 512 1010 463 1010 419 1000 383 1002 491 967 445 935 409 921 379 915 500 935 442 901 401 899 374 905 503 915 448 890 411 893 389 904 501 909 456 890 427 892 410 901 294 1081 339 1070 361 1033 379 1003 399 988 312 982 327 926 348 907 366 898 293 981 317 931 342 916 364 912 286 984 307 943 331 932 351 929 287 990 304 958 324 945 342 941 
551 993 510 1019 459 1019 416 1009 382 1010 488 971 440 946 404 932 373 924 497 938 437 916 395 915 367 920 502 918 444 902 407 906 386 916 502 911 459 895 432 895 415 899 300 1094 347 1078 371 1037 383 1007 396 988 320 992 330 936 347 909 362 893 301 992 318 937 340 914 360 900 295 996 311 951 330 933 349 923 296 1001 309 967 324 950 341 941 
551 998 516 1030 465 1031 424 1014 393 1010 491 984 441 962 404 949 372 943 497 949 433 928 389 929 359 935 499 927 437 913 398 918 375 930 496 919 450 905 423 909 405 916 302 1102 350 1088 380 1050 398 1018 412 996 329 1003 338 945 350 915 361 893 310 1002 324 947 340 918 356 899 303 1005 318 961 333 939 349 925 303 1010 317 977 331 959 346 949 
556 1005 520 1039 469 1043 425 1030 389 1024 496 995 445 974 406 962 374 953 501 957 434 939 391 939 362 945 501 933 437 921 400 926 379 938 497 923 453 912 427 916 410 924 306 1110 354 1096 385 1059 401 1024 413 998 335 1016 341 959 347 924 352 896 317 1013 330 960 344 928 356 905 309 1014 325 970 340 945 354 927 309 1016 322 979 335 956 348 940 
557 1009 524 1042 476 1051 432 1043 397 1041 500 1002 448 982 409 971 377 964 503 964 434 945 392 947 364 952 502 940 437 929 400 935 378 945 497 931 449 923 421 930 403 939 307 1118 353 1107 385 1076 405 1048 420 1031 338 1030 343 972 349 935 354 906 320 1027 330 970 342 935 354 909 313 1026 326 979 341 953 355 936 313 1027 326 990 340 965 353 949 
561 1011 530 1045 479 1051 435 1039 400 1040 504 1006 447 987 408 978 377 973 507 967 431 949 391 953 366 960 506 944 435 934 399 943 380 954 501 935 450 933 422 943 406 954 306 1124 351 1114 384 1083 407 1057 425 1041 338 1027 342 973 345 937 348 911 323 1026 332 975 342 943 352 920 317 1030 328 987 341 961 353 942 317 1033 329 1000 340 977 350 961 
562 1014 530 1045 482 1051 437 1039 400 1036 505 1003 445 986 406 979 375 975 507 966 429 953 390 958 365 967 505 944 435 939 402 950 385 963 501 936 452 937 426 949 412 961 305 1127 350 1116 380 1084 402 1058 420 1048 335 1029 335 976 337 941 339 916 320 1028 328 977 339 948 349 928 314 1032 326 990 340 967 352 953 314 1036 326 1004 339 984 352 972 
567 1014 534 1045 486 1049 441 1034 406 1029 506 1000 446 983 409 977 378 976 509 964 435 952 396 960 374 972 509 944 440 937 408 950 394 965 505 937 454 935 429 947 416 960 303 1130 346 1118 376 1085 400 1057 423 1042 329 1028 325 976 326 940 329 915 315 1028 322 978 336 950 350 934 310 1032 321 991 337 970 351 958 310 1036 322 1006 336 988 349 978 
570 1013 535 1046 488 1046 448 1026 420 1019 508 1000 449 983 414 975 383 972 511 964 436 952 400 961 379 973 510 943 441 940 416 955 406 969 507 936 459 941 439 956 433 969 299 1132 341 1117 368 1083 388 1054 405 1035 320 1033 321 978 325 943 329 917 305 1031 311 978 322 946 333 923 299 1033 308 989 320 963 331 945 299 1036 309 1002 319 980 330 965 
571 1014 531 1044 481 1042 441 1020 411 1001 507 1002 451 985 416 978 387 974 511 966 439 955 404 962 384 974 510 945 444 943 416 955 405 969 507 938 461 940 438 953 429 966 298 1127 340 1111 363 1073 385 1042 408 1025 313 1028 316 972 327 941 337 922 294 1026 302 972 322 947 342 937 286 1029 293 982 311 961 329 952 286 1033 292 996 306 977 320 968 
571 1014 533 1043 485 1042 445 1025 415 1011 504 1005 451 990 415 983 385 980 509 969 439 956 405 964 385 978 509 947 444 946 423 962 418 977 508 939 462 943 445 958 443 972 297 1127 338 1108 360 1071 378 1042 396 1026 308 1026 312 972 326 947 341 933 288 1025 291 970 309 947 326 939 278 1030 279 982 294 960 309 950 276 1035 276 997 284 977 294 966 
573 1013 537 1041 488 1042 447 1027 417 1018 507 1003 451 989 416 984 387 983 511 969 442 958 408 966 388 978 513 948 448 945 421 958 409 973 512 940 465 941 444 954 435 966 296 1129 337 1107 355 1069 368 1036 384 1016 305 1031 309 976 326 955 343 947 285 1029 288 971 309 951 330 946 276 1034 276 983 295 963 313 955 274 1040 273 1001 284 981 297 973 
573 1011 539 1041 497 1044 462 1028 438 1020 505 1002 448 987 414 983 388 982 508 970 440 955 407 964 388 975 510 951 448 944 421 956 409 969 511 944 465 943 443 953 432 963 297 1129 336 1105 354 1067 368 1034 384 1012 301 1029 308 975 330 961 348 958 282 1029 291 972 315 956 336 954 273 1033 278 983 299 966 319 961 270 1038 270 1000 282 983 296 975 
573 1010 537 1038 492 1040 451 1029 421 1023 500 1003 444 988 411 984 386 984 504 970 439 957 406 966 388 978 508 952 448 943 421 956 408 970 511 946 467 943 444 953 431 963 297 1132 335 1108 352 1071 366 1037 382 1015 304 1034 312 981 332 967 347 964 285 1033 292 976 314 959 333 956 276 1036 278 988 297 970 315 962 272 1043 270 1006 278 987 290 978 
571 1009 532 1036 489 1037 448 1028 417 1022 496 1003 439 988 405 984 380 983 501 971 436 958 404 966 388 978 506 952 448 944 421 956 411 969 511 945 466 941 444 950 433 959 301 1133 339 1107 356 1071 367 1039 383 1018 306 1036 319 987 338 977 352 976 287 1036 292 981 313 962 332 957 277 1041 277 994 294 974 311 964 274 1048 270 1013 275 994 285 983 
569 1009 530 1034 484 1036 440 1029 405 1023 490 1001 428 987 398 985 376 985 497 969 432 958 408 968 398 979 506 951 448 942 427 954 420 965 513 944 471 938 450 946 441 955 305 1134 344 1106 360 1071 370 1039 386 1019 313 1037 330 993 351 991 366 997 292 1037 297 987 317 968 334 960 280 1043 277 1001 291 982 306 972 277 1054 271 1020 276 1003 284 993 
569 1009 530 1034 484 1038 438 1030 404 1021 487 1001 426 990 396 987 373 985 494 969 431 958 405 965 394 975 502 951 448 943 425 952 415 962 510 942 471 939 450 946 440 954 314 1134 350 1107 365 1072 373 1041 387 1019 321 1035 342 999 362 996 376 999 299 1034 307 989 325 969 341 958 286 1041 285 1002 297 982 311 970 280 1053 275 1021 279 1003 288 992 
570 1008 531 1034 488 1038 443 1031 408 1025 485 1000 424 990 395 987 374 985 491 969 429 958 405 965 394 974 500 952 447 943 425 951 416 962 508 944 471 939 451 945 441 953 321 1133 358 1105 371 1071 376 1040 388 1018 329 1036 351 1004 370 999 385 1001 306 1034 316 991 332 970 346 957 292 1041 291 1001 301 982 313 968 284 1052 277 1023 279 1006 285 994 
569 1008 530 1034 485 1039 441 1030 406 1021 485 1001 422 992 393 990 373 989 491 969 428 959 408 970 403 980 499 951 446 943 428 955 423 967 506 944 469 939 452 948 446 957 328 1128 363 1103 377 1068 381 1036 392 1015 336 1033 363 1003 377 995 386 992 312 1031 325 989 339 970 350 957 296 1037 297 998 307 980 317 967 286 1047 279 1018 283 1003 290 992 
567 1008 527 1033 483 1038 439 1031 405 1025 481 1002 420 993 391 990 370 988 487 969 426 958 407 970 402 981 496 951 445 942 427 956 422 968 504 943 467 938 451 947 444 957 332 1127 368 1101 381 1065 383 1033 392 1012 341 1030 365 1002 378 999 383 1000 318 1029 331 989 344 969 354 956 302 1037 302 999 311 980 320 968 292 1050 284 1021 287 1006 293 994 
564 1008 524 1033 480 1037 439 1031 406 1027 475 1000 415 991 388 989 368 989 483 969 423 959 406 971 401 983 493 952 443 944 427 957 423 969 502 944 467 939 451 948 446 957 336 1125 372 1099 385 1064 387 1033 391 1013 346 1029 368 1002 380 1002 385 1005 324 1028 336 988 348 968 356 954 307 1036 307 998 315 980 324 968 296 1049 288 1021 290 1005 295 994 
559 1008 520 1032 477 1038 437 1033 405 1031 469 1000 410 992 383 988 363 986 476 969 420 958 406 970 405 982 487 951 440 943 429 956 431 968 497 942 465 937 455 947 454 955 339 1121 376 1096 388 1065 387 1037 386 1019 351 1027 366 998 377 993 382 993 328 1027 336 988 347 969 356 956 311 1035 309 998 317 981 326 969 300 1049 291 1021 292 1006 297 995 
554 1006 518 1032 479 1037 444 1034 417 1036 461 998 403 990 377 987 359 984 467 968 413 955 401 967 402 979 479 950 436 943 429 956 433 967 492 941 462 939 455 948 457 956 343 1117 379 1091 391 1060 388 1034 383 1019 351 1023 364 997 374 993 379 990 329 1025 336 988 346 970 354 957 312 1034 310 1000 316 983 324 972 302 1048 293 1021 295 1006 300 995 
550 1005 513 1030 475 1035 443 1033 418 1035 458 998 402 990 377 986 359 983 466 967 412 953 400 963 398 973 478 949 436 942 428 955 432 966 490 941 461 938 455 948 458 957 344 1113 381 1088 392 1054 387 1029 380 1017 349 1020 356 992 361 979 362 969 326 1024 332 989 342 971 349 959 311 1036 308 1003 315 988 323 978 303 1049 295 1022 299 1007 306 998 
546 1004 510 1029 472 1033 439 1030 415 1033 451 996 398 987 374 983 357 980 460 968 410 955 401 964 403 972 475 950 435 942 431 956 437 965 489 941 461 938 457 947 463 955 344 1112 381 1088 392 1052 389 1024 385 1009 351 1019 355 988 358 973 359 962 328 1024 332 988 341 970 347 956 313 1035 311 1002 318 987 326 978 304 1047 298 1021 303 1007 310 998 
542 1005 507 1029 472 1033 443 1028 425 1028 449 995 397 985 374 981 358 978 458 967 408 959 406 972 413 982 472 950 434 945 433 959 441 969 486 941 460 938 456 949 464 956 344 1110 381 1088 393 1050 392 1021 388 1003 350 1017 353 985 355 967 357 955 328 1022 333 987 341 971 347 957 313 1031 316 1001 323 989 330 980 305 1042 308 1018 315 1006 323 999 
541 1004 505 1027 470 1030 444 1022 426 1020 447 992 398 982 377 978 361 975 456 966 409 959 411 973 421 982 471 950 436 947 438 960 447 969 485 941 461 938 459 948 468 955 345 1110 381 1086 393 1050 392 1021 388 1004 351 1020 356 986 361 971 365 960 329 1025 335 988 344 972 351 959 315 1035 319 1004 327 992 336 985 309 1047 312 1021 320 1010 329 1004 
540 1005 504 1026 467 1030 436 1024 412 1023 447 991 401 978 380 973 364 969 456 966 413 958 414 971 422 981 471 950 438 946 438 958 446 967 485 941 461 938 460 947 467 954 346 1108 383 1086 395 1050 394 1022 390 1013 353 1018 359 986 367 977 372 970 332 1023 338 986 348 968 354 954 318 1033 322 1003 331 991 339 984 312 1046 315 1021 323 1009 332 1005 
540 1005 504 1027 469 1028 439 1020 415 1018 446 990 404 971 386 967 372 969 456 964 418 955 416 966 421 976 471 949 440 945 440 956 448 965 484 939 462 936 461 946 468 953 346 1106 385 1084 398 1049 396 1021 389 1012 355 1015 363 981 369 964 373 952 333 1020 341 984 349 966 356 953 320 1031 323 1001 332 987 340 978 313 1044 317 1018 325 1006 333 1000 
539 1004 503 1026 468 1027 438 1018 417 1015 445 987 401 969 387 970 378 976 456 963 416 956 411 967 415 977 471 948 439 946 438 957 444 966 485 940 461 936 459 945 465 952 346 1106 385 1084 398 1050 396 1023 388 1014 354 1017 363 982 369 965 374 953 333 1021 340 984 349 966 356 953 320 1032 324 1000 333 985 342 977 314 1043 317 1017 323 1004 332 998 
538 1005 502 1026 469 1027 441 1018 421 1015 444 988 399 970 385 970 378 974 454 963 415 956 411 967 415 976 470 949 437 946 435 956 440 965 485 941 461 935 457 942 462 950 347 1105 385 1083 397 1050 396 1023 388 1013 354 1017 362 982 368 966 372 954 333 1021 340 984 349 966 356 954 319 1031 324 1000 333 985 342 977 313 1043 316 1017 323 1004 332 998 
536 1003 500 1025 467 1027 438 1019 417 1014 442 989 397 971 383 971 377 974 452 964 412 956 411 967 419 977 468 948 436 945 436 955 444 964 482 940 459 934 456 942 463 950 346 1105 384 1083 396 1049 394 1023 385 1015 352 1017 360 982 366 967 370 955 331 1021 338 984 347 967 354 955 318 1031 322 1000 331 986 339 977 313 1043 316 1018 323 1006 332 1000 
535 1003 500 1024 466 1028 436 1024 413 1022 442 989 396 976 382 975 376 976 451 965 411 956 412 968 420 977 467 949 435 943 436 955 444 963 482 940 459 932 457 941 464 948 345 1106 383 1083 395 1048 393 1022 381 1018 350 1015 358 981 366 966 370 955 330 1020 337 983 347 966 354 954 318 1030 322 1000 331 984 339 975 313 1043 316 1017 322 1004 330 996 
536 1001 499 1023 466 1027 438 1022 416 1021 441 990 397 979 383 977 375 976 450 966 412 957 413 968 421 976 466 949 436 943 436 954 444 962 481 939 459 931 457 940 464 947 345 1107 382 1083 394 1049 392 1022 380 1018 347 1018 357 983 365 967 370 955 328 1023 336 984 347 966 354 954 316 1033 321 1001 330 984 339 974 312 1045 316 1018 321 1004 329 996 
535 1002 500 1024 467 1030 438 1029 414 1030 441 991 400 982 385 979 375 978 450 966 414 958 416 968 423 977 465 949 437 943 439 954 447 962 481 939 460 932 459 940 466 946 345 1107 383 1082 394 1048 391 1022 379 1017 348 1018 357 983 366 968 371 956 328 1022 337 984 348 966 355 954 317 1033 322 1001 331 984 341 974 312 1045 316 1018 322 1004 331 997 
533 1003 499 1025 467 1030 439 1029 417 1031 441 993 400 983 386 981 379 980 451 968 415 961 417 971 425 979 466 951 436 945 437 956 445 963 482 941 459 932 457 939 463 946 345 1107 384 1080 395 1044 392 1019 381 1016 349 1013 360 980 368 966 373 954 329 1019 339 982 349 964 357 953 318 1031 324 1001 333 984 343 972 314 1043 319 1017 325 1004 334 996 
532 1003 498 1025 467 1028 440 1025 419 1025 439 995 399 987 387 986 382 986 448 969 413 963 416 973 426 980 463 951 435 947 438 957 448 964 480 940 457 933 457 941 465 947 347 1107 385 1080 397 1045 392 1020 380 1018 351 1015 361 981 369 967 373 955 331 1020 340 982 350 964 357 953 320 1031 325 1000 334 983 344 971 316 1043 319 1016 325 1002 334 994 
530 1003 497 1026 465 1028 439 1023 419 1021 437 996 399 986 387 986 381 987 446 971 412 965 416 975 425 982 461 953 433 950 436 960 446 966 477 942 455 935 454 942 461 949 346 1107 385 1081 397 1046 393 1021 380 1019 353 1015 362 981 369 967 373 955 332 1020 341 983 351 964 358 952 320 1031 326 999 335 981 345 970 316 1042 320 1016 326 1001 335 993 
526 1004 494 1026 462 1027 436 1020 418 1015 434 997 396 987 384 987 377 988 443 972 410 965 414 976 422 983 459 954 431 950 434 960 444 967 475 943 453 935 452 942 459 949 347 1106 386 1081 398 1045 393 1020 380 1017 354 1014 363 980 370 965 374 953 332 1019 342 981 352 963 359 951 320 1030 326 997 336 980 345 969 316 1041 320 1014 327 1000 336 991 
524 1004 492 1028 460 1029 435 1025 416 1022 433 998 395 987 381 985 373 984 442 972 408 966 408 976 415 983 457 954 428 950 429 960 437 968 473 943 451 935 449 942 454 949 347 1106 386 1080 398 1047 393 1023 380 1020 354 1014 363 982 370 967 373 955 333 1019 342 981 352 963 359 951 321 1029 326 997 335 981 344 969 317 1041 320 1014 325 1000 334 992 
522 1004 491 1027 459 1028 433 1022 413 1018 430 998 393 988 379 987 371 987 439 972 404 967 400 976 402 983 455 954 426 949 426 960 433 967 471 942 450 934 447 941 453 949 347 1105 387 1080 399 1047 395 1023 383 1019 355 1012 366 980 372 965 375 954 335 1018 343 981 352 963 358 951 323 1029 327 997 336 981 344 970 318 1041 321 1014 325 1000 334 991 
521 1004 491 1027 459 1028 434 1024 414 1022 430 997 393 988 379 987 372 987 439 972 404 966 399 975 401 982 455 954 427 948 426 958 433 966 472 943 451 934 448 941 454 948 349 1105 388 1080 400 1047 397 1024 385 1019 357 1012 368 980 374 966 378 954 336 1017 344 981 354 963 361 951 324 1028 329 997 337 981 347 971 318 1040 322 1014 327 1000 335 993 
517 1003 486 1026 453 1025 428 1015 412 1004 427 996 389 979 381 980 380 981 437 971 402 964 402 975 409 982 453 953 424 947 427 958 435 965 471 942 448 933 448 941 456 948 348 1105 388 1081 401 1049 399 1025 389 1020 359 1012 369 979 376 964 379 951 338 1017 347 979 356 961 363 948 325 1027 330 996 338 981 347 971 319 1039 322 1012 326 999 334 992 
518 1003 489 1028 459 1030 435 1027 418 1025 426 994 391 978 390 983 399 989 437 970 408 962 413 975 423 982 453 954 426 946 430 958 440 965 470 944 449 933 450 942 458 950 350 1106 389 1083 402 1049 399 1025 389 1020 359 1012 369 979 376 964 380 951 338 1017 347 980 357 962 363 949 325 1027 331 997 339 981 348 970 319 1040 323 1014 329 1001 337 993 
518 1004 487 1028 459 1030 436 1027 419 1024 427 993 390 977 393 985 404 992 437 968 407 959 412 972 422 979 453 952 426 944 430 955 440 963 471 942 449 931 449 939 457 946 350 1106 390 1083 403 1050 400 1026 388 1022 361 1012 371 978 378 962 382 950 340 1017 348 979 358 961 365 948 326 1028 331 996 339 981 349 972 320 1040 323 1013 328 999 337 991 
516 1004 484 1028 453 1026 428 1016 410 1007 426 992 389 977 388 985 396 991 436 968 405 961 407 973 416 980 452 952 424 945 426 957 435 965 468 943 447 932 447 940 455 948 351 1107 390 1084 403 1051 400 1026 388 1023 360 1013 371 980 378 964 382 951 339 1018 348 979 358 961 366 948 326 1028 330 997 339 981 349 972 321 1041 324 1014 331 1001 340 994 
514 1003 481 1026 451 1023 429 1012 414 1002 425 991 391 976 390 982 397 987 435 968 404 959 406 972 416 978 451 952 421 944 423 955 433 963 467 942 447 932 445 940 452 948 351 1107 390 1084 404 1051 402 1027 390 1022 362 1014 372 979 379 964 383 951 340 1018 348 979 358 961 366 948 327 1029 330 997 339 981 349 970 321 1041 324 1014 330 1001 339 993 
513 1003 481 1026 453 1024 432 1012 420 1002 425 992 391 976 395 984 405 990 436 968 403 959 408 972 419 979 451 951 421 944 424 956 435 963 468 942 447 934 446 942 453 949 351 1106 390 1083 405 1049 401 1023 388 1018 361 1013 372 980 379 964 382 951 340 1017 349 978 360 959 367 946 327 1027 331 995 339 980 348 970 321 1039 323 1011 328 998 336 990 
512 1003 481 1025 452 1022 429 1011 415 1000 426 991 393 976 395 983 405 989 436 967 404 957 408 969 419 976 451 951 421 942 425 954 435 961 468 942 448 933 446 941 453 948 351 1105 390 1083 404 1050 402 1024 390 1017 361 1015 373 980 380 964 384 951 340 1018 349 978 360 958 367 944 326 1027 330 993 339 978 348 968 320 1038 322 1010 328 996 337 988 
513 1002 483 1026 456 1027 434 1018 418 1011 427 992 395 976 397 982 406 989 437 968 405 958 409 969 420 977 452 952 423 943 427 954 438 961 469 943 450 935 450 943 457 950 351 1105 390 1083 404 1050 404 1024 400 1013 361 1015 373 980 381 963 385 950 339 1019 349 978 360 959 367 945 326 1028 330 994 338 978 348 968 319 1039 322 1011 328 996 337 988 
514 1004 484 1027 456 1027 431 1018 414 1011 428 993 396 979 398 987 408 994 439 969 407 960 410 972 420 980 454 954 426 944 429 955 439 963 471 945 453 936 452 945 459 951 351 1106 389 1085 404 1051 405 1023 407 1005 361 1016 374 980 382 964 389 951 339 1019 349 978 359 960 368 947 325 1028 329 994 338 977 347 967 319 1040 322 1011 329 996 338 987 
515 1005 485 1028 457 1028 434 1018 417 1011 429 994 399 981 404 989 414 997 440 971 410 962 415 974 426 981 455 955 428 947 433 957 443 965 473 946 455 939 455 947 463 954 352 1106 390 1084 404 1051 407 1022 410 1002 361 1017 375 981 386 965 393 952 340 1019 349 979 360 959 370 946 326 1028 329 993 338 977 348 967 320 1039 321 1010 328 995 337 985 
517 1005 487 1030 458 1032 435 1026 419 1022 431 995 405 984 402 990 405 995 441 972 413 964 416 975 423 982 457 956 431 948 434 959 443 967 474 947 458 941 458 949 464 956 350 1106 388 1085 403 1050 405 1019 410 997 360 1017 378 983 391 970 401 960 338 1018 349 978 361 959 371 946 325 1026 330 991 340 975 350 965 319 1036 322 1008 329 994 338 985 
519 1007 489 1031 462 1035 440 1030 425 1029 432 996 412 989 418 996 428 1002 443 973 420 967 427 977 438 983 459 958 436 950 441 960 452 968 477 950 462 943 463 950 469 956 350 1108 386 1085 400 1049 404 1014 411 991 357 1017 379 985 398 978 411 975 335 1018 349 978 362 958 373 945 323 1026 329 991 340 974 351 964 317 1038 321 1009 328 994 337 986 
522 1007 493 1031 466 1031 447 1020 436 1013 438 996 417 994 423 1002 432 1006 448 974 424 972 430 983 441 988 463 959 439 954 443 965 452 971 479 952 464 948 464 956 470 962 348 1109 383 1086 395 1048 398 1013 406 991 353 1016 381 986 400 980 412 979 332 1016 348 976 363 957 373 943 319 1024 327 989 339 972 350 963 314 1035 319 1006 328 992 337 984 
524 1005 497 1031 471 1031 454 1019 446 1011 439 999 419 997 427 1004 437 1007 447 977 423 975 429 985 440 991 461 961 438 956 441 967 450 973 478 952 463 949 463 956 469 963 345 1108 381 1083 392 1046 395 1012 404 990 350 1015 377 984 397 981 410 983 328 1015 344 975 359 954 371 941 316 1023 322 987 334 969 346 959 311 1034 314 1005 322 991 331 982 
525 1004 500 1032 474 1038 456 1031 447 1026 438 1001 418 999 425 1006 435 1009 446 978 423 977 428 987 439 993 460 962 438 958 441 968 450 975 476 953 462 951 462 958 469 965 342 1107 378 1082 388 1044 392 1010 401 986 345 1012 374 982 395 981 407 984 324 1012 341 973 357 953 370 940 311 1021 318 985 331 967 342 956 307 1033 309 1005 316 990 325 981 
528 1002 502 1030 476 1034 460 1026 452 1019 439 999 419 999 419 1004 424 1006 448 976 424 978 425 988 432 993 462 961 440 959 440 969 445 975 478 952 463 951 460 958 465 965 340 1105 374 1079 385 1042 391 1008 401 984 339 1011 369 981 390 978 404 980 318 1010 335 970 352 950 367 937 306 1017 313 982 328 964 341 955 302 1028 304 1000 312 986 321 978 
528 1001 502 1028 477 1033 466 1023 462 1014 441 998 420 1000 415 1003 416 1005 450 975 425 977 420 986 420 993 464 959 443 959 436 968 436 976 480 951 465 951 458 958 459 966 337 1103 371 1075 382 1038 389 1006 400 983 334 1007 364 979 386 976 400 979 314 1007 329 968 348 947 364 934 302 1015 309 978 324 959 338 947 299 1026 298 998 305 983 314 974 
530 998 505 1026 477 1030 465 1018 461 1008 442 994 422 997 417 1001 417 1004 450 971 426 975 423 985 425 993 464 955 444 958 439 968 440 975 480 947 463 950 457 957 459 965 334 1100 368 1072 379 1035 388 1004 400 983 330 1004 362 977 383 974 397 976 310 1005 326 965 345 944 361 932 299 1013 303 976 318 956 333 944 295 1025 293 997 300 981 309 970 
531 994 507 1022 479 1026 461 1022 447 1023 438 992 417 996 413 1002 416 1007 448 969 425 972 424 983 429 991 464 953 444 956 440 966 443 974 481 945 465 948 459 956 462 964 330 1094 363 1067 375 1031 385 1000 398 978 324 1001 357 972 380 970 396 974 304 1002 320 960 341 941 359 930 293 1010 297 971 313 952 329 941 290 1020 287 992 294 976 304 965 
531 989 507 1018 479 1025 458 1022 443 1024 440 987 413 991 408 1000 412 1007 450 964 422 969 420 982 423 991 464 949 442 954 436 966 437 975 481 942 462 946 454 955 455 963 325 1090 358 1064 371 1029 382 998 394 977 319 997 352 967 376 966 392 971 300 997 316 955 338 935 356 925 290 1005 295 966 310 946 326 935 287 1015 286 984 293 967 303 955 
531 983 506 1012 474 1018 451 1015 436 1020 436 979 410 986 405 997 408 1005 445 956 418 966 414 980 417 990 459 942 435 950 428 963 429 973 475 935 455 941 446 951 446 959 319 1086 353 1060 368 1024 380 993 388 972 315 989 348 960 372 963 388 970 296 991 312 949 334 930 352 921 287 1000 293 962 308 944 323 936 284 1011 283 983 289 967 300 956 
530 976 504 1005 469 1010 445 1007 428 1014 435 970 406 977 400 989 402 998 445 948 413 957 408 972 409 983 458 935 431 943 422 956 422 967 473 929 450 935 439 945 438 954 315 1082 349 1056 365 1020 377 991 388 970 312 984 344 955 368 958 383 965 294 986 310 944 331 925 348 916 284 995 290 959 304 942 319 935 281 1006 279 979 285 964 295 954 
533 968 503 997 466 1001 438 1001 420 1008 433 959 403 969 396 985 397 998 443 937 414 951 406 968 405 983 458 925 432 938 424 952 423 965 473 920 451 929 442 941 441 951 311 1077 345 1050 361 1015 373 987 385 967 309 978 339 948 362 952 375 961 291 979 307 939 327 920 344 910 282 988 287 953 302 935 317 925 280 999 279 971 285 955 296 946 
537 961 502 989 464 992 435 990 414 997 439 946 408 957 398 969 393 979 448 924 415 938 404 954 399 967 461 913 431 925 420 939 416 951 475 909 449 916 438 926 433 936 308 1072 344 1046 359 1012 372 983 382 963 308 974 335 943 358 946 371 955 289 975 304 934 324 914 340 904 280 984 285 948 299 931 313 923 276 994 275 967 281 952 291 943 
537 953 504 981 466 984 437 980 417 982 439 934 404 943 395 957 393 968 449 912 415 926 407 944 407 957 464 902 433 914 424 930 423 942 477 899 451 905 440 916 437 926 305 1067 341 1041 357 1005 369 976 379 956 304 968 335 938 358 941 370 950 285 968 303 928 323 910 340 900 276 977 283 941 299 924 314 916 272 987 273 960 280 945 291 937 
540 949 503 972 466 972 437 966 415 969 442 923 410 931 400 943 394 952 453 901 421 916 412 932 409 943 468 890 440 903 430 918 428 931 483 886 461 883 448 885 442 890 304 1062 339 1034 355 999 367 971 375 950 301 963 333 934 356 937 368 946 283 964 301 925 322 907 338 898 274 973 283 938 298 920 314 911 272 983 272 956 279 940 290 931 
542 941 504 963 466 961 437 957 415 961 444 911 411 921 403 933 399 943 457 891 424 901 418 918 417 932 472 884 443 887 433 900 430 913 486 884 462 885 450 892 447 901 305 1057 338 1029 353 993 365 965 372 946 300 958 332 931 355 935 367 943 282 960 301 920 322 903 339 893 272 969 281 933 297 916 313 909 270 979 271 952 279 937 290 928 
545 938 505 957 467 955 437 952 413 955 449 904 415 912 404 925 398 935 463 886 429 892 421 911 420 926 478 880 448 885 438 902 436 917 491 881 467 886 456 896 452 908 302 1052 335 1025 352 990 364 960 372 940 298 953 332 926 354 930 367 937 280 955 301 917 322 901 339 892 271 964 282 929 298 913 314 906 269 974 272 946 280 931 291 923 
546 933 504 950 465 946 436 942 413 944 451 894 418 902 408 916 402 928 466 880 432 890 421 907 416 923 482 877 454 887 443 901 439 916 495 878 472 885 461 896 457 908 302 1047 335 1019 352 983 364 951 367 932 298 948 329 922 350 925 361 932 280 950 300 914 321 899 338 892 270 959 282 925 299 910 315 904 268 970 272 944 281 930 292 923 
546 931 504 947 466 941 438 935 418 936 454 889 421 896 411 909 403 920 469 874 435 882 423 899 417 914 485 870 456 878 444 891 439 906 498 873 474 877 462 885 457 897 301 1041 335 1013 352 977 363 947 366 929 298 943 328 918 349 922 361 928 280 946 300 911 321 897 339 890 270 955 281 922 298 908 314 903 267 966 271 940 280 927 292 920 
545 926 503 941 467 937 441 933 423 933 455 881 423 889 413 902 405 913 471 867 439 876 426 892 420 909 487 866 460 875 448 888 444 904 500 869 478 876 466 886 461 899 301 1032 335 1006 351 971 362 938 361 918 298 939 327 912 348 916 360 923 279 941 301 906 323 895 340 891 269 949 283 918 301 906 318 903 267 959 274 934 284 922 297 916 
544 922 502 935 468 929 442 923 424 922 460 874 427 881 416 892 407 902 475 861 442 869 428 884 421 899 491 860 462 870 450 883 445 899 502 864 480 871 468 881 462 894 299 1027 333 1003 349 969 358 934 357 912 298 936 325 907 344 912 355 920 279 938 301 903 323 894 340 893 269 947 283 916 301 907 318 907 267 957 272 932 284 922 297 918 
546 920 506 934 472 924 447 914 428 910 460 871 430 874 419 885 413 895 477 857 446 865 435 881 432 896 493 855 465 862 454 876 451 890 506 858 483 861 471 871 467 883 297 1022 331 995 344 961 351 928 353 906 296 932 325 905 342 906 351 910 278 935 303 902 325 892 342 889 270 943 285 912 303 903 318 901 267 953 274 927 286 916 298 911 
546 916 505 927 472 919 450 911 432 908 462 868 432 869 423 881 420 891 479 854 448 862 439 878 437 893 495 851 467 860 458 873 456 887 507 854 486 858 476 867 473 879 295 1015 329 991 343 958 347 926 354 904 296 927 322 899 340 893 352 891 278 929 304 898 325 893 342 894 270 936 289 907 308 901 323 902 267 945 278 921 291 911 303 908 
547 914 507 925 474 917 452 910 438 909 461 865 434 870 425 881 421 889 477 852 449 863 444 880 444 895 494 850 467 862 461 877 462 891 506 853 487 859 479 869 478 882 294 1012 328 988 343 954 349 923 359 901 300 921 326 895 343 891 356 890 281 922 308 896 329 894 346 896 272 930 294 904 314 900 330 903 268 939 282 916 297 909 310 906 
545 913 506 924 474 917 453 910 436 908 462 869 435 874 427 885 425 894 478 853 450 862 443 878 443 891 494 850 468 858 461 870 460 883 507 852 487 855 478 863 476 874 297 1005 330 983 344 951 351 921 361 902 303 918 328 892 346 891 358 892 285 919 312 893 334 892 351 896 276 927 298 903 319 900 335 904 273 937 286 916 301 910 314 909 
544 912 508 925 478 920 457 914 443 914 461 875 435 877 428 887 427 896 475 858 448 864 444 879 445 890 491 852 465 856 459 868 460 879 504 853 484 852 475 860 473 870 300 997 335 977 351 947 358 921 367 904 312 913 334 887 351 886 364 888 294 915 319 890 340 890 356 895 285 923 306 900 326 898 342 903 282 932 295 913 310 907 323 908 
544 912 509 927 477 923 455 916 441 915 461 880 435 882 431 892 432 898 474 863 448 866 446 880 449 889 489 855 464 856 459 868 461 877 501 854 481 850 473 858 472 866 302 993 336 977 355 947 365 920 378 903 319 910 341 884 361 883 375 886 301 912 327 888 348 889 365 894 291 920 313 899 333 897 350 902 288 930 304 913 320 909 334 911 
544 913 509 928 479 924 459 917 447 915 464 883 437 886 432 895 432 900 476 866 448 868 447 881 451 889 490 858 465 858 461 870 463 879 502 857 483 853 475 861 476 869 303 992 339 977 361 949 375 924 390 909 326 909 350 884 369 882 383 884 308 910 333 888 354 888 371 892 297 917 318 898 337 895 354 899 292 927 307 910 322 905 335 907 
542 913 510 931 481 927 464 918 453 914 465 888 438 889 430 894 427 896 478 870 449 867 445 879 448 887 491 861 467 858 460 869 461 876 503 859 485 855 476 862 476 868 306 988 343 976 366 951 379 931 394 920 333 907 358 885 375 884 388 888 314 907 342 885 361 886 376 891 303 912 325 892 343 890 357 895 299 920 314 903 327 898 338 900 
541 913 510 932 481 928 464 917 453 910 465 892 438 892 428 895 424 896 475 872 447 866 443 878 446 887 489 861 465 856 459 868 461 876 501 859 483 855 475 863 476 870 308 985 345 977 369 953 384 936 399 930 342 908 365 887 381 885 393 888 323 906 349 883 367 884 381 889 311 910 330 888 347 885 361 889 303 918 317 900 330 895 341 897 
538 915 507 933 480 932 463 925 454 919 462 893 433 894 425 898 424 900 474 873 444 865 442 878 447 887 488 862 465 855 461 867 464 875 502 859 485 855 479 863 481 870 313 982 349 975 374 954 390 938 405 934 352 910 374 891 388 890 398 892 333 905 356 884 372 883 384 886 319 908 335 886 350 882 362 884 308 914 320 895 332 890 342 890 
538 916 508 935 484 935 467 931 459 930 461 896 432 894 424 897 424 899 472 876 442 866 439 878 444 887 487 865 462 855 458 866 462 874 503 862 487 855 480 862 483 870 319 981 352 974 376 957 392 943 407 941 357 914 377 895 390 891 399 890 339 908 358 884 373 880 384 882 324 909 338 885 352 880 363 881 313 913 324 893 334 886 344 885 
536 917 507 936 481 935 463 928 452 923 459 898 428 895 422 899 426 902 470 877 439 866 437 878 443 888 485 865 460 855 456 866 460 874 500 862 483 853 475 860 478 868 321 981 354 975 377 958 394 947 410 946 360 916 379 896 392 891 402 891 342 910 358 885 372 881 383 884 325 911 336 886 348 882 359 883 313 916 322 898 331 892 340 892 
535 919 506 938 480 938 465 934 460 930 460 901 428 895 422 898 425 900 470 880 438 867 434 877 440 886 485 869 459 854 454 863 456 871 501 866 484 856 477 861 478 867 323 980 356 976 379 962 396 951 409 948 364 916 383 897 395 892 403 893 344 911 358 885 371 880 380 884 327 913 334 888 344 882 354 883 313 920 318 900 325 895 332 895 
533 919 504 937 479 938 463 929 457 922 458 903 426 897 419 897 423 898 469 881 436 867 433 875 439 884 483 869 457 855 454 864 457 872 499 864 482 855 476 861 478 868 324 979 357 977 379 966 394 958 406 957 367 918 385 898 396 893 403 894 346 912 358 885 369 880 378 885 328 914 333 888 343 882 353 883 313 921 315 901 322 895 329 894 
531 919 504 939 480 941 465 939 458 937 457 905 425 897 419 897 424 898 467 883 434 868 431 876 437 885 481 870 455 855 451 864 455 872 497 866 481 854 474 859 475 866 327 979 359 978 379 968 392 960 402 959 368 920 386 901 397 896 404 898 348 913 358 885 370 880 378 885 330 915 335 888 346 883 355 885 315 923 316 902 323 896 330 896 
530 921 503 939 479 941 463 935 454 932 456 906 425 899 417 897 420 898 466 884 434 868 427 873 431 881 481 871 455 856 449 864 451 871 497 866 480 854 472 859 472 866 329 980 362 979 381 967 391 960 395 958 369 920 387 900 397 895 404 898 349 913 358 885 368 881 375 887 330 916 335 888 344 884 352 886 315 923 315 903 321 898 328 898 
529 922 502 940 478 942 462 938 454 935 456 907 424 898 418 897 423 900 466 886 432 869 426 875 431 883 479 872 453 857 448 864 451 871 496 867 479 854 472 859 473 866 331 980 364 977 382 966 392 957 395 951 371 920 388 898 397 895 402 900 350 914 359 883 369 881 374 887 331 916 337 887 346 884 353 887 316 923 318 901 325 896 332 898 
529 923 501 941 476 941 457 934 446 929 454 907 422 899 417 898 422 901 464 886 431 869 425 875 430 883 478 873 453 857 447 865 450 872 495 868 477 854 470 860 472 867 332 981 365 978 383 965 389 952 392 944 370 921 387 896 396 894 398 902 350 914 360 882 369 882 373 890 331 916 337 886 347 884 353 889 315 923 318 900 326 896 333 898 
528 924 501 942 477 942 459 935 449 930 453 908 421 898 416 899 422 903 463 886 429 869 425 875 431 884 477 873 452 857 446 864 449 871 495 869 476 855 469 859 471 866 332 983 365 979 384 965 393 951 397 942 369 920 386 893 394 897 394 907 348 914 361 883 370 886 372 896 330 916 338 887 348 888 353 894 314 923 318 900 327 898 332 902 
528 924 500 941 478 941 461 936 451 932 453 908 420 899 414 899 420 902 464 887 429 869 423 874 428 882 478 874 451 856 445 863 446 870 495 869 476 855 469 859 470 866 330 984 364 980 385 964 392 948 397 938 369 921 386 894 394 897 395 908 348 914 361 884 369 887 372 896 329 916 337 888 346 886 352 892 314 923 317 900 325 897 331 900 
528 924 501 942 479 942 462 939 453 937 453 908 420 899 413 899 417 901 463 887 428 869 422 873 425 881 478 874 451 856 444 861 444 868 495 869 477 854 468 857 469 863 329 986 363 980 384 963 390 945 394 934 367 921 384 894 393 894 396 903 346 915 359 885 368 886 372 894 328 916 335 889 345 885 351 889 313 923 316 901 324 896 330 899 
526 922 500 941 477 944 460 941 450 937 453 908 419 898 410 898 413 902 464 887 428 869 419 873 421 881 477 873 449 855 440 861 440 869 493 869 473 852 463 855 462 861 326 986 361 981 383 962 389 941 388 927 365 918 379 890 389 890 393 902 344 911 359 886 368 889 372 899 326 913 336 888 346 888 352 896 311 920 315 900 323 898 329 902 
526 920 498 940 473 942 452 939 439 936 453 907 417 897 406 898 407 902 462 885 427 867 417 872 418 881 476 872 447 854 438 861 438 869 492 867 471 850 461 854 461 860 322 986 356 978 377 959 385 939 382 926 355 914 371 888 382 891 387 903 335 909 353 886 366 890 372 900 319 912 333 890 345 890 352 897 306 919 315 901 324 899 331 903 
526 920 500 940 477 942 459 942 449 940 453 906 418 895 406 896 406 900 463 885 427 866 417 872 418 880 476 871 446 854 437 860 437 868 492 866 470 850 461 853 460 858 318 985 353 975 374 954 380 934 377 920 347 913 363 884 373 892 375 906 327 909 346 883 358 891 361 902 312 913 328 890 340 894 344 903 302 921 313 901 322 901 326 908 
528 919 501 940 476 943 457 940 446 938 453 906 417 895 406 898 408 902 463 884 426 867 418 875 421 885 476 871 446 854 437 861 437 869 491 866 470 850 460 853 460 858 314 985 350 974 369 953 375 933 375 917 342 910 361 883 372 891 374 904 323 907 345 884 358 892 361 903 309 911 329 892 341 897 345 907 299 919 314 902 324 903 328 910 
529 919 502 939 477 942 459 939 448 936 452 906 417 896 406 898 407 901 462 884 426 869 419 876 422 885 475 870 445 854 436 861 436 869 491 865 469 850 460 852 459 857 312 983 347 973 365 951 371 930 371 915 340 908 361 883 374 888 380 897 322 905 345 884 360 888 367 897 309 910 329 890 344 892 352 900 300 917 315 900 327 899 334 905 
529 919 501 939 477 942 459 939 449 937 452 906 417 896 408 898 413 903 462 884 426 870 421 878 425 887 475 870 445 854 437 862 437 870 491 864 469 849 460 852 460 857 311 982 345 972 364 949 367 926 370 910 342 908 357 881 370 880 379 885 323 905 341 883 356 883 366 889 310 910 327 890 341 888 352 892 301 917 315 900 327 896 336 899 
529 919 501 940 477 942 458 939 449 936 452 906 416 896 409 899 415 905 461 884 426 870 422 879 427 889 475 870 444 854 437 862 439 871 491 864 469 849 461 853 462 860 310 981 343 970 361 948 364 924 367 907 342 909 356 883 369 880 379 883 323 907 340 883 355 881 366 885 311 912 326 891 340 886 352 889 303 920 316 901 329 896 339 897 
529 919 500 940 476 942 457 939 448 935 452 907 416 896 409 899 416 905 461 884 426 871 422 879 427 889 475 870 444 855 437 863 438 872 491 864 469 849 460 853 461 859 307 982 343 971 360 947 360 924 363 908 338 912 356 888 371 887 383 892 320 909 340 886 358 886 371 891 309 913 327 889 344 887 357 891 304 919 319 897 333 893 345 894 
529 919 500 940 475 943 456 939 447 936 452 907 417 897 409 899 413 904 461 885 426 872 421 879 425 888 474 870 444 856 436 863 437 871 490 865 469 850 460 853 461 859 307 984 341 972 356 947 357 926 360 912 327 916 347 898 364 897 375 901 316 911 338 892 355 892 367 896 313 909 336 888 355 888 367 895 318 912 342 890 359 889 370 894 
528 919 500 940 475 943 456 940 446 936 452 908 417 897 408 899 410 903 461 885 426 873 420 879 423 888 474 871 444 856 435 862 435 870 490 865 469 850 459 852 459 857 304 985 339 971 353 946 354 926 358 914 330 910 351 892 366 894 376 898 314 909 337 893 354 895 365 900 305 914 324 896 340 897 352 903 301 922 318 904 332 903 342 906 
528 918 500 939 472 943 450 940 435 937 452 908 417 898 406 898 404 901 460 885 425 873 418 879 421 888 473 870 442 856 433 862 434 870 488 864 467 849 458 851 458 856 301 986 335 971 347 943 346 923 349 910 327 911 344 891 359 890 369 893 310 912 330 894 347 894 359 898 300 918 318 901 332 900 344 903 296 927 310 911 322 909 332 912 
527 918 500 939 472 941 450 937 435 935 449 907 415 896 402 895 399 896 459 885 424 873 415 878 417 886 472 871 441 856 431 860 429 867 488 864 467 848 457 848 455 853 296 987 330 971 343 943 347 920 353 905 316 916 336 891 352 889 365 891 302 918 325 897 343 895 357 898 295 924 317 907 334 905 347 907 292 932 310 918 324 916 336 919 
527 917 500 938 471 940 449 936 433 932 448 906 414 896 399 893 392 892 457 884 423 872 411 875 411 882 471 869 440 854 428 858 426 866 485 863 465 847 454 848 451 852 290 991 326 970 340 942 349 918 357 899 311 917 332 892 350 890 363 894 297 921 321 899 340 896 355 899 290 928 313 912 330 909 345 912 289 938 306 924 321 921 334 925 
527 915 499 936 469 935 444 930 425 929 447 905 413 895 397 892 389 892 456 883 421 872 409 876 408 882 469 868 437 854 426 858 423 865 484 862 463 847 452 849 449 853 285 991 320 970 337 942 348 918 358 900 307 917 331 892 351 892 365 896 296 922 323 900 342 897 358 901 291 930 316 913 334 909 350 911 291 941 311 927 326 923 340 926 
528 915 499 936 466 933 440 926 418 925 446 904 411 893 395 891 385 892 455 882 419 872 407 876 405 883 468 867 435 854 422 857 418 864 482 859 460 843 447 842 441 847 281 995 318 970 337 943 351 921 363 902 307 916 333 894 354 894 367 899 297 923 324 902 345 900 361 905 292 933 317 917 336 912 352 914 292 944 312 931 327 927 342 928 
529 914 498 935 464 932 435 924 414 923 447 904 410 892 393 892 383 893 456 881 417 870 405 876 405 883 468 866 432 852 419 858 418 865 481 857 456 840 443 842 438 847 278 998 315 970 337 943 353 922 365 903 307 915 336 897 357 899 369 904 299 923 327 906 348 907 363 914 296 934 321 921 340 919 355 924 296 946 316 935 332 933 345 936 
530 913 498 934 462 934 433 926 409 921 449 906 408 893 391 892 381 892 457 882 414 869 402 876 402 883 468 865 429 852 417 859 416 867 480 855 451 838 437 841 432 847 273 1000 310 973 334 946 352 926 365 910 309 914 341 901 359 908 369 915 302 922 332 911 351 919 361 932 298 934 325 925 341 931 352 941 297 947 318 939 332 942 342 949 
531 912 499 935 464 938 433 933 408 929 449 910 407 896 388 895 379 896 457 885 412 871 399 878 400 886 468 866 426 852 413 860 414 869 481 855 448 838 433 841 428 847 269 1004 304 979 330 953 350 933 365 914 309 917 343 904 361 912 369 920 303 925 335 914 353 923 361 936 300 937 328 930 343 937 352 947 299 950 321 943 334 948 342 957 
533 913 501 939 465 943 432 939 405 937 453 915 408 903 388 903 380 905 459 888 411 877 399 885 403 893 469 869 424 856 413 866 416 875 481 856 446 838 431 842 427 849 265 1007 297 985 324 961 347 942 362 927 309 922 344 910 361 920 367 931 305 930 338 920 355 932 361 946 303 943 332 937 346 946 352 958 303 956 324 952 336 958 342 968 
534 915 503 943 466 952 432 950 404 948 456 923 408 913 387 913 378 914 461 894 409 885 400 895 406 904 469 872 419 861 410 874 416 884 480 857 440 841 427 849 427 858 259 1010 295 991 326 968 350 950 367 935 307 928 345 917 365 923 378 931 302 936 338 928 360 935 376 945 300 948 331 945 351 950 366 959 300 962 323 958 338 962 350 969 
534 920 504 949 465 959 429 957 402 961 457 932 407 923 386 922 379 922 462 902 407 893 399 903 407 911 469 878 417 868 408 880 415 890 479 861 437 844 423 853 422 863 257 1015 293 1001 324 977 352 959 375 947 308 933 348 922 367 934 375 946 303 938 340 930 360 941 372 953 299 949 330 945 349 953 362 964 298 963 321 957 336 963 347 972 
534 925 504 956 467 968 431 967 404 973 459 941 405 933 385 932 381 932 464 910 404 903 398 913 409 920 470 885 414 877 408 889 416 899 479 866 435 851 420 860 419 870 257 1021 292 1007 322 986 350 970 375 965 309 938 350 930 368 944 375 957 305 943 344 937 363 951 372 966 302 954 335 952 352 963 362 976 301 967 326 963 341 970 349 981 
535 928 507 962 469 976 432 977 404 982 464 951 405 943 385 941 382 940 468 918 404 912 396 922 407 929 472 891 413 885 406 898 415 907 479 870 432 856 416 866 415 877 256 1027 291 1015 322 994 350 979 374 972 310 941 353 934 371 948 376 962 304 945 344 941 363 955 371 970 300 957 334 956 352 968 361 982 299 971 325 967 340 975 349 986 
538 933 510 967 472 982 435 985 404 990 468 956 407 949 386 944 382 940 470 922 406 918 399 926 410 932 475 894 415 888 405 901 414 911 481 873 434 858 417 867 414 880 254 1037 291 1024 323 1001 352 984 378 978 314 948 356 940 374 953 379 967 306 953 347 954 364 974 367 994 300 965 335 973 350 993 355 1014 297 979 323 981 337 993 344 1008 
537 936 510 972 473 987 434 989 403 994 472 959 409 955 388 950 386 945 474 924 407 920 403 930 417 935 477 896 415 890 410 905 422 914 482 875 435 860 420 872 419 884 256 1045 295 1030 328 1007 356 991 382 987 317 952 360 944 377 959 383 973 308 957 350 955 369 972 377 990 302 970 338 973 356 989 364 1006 299 984 326 983 341 995 350 1008 
536 938 511 975 475 990 437 991 405 995 474 962 410 957 390 954 393 949 476 926 408 920 404 931 419 937 479 897 416 890 412 905 426 914 484 876 436 860 425 874 429 887 261 1050 300 1036 332 1012 361 996 389 994 317 954 363 946 381 962 386 977 307 956 351 954 371 970 379 988 301 968 338 970 357 984 366 1000 298 982 326 980 342 990 351 1003 
536 939 510 975 473 992 436 993 406 993 476 959 410 955 390 954 393 950 479 923 408 918 404 931 420 937 482 894 417 888 414 904 428 914 486 874 439 858 424 870 425 882 264 1055 301 1040 333 1017 363 1001 390 998 317 956 362 944 382 957 389 972 309 962 353 954 375 968 386 984 305 975 341 972 362 983 375 997 305 990 332 985 349 993 360 1004 
537 940 509 975 471 992 434 991 405 986 477 956 410 951 391 952 395 952 480 920 410 915 406 928 422 934 484 893 419 885 415 901 428 910 488 873 441 856 424 867 423 879 270 1060 307 1045 337 1019 366 1002 393 999 315 958 362 942 383 956 389 971 307 961 352 948 374 963 383 979 304 971 340 963 361 973 372 988 304 983 330 974 347 981 358 991 
536 941 510 975 474 990 436 990 408 981 478 952 409 945 391 949 396 952 481 916 411 911 407 925 423 932 485 889 421 881 418 896 432 905 488 870 442 853 427 864 427 874 277 1061 316 1047 344 1021 370 1000 395 998 313 961 361 940 379 955 383 970 303 958 350 942 370 957 375 972 299 965 338 951 358 962 366 977 300 975 328 963 345 969 354 979 
536 942 509 976 468 989 430 981 407 964 480 948 410 937 391 941 393 946 484 913 414 905 409 920 424 929 487 886 423 876 420 892 432 902 489 869 443 851 429 862 429 873 284 1062 323 1047 350 1020 377 998 402 994 310 958 360 936 379 950 382 965 298 957 346 944 366 960 370 975 293 965 334 954 353 966 360 980 293 974 321 963 337 970 346 981 
533 943 505 976 468 984 432 974 407 959 482 940 411 927 395 935 399 941 487 907 416 898 415 915 430 921 489 882 424 871 426 889 440 896 490 866 441 850 436 863 444 872 293 1062 329 1048 353 1019 381 992 408 985 311 964 356 935 379 941 387 952 297 959 343 938 366 945 377 956 291 963 331 944 353 949 366 960 292 969 319 954 339 955 352 963 
531 948 499 976 460 978 426 963 403 945 481 937 414 919 393 926 392 936 488 906 417 893 410 909 423 919 491 882 426 869 423 887 436 896 492 868 445 849 438 862 445 872 300 1061 336 1048 358 1019 382 992 409 980 312 967 353 936 374 938 382 947 296 963 337 934 359 939 369 948 289 965 323 939 344 942 355 951 288 970 313 949 330 948 342 953 
527 953 495 975 460 974 430 959 407 940 476 930 413 907 393 917 391 930 486 901 418 886 408 904 418 916 491 881 429 864 424 883 435 894 494 871 449 850 442 863 450 875 307 1066 343 1049 364 1017 389 989 415 974 316 973 350 934 371 931 381 938 296 969 331 934 354 935 366 942 287 972 315 942 336 941 348 947 285 977 305 951 321 948 333 951 
527 953 491 976 456 971 427 950 408 929 472 920 413 895 394 906 391 921 484 895 420 878 408 899 415 913 492 879 433 860 427 881 436 895 497 873 455 850 448 864 455 877 311 1071 348 1049 368 1016 391 986 419 969 316 973 346 932 366 932 376 941 293 972 326 934 348 937 357 945 281 977 309 944 328 945 337 953 277 984 296 956 311 954 320 958 
525 958 487 976 454 965 426 941 406 918 465 910 411 886 393 898 391 915 479 889 421 874 407 895 411 912 489 877 437 861 426 882 431 898 496 874 460 856 448 867 448 880 315 1072 352 1049 370 1015 392 983 420 968 317 977 342 931 362 931 372 940 292 975 323 932 345 934 355 941 278 980 303 942 322 942 332 950 272 987 288 957 304 953 313 957 
523 958 481 972 448 957 421 932 405 910 457 897 407 879 393 894 392 911 474 879 422 872 411 893 414 909 487 872 439 866 430 884 435 900 493 872 459 865 450 876 452 888 319 1075 354 1047 372 1011 395 981 423 967 320 978 340 932 357 926 367 930 294 978 319 931 340 929 350 934 278 985 295 943 315 937 326 943 270 994 277 961 291 953 302 952 
524 955 478 965 445 947 418 922 403 902 454 887 404 875 392 895 393 913 473 874 424 873 411 894 410 911 487 874 444 876 436 893 440 910 495 878 462 881 454 893 455 905 318 1077 354 1047 373 1011 396 978 424 962 322 980 338 931 356 927 366 933 295 980 318 930 340 929 350 936 277 985 296 940 316 939 326 947 268 993 278 959 294 954 303 957 
530 950 481 959 444 941 414 918 400 899 453 883 405 876 393 898 394 916 471 872 427 878 416 900 415 916 484 873 445 881 438 900 441 917 493 878 462 885 456 898 458 911 317 1080 355 1051 373 1013 392 979 418 961 327 983 341 934 356 927 366 931 299 981 319 931 339 931 348 939 281 986 295 941 314 941 324 949 270 995 279 961 294 958 303 963 
532 946 482 953 443 936 412 915 388 899 450 882 408 876 395 892 392 906 468 872 426 876 410 893 404 908 482 873 446 880 432 894 427 908 492 877 465 882 452 892 447 905 319 1083 358 1055 376 1019 392 983 414 962 332 986 346 937 362 929 373 932 305 984 326 936 346 935 357 941 288 990 302 948 322 946 334 952 277 998 286 965 302 959 312 962 
533 944 481 953 442 936 409 917 384 903 448 883 405 878 393 895 391 908 467 872 426 876 411 893 407 909 482 873 446 879 434 892 430 907 492 877 465 880 452 890 447 902 317 1085 357 1058 376 1022 395 988 420 970 332 987 349 940 367 932 380 935 307 984 332 942 353 940 366 945 291 989 312 954 331 951 344 956 283 996 297 969 313 964 324 967 
532 947 484 961 445 948 411 931 387 918 445 886 402 884 389 902 386 918 463 870 423 878 414 900 414 917 480 868 445 878 439 895 441 912 492 871 466 877 458 889 459 903 312 1085 352 1062 376 1025 399 994 424 978 329 986 353 945 372 940 385 943 308 983 337 948 359 947 373 950 296 987 322 958 342 956 356 961 291 993 310 970 327 967 340 969 
535 947 494 971 451 964 414 950 385 943 442 902 398 892 384 904 378 919 458 880 414 878 401 897 398 912 474 870 435 862 422 878 420 893 487 868 459 856 447 863 443 874 298 1091 341 1068 370 1032 399 1005 427 986 326 986 359 955 383 950 399 952 312 988 346 965 370 964 388 968 305 997 335 979 357 978 375 982 305 1008 327 993 345 991 360 994 
539 949 505 981 463 987 422 979 394 971 453 932 399 919 381 931 378 943 460 903 405 895 399 915 408 926 470 886 420 871 416 890 426 903 482 876 445 856 437 868 444 880 288 1094 330 1073 364 1040 394 1019 421 1008 333 989 371 965 396 965 413 968 324 993 362 979 388 980 407 986 319 1005 355 998 379 1002 397 1009 320 1018 348 1012 367 1014 382 1020 
550 952 523 988 481 1006 440 1007 409 1006 473 965 408 960 389 969 388 976 473 930 408 926 406 942 420 947 476 903 415 895 415 912 429 919 481 885 434 871 430 883 441 890 277 1100 321 1080 361 1054 394 1038 420 1029 339 996 385 986 415 992 434 1000 330 1002 372 992 400 998 418 1008 324 1014 360 1006 383 1012 401 1021 323 1027 350 1019 369 1022 384 1028 
558 959 536 1001 500 1027 463 1037 432 1046 491 989 423 993 396 996 385 996 487 952 416 957 412 968 424 971 488 921 419 922 417 936 431 941 491 899 439 882 426 890 427 896 267 1106 311 1085 353 1065 388 1054 415 1050 340 1008 389 1001 422 1002 445 1005 335 1018 380 1015 413 1019 439 1027 332 1034 370 1037 398 1046 419 1056 330 1050 360 1051 380 1058 396 1066 
572 974 552 1019 516 1045 474 1054 441 1067 502 1003 431 1014 401 1016 386 1013 496 964 418 975 414 988 426 990 494 932 422 941 421 957 434 963 497 908 440 900 423 913 421 923 264 1108 304 1089 342 1075 378 1067 406 1064 350 1014 395 1020 423 1034 441 1049 348 1027 391 1035 415 1057 426 1079 347 1042 386 1052 404 1071 415 1090 344 1058 375 1063 392 1076 404 1090 
566 978 547 1023 510 1052 467 1064 435 1079 509 1018 432 1031 402 1031 392 1026 502 978 416 989 405 995 413 994 498 944 420 950 419 963 434 968 496 917 436 914 429 929 436 938 263 1106 306 1090 345 1081 378 1077 403 1080 351 1023 398 1024 427 1033 446 1043 347 1038 392 1046 415 1065 427 1085 343 1054 383 1067 400 1085 409 1104 340 1069 370 1078 386 1090 395 1103 
567 982 546 1027 510 1057 471 1072 438 1084 511 1031 433 1045 409 1042 409 1034 507 991 424 1003 417 1008 431 1008 503 955 422 964 421 976 439 981 502 927 440 924 425 938 426 951 264 1107 304 1096 342 1087 376 1083 403 1089 351 1029 397 1027 426 1035 444 1043 348 1041 394 1045 417 1063 428 1081 347 1056 385 1068 399 1088 406 1107 346 1070 374 1080 388 1094 395 1109 
564 986 544 1031 507 1060 466 1073 432 1080 512 1035 430 1045 407 1042 414 1034 509 994 420 1007 418 1013 439 1012 505 958 421 969 423 980 444 985 502 929 437 928 424 944 428 956 264 1108 305 1097 346 1089 382 1086 411 1091 350 1031 399 1029 429 1037 450 1046 347 1044 391 1046 420 1059 441 1072 344 1061 380 1068 402 1081 419 1095 342 1077 369 1084 388 1094 403 1106 
560 987 540 1031 501 1061 456 1067 422 1057 510 1031 429 1038 404 1034 405 1023 505 990 420 999 419 1004 440 1003 500 954 422 962 426 974 447 978 497 926 434 925 428 941 439 952 266 1111 309 1101 352 1090 389 1086 421 1087 350 1029 399 1021 430 1030 452 1039 346 1038 392 1033 423 1043 447 1055 343 1051 381 1049 407 1056 429 1067 342 1064 372 1063 394 1069 413 1076 
555 984 535 1027 493 1055 448 1055 419 1037 504 1013 422 1020 401 1021 403 1014 500 974 415 981 419 991 442 991 497 942 419 947 428 960 451 963 496 918 437 914 438 926 454 933 269 1114 311 1103 354 1088 393 1078 426 1076 348 1023 398 1012 431 1016 454 1021 344 1029 390 1022 423 1028 449 1036 342 1039 382 1034 410 1037 434 1046 341 1051 375 1043 400 1045 421 1050 
559 982 535 1025 494 1042 450 1033 422 1015 503 998 415 997 409 1006 426 1007 501 959 417 961 425 973 449 975 498 927 423 928 433 941 455 943 497 906 441 901 446 913 465 918 273 1121 318 1104 360 1084 397 1071 432 1065 347 1020 395 1006 425 1007 444 1009 338 1027 381 1014 410 1017 433 1024 332 1038 366 1027 392 1026 414 1031 329 1050 355 1039 377 1039 396 1041 
562 978 529 1014 483 1027 439 1016 413 997 499 981 424 973 401 979 396 983 501 944 426 943 425 961 440 967 502 917 430 911 433 929 448 935 503 902 455 885 438 887 432 886 282 1122 328 1104 367 1079 403 1061 437 1054 347 1018 394 998 423 1001 442 1004 339 1023 381 1010 410 1016 432 1025 332 1033 367 1025 392 1028 414 1037 329 1045 355 1037 376 1040 394 1048 
559 975 525 1008 483 1016 443 1005 418 985 496 968 421 957 400 967 399 978 500 933 424 933 420 952 433 962 502 908 431 906 432 923 447 931 502 894 452 882 439 886 437 887 290 1117 337 1101 375 1074 410 1052 441 1039 347 1017 394 990 424 988 443 988 336 1017 379 998 408 999 429 1003 330 1024 366 1011 391 1010 412 1015 327 1035 354 1022 375 1023 393 1029 
559 976 525 1006 484 1012 446 1000 418 983 496 965 425 952 403 961 401 972 500 930 428 928 422 947 434 959 503 906 433 902 432 921 445 931 503 894 456 882 441 884 437 884 297 1118 345 1099 381 1068 413 1045 444 1030 347 1013 390 984 416 974 432 968 334 1013 373 991 397 985 416 983 325 1021 358 1004 380 999 398 998 321 1032 345 1019 365 1016 380 1018 
559 977 522 1005 481 1009 443 998 415 985 489 960 420 945 400 955 398 967 496 927 427 925 423 944 435 955 502 905 435 901 435 920 448 931 505 894 461 880 447 884 444 885 305 1117 353 1097 385 1064 415 1038 444 1026 344 1012 387 981 410 978 422 978 327 1009 368 992 391 995 405 998 317 1015 353 1004 372 1007 386 1014 313 1025 340 1015 359 1018 372 1026 
556 977 517 1006 477 1005 441 988 417 967 482 949 414 935 398 950 400 965 492 919 427 919 424 941 437 954 500 902 437 899 437 919 450 931 506 893 465 876 445 875 433 874 312 1117 358 1094 386 1061 412 1033 442 1017 344 1015 382 981 402 979 412 982 324 1011 360 989 382 991 395 996 311 1017 342 1000 361 1001 375 1008 306 1026 328 1011 347 1011 360 1017 
551 979 510 1005 470 1002 437 981 416 959 478 944 412 926 396 940 398 957 490 915 426 913 421 936 432 950 498 899 438 894 433 916 443 930 505 893 464 879 446 882 439 886 316 1117 362 1094 388 1058 411 1029 438 1012 346 1015 377 976 397 973 412 975 324 1011 357 986 378 987 393 992 310 1016 338 997 357 999 369 1006 304 1025 326 1009 343 1008 355 1014 
551 980 508 1005 466 997 432 974 413 950 475 937 411 921 396 935 395 952 488 911 427 910 421 931 429 946 498 897 442 895 435 914 440 929 505 893 467 878 445 878 432 882 321 1116 364 1091 388 1055 410 1025 436 1007 346 1015 371 974 390 971 404 975 322 1011 352 986 372 989 385 995 307 1016 334 997 351 1000 362 1008 299 1024 320 1009 336 1010 345 1016 
551 978 507 1002 465 994 431 972 413 949 470 933 409 917 396 933 399 951 485 908 428 908 422 930 432 944 498 896 446 893 437 913 442 928 507 893 472 878 449 877 435 881 324 1114 365 1090 388 1054 411 1022 436 1004 348 1014 370 971 389 965 404 967 324 1010 352 979 372 979 384 983 308 1015 334 992 351 993 363 999 299 1023 320 1005 335 1005 345 1009 
549 978 505 997 464 988 429 966 411 946 467 923 409 912 397 929 398 947 481 900 428 908 424 930 432 943 493 891 445 895 437 914 441 930 502 889 469 880 454 884 447 891 326 1113 366 1090 389 1053 411 1020 436 1001 349 1015 368 968 386 959 400 959 323 1011 350 975 370 972 383 974 307 1016 332 989 350 987 363 991 298 1023 318 1004 334 1001 345 1003 
552 977 505 993 465 981 428 962 406 944 469 915 413 906 399 927 398 946 485 896 432 900 422 924 422 942 498 891 452 897 444 916 447 935 507 893 474 897 466 911 467 926 327 1113 367 1089 388 1053 410 1018 436 998 350 1014 364 965 381 958 393 962 322 1013 342 967 362 967 373 975 304 1019 322 982 341 981 353 987 292 1028 307 1001 323 998 333 1001 
556 974 509 990 468 978 430 960 404 945 471 913 416 907 402 927 399 946 487 896 435 901 425 926 425 944 500 892 455 899 447 919 449 938 509 895 477 899 468 915 467 931 325 1111 365 1088 386 1053 409 1018 436 997 346 1015 360 961 379 954 390 958 317 1011 342 961 362 963 371 973 299 1015 322 973 341 975 350 984 288 1022 306 991 322 989 331 994 
560 973 513 988 472 979 433 964 405 953 473 914 419 911 406 933 404 951 488 897 439 908 433 932 436 947 501 893 459 904 454 925 459 942 510 895 480 902 474 918 475 933 322 1111 363 1088 385 1053 407 1018 434 998 343 1014 358 960 376 953 388 960 314 1011 339 958 360 959 369 970 296 1015 317 970 337 970 346 980 284 1022 299 989 315 986 324 991 
565 972 521 989 478 982 438 971 407 963 477 917 422 917 408 938 404 957 491 899 441 909 432 933 432 950 503 895 460 904 453 924 453 942 511 897 481 903 473 919 472 934 320 1109 362 1089 384 1054 407 1019 434 1000 341 1015 358 957 379 951 390 961 313 1010 338 953 363 954 373 964 295 1013 316 963 340 963 351 973 285 1021 299 983 317 979 326 984 
570 974 526 993 482 987 441 978 410 971 484 920 427 921 411 941 405 958 496 902 445 916 438 941 439 958 506 897 463 912 457 934 458 951 513 899 483 909 475 925 474 940 320 1109 363 1088 386 1053 409 1019 436 1002 343 1015 361 956 381 950 392 958 315 1009 340 951 364 954 372 966 297 1011 317 960 339 962 348 974 286 1018 299 979 316 976 324 982 
575 976 534 996 490 993 449 984 418 978 489 925 434 924 416 940 408 957 501 905 449 916 437 939 434 956 510 899 466 912 455 931 453 949 517 900 485 908 475 923 470 938 321 1108 365 1087 387 1053 409 1022 435 1006 345 1013 363 955 383 947 395 956 317 1007 343 949 366 951 375 963 299 1008 318 957 340 959 349 971 288 1014 298 975 315 971 324 977 
578 978 538 998 497 996 456 987 423 981 495 929 439 925 420 940 410 956 505 908 451 915 437 937 431 955 514 900 468 909 456 928 453 946 521 899 487 904 475 918 469 932 322 1109 366 1085 389 1051 410 1019 435 1004 346 1012 365 955 385 946 397 952 318 1007 342 949 365 950 374 961 300 1010 317 958 337 959 347 970 289 1016 296 978 311 973 321 978 
582 979 543 998 500 996 459 989 425 987 502 930 446 928 423 939 409 952 511 908 455 916 439 938 433 955 520 901 470 903 455 923 450 939 525 900 486 885 461 882 441 882 324 1110 368 1086 389 1051 407 1021 429 1007 345 1010 364 955 385 946 401 952 318 1006 341 950 365 947 379 957 301 1010 314 960 337 956 351 964 291 1019 292 981 306 973 318 975 
583 979 545 999 503 997 463 990 431 987 508 932 453 930 430 939 415 949 517 910 461 916 443 936 435 951 526 902 475 901 458 920 451 936 531 901 494 884 469 880 450 880 325 1108 368 1085 390 1051 408 1021 429 1006 347 1010 364 953 386 945 401 951 319 1005 342 948 367 948 378 959 302 1007 316 957 338 955 350 964 291 1014 294 976 309 968 320 971 
585 978 549 999 508 997 468 989 435 985 515 935 457 928 432 937 416 948 525 912 465 912 448 933 442 947 534 903 480 897 464 917 460 932 540 901 502 884 479 882 463 884 325 1108 369 1084 390 1050 409 1020 432 1006 347 1008 363 953 385 943 400 949 320 1003 341 949 365 946 378 956 303 1007 314 959 336 953 350 959 293 1015 294 977 308 966 320 966 
590 976 555 998 512 996 470 987 438 983 523 935 462 925 438 934 422 945 532 912 469 909 453 931 450 947 539 901 482 893 466 914 462 930 542 899 502 882 479 880 464 881 327 1107 370 1083 390 1049 407 1018 429 1003 346 1008 362 954 383 944 399 949 320 1004 339 950 363 943 378 952 304 1010 311 961 332 951 348 954 294 1018 293 981 306 967 319 965 
592 976 557 997 515 994 474 983 441 980 533 934 469 923 443 932 425 942 541 909 476 904 454 923 442 935 546 897 487 881 459 887 443 892 546 895 501 881 480 882 466 884 328 1107 370 1083 390 1050 407 1018 429 1002 346 1007 363 957 383 949 397 955 320 1005 335 950 359 941 375 949 303 1010 308 962 329 949 346 950 294 1019 292 981 303 966 315 962 
598 978 563 997 518 994 477 981 447 972 539 934 475 921 445 928 423 937 548 907 481 902 456 920 443 934 552 895 493 875 464 878 447 883 552 891 511 876 491 879 481 885 329 1107 369 1081 388 1048 405 1017 429 1001 344 1007 362 961 379 954 389 959 319 1005 330 953 352 941 368 945 302 1012 301 966 318 951 332 949 292 1024 287 988 294 973 304 967 
603 977 567 996 523 993 483 980 452 971 543 935 479 919 449 927 428 937 552 907 483 899 460 919 450 933 557 893 494 875 469 887 455 897 558 889 515 876 500 886 495 896 329 1108 370 1082 388 1048 403 1017 426 1001 345 1007 362 964 376 956 384 959 320 1006 328 956 347 941 362 940 303 1015 299 970 313 952 327 944 294 1028 286 994 290 976 297 966 
605 977 567 996 524 993 485 978 458 966 544 935 482 919 454 924 434 933 553 908 485 895 455 904 436 911 558 894 498 872 468 873 449 877 560 890 519 876 501 880 491 887 332 1107 370 1080 387 1048 401 1017 420 999 345 1009 363 972 377 967 385 969 321 1009 327 960 345 944 359 939 303 1017 297 973 310 955 322 946 293 1030 283 998 286 981 292 971 
608 976 569 996 525 995 486 980 460 967 542 937 482 920 457 925 440 934 550 908 485 898 458 910 442 921 555 894 497 873 466 875 444 880 557 889 516 878 496 882 483 888 334 1106 373 1080 388 1048 397 1019 413 1000 348 1008 366 978 381 974 390 978 323 1008 326 962 343 944 357 937 304 1017 298 975 310 956 323 947 294 1030 283 998 286 980 293 970 
613 977 571 998 526 997 486 983 459 974 536 942 478 926 454 933 438 942 545 913 486 901 471 919 467 931 553 898 497 878 467 878 449 879 557 893 518 884 502 891 496 897 335 1107 374 1081 388 1049 396 1020 409 1001 350 1009 366 981 379 977 386 979 325 1009 329 966 342 948 354 939 306 1018 301 977 312 957 324 945 295 1032 284 1000 285 982 291 970 
612 982 569 1004 525 1003 487 988 461 974 533 951 475 937 452 943 439 949 542 921 480 908 471 930 475 945 550 904 494 889 487 909 493 923 557 897 517 887 508 900 511 911 336 1105 375 1079 389 1047 394 1019 404 1000 350 1010 370 984 384 979 391 979 326 1010 330 968 342 950 352 940 307 1019 302 979 311 961 321 950 296 1033 284 1003 284 986 288 974 
608 985 565 1008 522 1007 485 995 460 982 520 956 467 946 448 952 439 958 529 927 473 916 465 935 470 948 540 910 489 896 482 915 489 927 550 903 514 890 503 903 506 914 336 1103 374 1078 388 1046 392 1018 399 999 352 1010 370 985 384 981 391 980 327 1011 333 971 344 952 352 941 309 1019 304 980 312 962 321 950 296 1033 284 1004 283 987 286 974 
602 986 562 1010 519 1011 483 999 460 988 510 959 457 953 441 959 438 966 519 931 466 920 461 938 466 951 532 915 486 900 480 917 485 930 545 909 512 895 502 907 504 917 337 1101 374 1077 388 1045 393 1016 402 998 353 1009 373 985 386 980 393 978 329 1009 336 973 346 954 353 942 310 1019 306 982 313 964 321 952 296 1032 284 1004 282 987 285 974 
600 989 559 1013 516 1014 480 1002 455 990 504 964 453 957 439 964 437 969 515 936 462 923 461 942 470 953 529 920 482 903 478 921 487 932 544 913 510 900 501 912 504 920 337 1100 375 1076 389 1045 393 1017 400 999 355 1009 375 986 386 978 391 974 331 1009 339 974 349 955 355 943 312 1018 310 982 317 964 324 954 299 1031 287 1004 284 986 284 973 
595 992 555 1016 513 1017 476 1005 451 993 501 968 450 961 437 968 437 973 511 940 461 925 460 943 470 954 525 924 480 906 477 924 485 935 538 917 506 904 497 914 499 922 338 1098 377 1076 391 1045 394 1018 398 1000 356 1009 372 983 381 972 387 963 333 1010 340 977 350 958 357 946 315 1019 314 984 321 966 328 954 301 1031 290 1004 285 986 284 973 
591 993 550 1016 508 1017 472 1004 445 993 499 968 449 961 431 968 424 972 509 941 460 926 456 945 464 957 521 927 478 910 473 928 479 940 532 921 501 908 492 919 494 927 339 1097 378 1077 392 1045 394 1019 395 1003 354 1009 367 978 376 965 382 957 331 1012 339 976 350 958 358 948 314 1021 315 987 324 970 333 960 302 1033 294 1007 295 992 299 983 
586 995 546 1017 504 1015 469 1003 442 994 497 966 446 962 426 967 415 969 507 940 457 927 449 946 453 959 520 928 476 913 467 930 469 943 530 924 499 912 486 922 485 930 336 1099 377 1080 392 1047 392 1023 388 1009 354 1008 367 978 375 964 381 954 331 1012 340 977 351 959 359 947 315 1021 318 990 327 975 336 964 303 1034 299 1009 303 996 309 988 
582 996 539 1017 499 1015 466 1002 441 993 495 964 445 960 426 967 416 970 506 939 458 926 445 944 445 958 518 928 477 913 462 929 461 942 528 926 498 913 482 921 478 930 337 1098 378 1080 396 1047 395 1023 386 1015 355 1008 368 975 377 960 384 951 333 1011 343 974 354 957 362 946 317 1020 322 989 331 973 340 963 306 1033 306 1008 312 995 319 989 
579 997 537 1016 497 1013 464 1001 440 992 495 962 448 960 429 967 418 971 505 939 457 926 443 944 442 958 516 929 474 915 459 931 457 945 524 928 495 915 479 923 474 933 337 1099 379 1081 398 1048 396 1022 383 1017 358 1007 369 975 377 961 383 951 335 1011 344 975 355 958 363 947 319 1020 324 989 334 974 342 965 308 1033 311 1007 318 994 326 988 
577 995 536 1015 496 1011 463 998 440 988 495 961 449 959 430 968 420 973 506 940 458 925 443 942 441 958 517 932 477 920 463 937 460 951 526 932 497 925 483 936 479 948 338 1100 379 1082 398 1049 396 1024 384 1018 358 1009 371 975 379 961 386 951 335 1012 346 974 358 958 367 948 319 1021 326 989 337 974 346 965 308 1032 312 1006 320 994 329 989 
577 996 535 1014 496 1008 466 995 444 986 495 959 451 956 432 964 421 969 507 939 461 924 446 941 443 956 519 933 481 921 466 936 463 951 530 934 502 926 487 936 482 948 338 1100 379 1082 397 1049 396 1024 383 1018 358 1008 371 975 380 961 386 951 335 1011 346 974 358 957 366 947 319 1020 327 989 338 973 347 964 309 1032 314 1007 322 995 331 989 
577 995 535 1013 496 1007 466 994 445 986 491 959 450 951 435 959 429 966 504 939 462 928 450 943 449 957 517 931 480 923 468 936 465 949 529 932 502 926 488 936 483 947 337 1101 378 1082 395 1050 393 1024 382 1016 357 1010 370 976 379 962 386 952 334 1012 346 974 358 957 366 946 318 1020 327 988 338 973 349 964 308 1031 315 1005 325 994 335 989 
575 995 536 1014 500 1008 473 995 453 987 487 960 447 949 437 958 439 968 501 940 462 930 454 945 455 957 516 932 483 925 473 938 472 949 528 930 504 926 493 935 491 944 336 1101 377 1082 394 1051 393 1027 384 1020 356 1008 371 976 381 962 388 952 334 1011 345 974 357 957 366 947 318 1021 326 990 336 977 346 969 308 1033 312 1009 319 998 329 994 
572 993 534 1013 500 1007 475 992 456 983 485 962 445 948 437 957 442 968 498 941 460 933 456 948 460 959 513 931 481 926 476 938 479 949 526 928 501 924 493 933 495 942 335 1102 376 1082 393 1051 393 1028 382 1021 357 1008 371 976 380 963 387 953 334 1012 344 975 357 958 365 948 318 1021 325 991 335 979 345 972 308 1033 311 1010 317 1000 326 996 
574 994 532 1014 497 1007 471 990 453 980 486 966 446 949 448 964 458 974 498 943 460 937 461 954 471 963 512 932 479 928 480 942 491 952 524 928 498 924 496 935 504 943 335 1100 375 1081 393 1051 393 1028 383 1022 356 1008 371 976 381 962 387 952 333 1011 344 974 357 957 366 946 317 1021 326 992 336 980 345 973 307 1033 312 1010 319 999 328 996 
575 997 532 1015 499 1005 478 988 465 976 483 966 449 952 455 967 468 975 497 944 462 936 465 952 476 960 512 933 482 925 482 940 490 948 527 929 501 921 497 931 504 939 334 1101 375 1083 392 1052 394 1029 383 1023 355 1007 371 976 381 963 387 953 332 1010 344 974 357 957 366 946 316 1020 326 992 336 981 345 975 306 1033 312 1011 320 1002 329 1000 
578 999 536 1018 504 1007 486 989 478 975 485 970 455 960 461 973 474 980 497 947 465 940 468 955 478 963 513 935 483 925 483 939 491 948 528 930 504 923 500 933 505 940 333 1101 374 1082 392 1052 394 1029 384 1023 354 1008 371 977 381 964 388 954 331 1011 344 975 356 958 365 947 315 1021 325 993 335 979 345 972 305 1034 311 1012 319 1001 329 998 
575 1000 545 1011 516 1001 495 987 485 976 499 959 467 957 470 972 479 979 500 944 466 942 467 958 477 966 504 938 473 934 474 949 482 956 508 940 484 937 482 948 489 955 333 1101 373 1083 391 1052 392 1027 379 1022 353 1009 371 977 381 963 388 953 329 1011 343 975 356 958 366 946 313 1021 324 994 335 982 345 977 304 1034 312 1013 322 1006 332 1005 
577 1002 538 1022 506 1013 488 996 482 981 484 971 460 967 465 978 474 985 495 949 467 945 470 959 479 968 508 936 484 930 483 944 490 952 523 930 501 925 497 936 502 944 332 1101 372 1083 389 1052 390 1027 380 1021 351 1007 371 977 382 964 390 954 328 1010 343 976 357 958 367 948 312 1021 323 994 335 983 345 979 302 1035 311 1015 320 1008 331 1007 
577 1003 535 1019 504 1007 484 989 478 973 482 975 464 968 471 977 481 983 493 954 472 948 477 959 487 967 509 940 487 933 489 944 498 953 525 933 504 924 502 932 507 940 329 1103 370 1082 387 1051 388 1027 377 1020 349 1007 370 979 382 967 390 957 326 1010 342 977 356 960 367 950 310 1021 320 994 332 983 342 978 300 1035 308 1015 317 1007 328 1006 
577 1002 537 1020 505 1014 483 1002 471 991 482 975 466 974 475 984 486 991 495 953 476 953 482 966 493 973 512 939 491 935 494 948 504 956 529 931 511 926 509 935 516 943 328 1103 368 1082 384 1050 383 1024 372 1019 344 1008 368 980 381 969 391 960 321 1011 340 976 356 961 368 951 305 1022 319 992 332 980 343 975 296 1034 305 1010 316 1001 327 998 
577 1000 539 1020 507 1014 485 1003 471 995 483 974 468 974 477 984 488 991 496 952 480 954 485 967 496 975 514 938 495 936 497 948 507 957 531 931 514 928 513 937 519 945 323 1104 363 1082 379 1048 376 1023 365 1017 339 1008 365 981 379 971 389 964 316 1010 337 974 355 960 369 953 301 1020 314 990 328 977 341 971 292 1033 301 1008 312 997 324 993 
578 999 540 1019 507 1015 484 1007 471 1001 483 975 471 976 480 987 492 994 497 953 484 959 491 972 502 979 515 939 500 942 503 955 513 963 533 931 516 931 515 940 523 947 318 1103 358 1080 373 1046 371 1020 361 1016 332 1007 361 980 376 972 388 966 309 1008 331 972 352 959 367 954 294 1018 308 987 324 975 338 970 286 1031 296 1005 307 995 319 991 
580 997 544 1019 512 1017 489 1009 474 1003 484 973 476 981 486 990 498 994 498 951 491 961 498 972 509 978 517 937 508 944 513 955 523 962 536 930 527 933 529 942 536 948 314 1103 352 1078 367 1043 365 1016 355 1013 325 1005 357 978 374 969 386 964 301 1007 325 971 345 957 361 951 286 1017 301 987 317 974 330 968 279 1031 289 1007 301 996 313 992 
579 997 546 1020 514 1019 492 1012 478 1009 489 975 481 983 489 996 499 1002 502 953 494 964 500 976 510 983 520 939 510 947 513 959 522 966 537 933 527 939 528 949 534 955 309 1099 348 1075 363 1039 363 1013 356 1009 320 1001 353 974 371 967 385 963 296 1002 319 965 341 951 359 945 282 1012 296 980 313 969 328 965 276 1024 286 999 299 989 311 986 
579 991 551 1021 517 1023 494 1017 477 1012 490 979 481 991 494 998 506 998 501 956 494 970 503 979 515 980 517 941 508 953 515 963 525 965 532 931 524 942 528 952 537 954 305 1098 345 1072 360 1035 359 1008 353 1002 314 996 348 972 368 968 381 966 291 999 315 964 337 950 355 944 277 1009 290 979 307 969 322 966 272 1022 281 998 293 990 307 986 
579 988 551 1020 518 1024 494 1019 475 1016 490 982 475 992 488 1001 502 1002 499 958 490 971 499 982 512 983 514 941 504 953 511 965 522 967 528 931 518 940 523 950 533 953 301 1091 339 1066 356 1029 361 1000 358 986 306 989 337 965 360 964 376 965 285 992 309 957 333 944 353 940 272 1003 288 972 305 961 322 960 269 1016 279 991 291 981 305 978 
575 983 550 1015 515 1021 487 1018 466 1019 480 984 469 991 479 998 491 1000 487 959 484 972 495 981 506 981 502 941 497 950 505 961 516 964 517 928 508 932 514 940 524 944 293 1085 333 1062 351 1022 357 989 359 975 301 983 335 957 357 958 372 961 279 983 310 948 334 939 353 937 267 992 289 959 310 950 328 950 262 1004 275 977 291 967 305 964 
573 974 547 1007 510 1012 481 1006 463 1003 481 969 457 978 464 992 476 996 491 944 472 959 481 973 492 976 505 928 487 940 494 954 506 958 520 918 503 928 507 938 517 941 290 1074 330 1051 349 1014 354 982 350 969 299 974 325 941 344 937 358 937 278 974 305 937 328 931 347 932 265 982 288 948 310 940 328 941 260 991 275 964 291 955 306 953 
572 966 543 997 504 999 475 992 453 990 482 951 451 958 451 974 461 984 493 928 467 939 472 956 482 962 508 914 481 919 484 934 495 941 522 905 497 906 496 918 504 924 289 1065 329 1042 349 1003 354 969 349 955 296 961 327 932 347 932 361 934 274 963 303 928 328 925 346 931 261 972 283 939 305 932 323 936 257 984 270 957 286 947 301 946 
576 955 541 985 501 984 472 974 450 970 482 934 450 942 449 957 457 966 495 911 466 923 467 939 476 946 511 898 482 907 482 922 491 929 525 892 500 898 498 909 504 915 286 1053 328 1029 349 990 354 955 356 934 296 946 327 918 347 917 360 919 274 949 306 916 331 912 350 916 262 959 288 927 311 920 330 922 258 972 274 944 290 933 305 930 
576 942 539 970 496 967 465 955 443 950 486 913 448 921 443 940 447 952 498 891 468 909 471 928 480 935 511 880 482 894 483 911 491 920 523 876 498 885 495 897 500 905 286 1038 327 1016 350 978 358 945 361 924 299 934 331 903 352 904 368 908 277 936 313 904 339 904 360 910 266 946 297 916 322 912 343 919 263 958 283 933 302 925 319 926 
573 929 538 955 497 950 470 935 454 930 484 896 451 899 443 912 441 925 497 876 463 870 443 872 430 873 514 867 487 872 478 887 477 899 529 865 505 869 497 880 497 891 287 1023 329 1005 353 968 363 936 369 917 308 924 338 891 359 892 374 897 287 923 321 890 346 889 364 896 276 930 305 899 329 897 347 903 272 940 292 915 310 909 325 909 
575 922 536 943 495 936 467 921 448 911 486 884 449 879 435 885 427 889 499 864 464 871 452 887 450 901 515 856 484 862 475 876 474 889 528 853 504 854 495 865 494 876 288 1008 332 991 356 957 369 928 378 910 316 911 348 881 370 881 386 885 296 910 330 879 355 879 373 886 285 916 313 888 336 885 353 890 282 926 302 903 320 897 336 898 
574 916 533 932 494 927 469 916 451 908 487 874 447 875 429 878 416 877 502 854 464 865 463 884 471 895 517 846 483 853 480 869 486 880 530 843 506 845 500 856 504 866 294 997 336 980 363 948 378 919 390 901 326 899 360 874 383 877 399 882 304 898 341 872 365 875 383 882 291 907 322 883 345 882 363 889 287 918 309 898 328 894 344 897 
567 909 530 926 497 921 473 909 457 902 482 868 450 869 439 875 433 879 499 849 467 846 459 854 456 860 517 841 490 839 478 845 473 851 533 841 513 835 502 839 496 846 298 985 340 971 371 942 389 916 403 901 335 894 370 867 392 870 406 876 315 891 353 866 376 869 393 878 303 896 336 875 358 876 375 884 299 905 324 888 343 886 357 890 
566 907 528 922 496 913 477 900 465 894 486 864 459 863 453 872 452 879 503 846 473 839 462 845 457 851 521 839 496 833 483 838 478 843 537 839 518 834 508 838 505 845 305 971 349 960 378 936 399 912 418 900 348 889 381 863 401 864 414 869 329 884 364 859 385 863 399 871 318 887 348 866 367 867 382 874 312 894 336 878 353 876 366 880 
562 905 527 919 496 914 477 903 469 895 483 862 463 856 461 865 464 871 502 845 476 836 464 840 459 845 520 839 500 835 490 841 487 849 537 840 521 836 514 842 513 849 313 958 356 950 386 930 405 908 420 894 362 881 389 859 406 858 418 861 343 875 374 854 392 858 405 867 330 878 358 859 375 860 388 868 323 884 345 869 361 868 373 872 
561 904 527 918 499 911 482 898 473 890 485 863 465 855 464 865 468 872 503 847 479 836 469 841 464 846 522 840 503 835 493 841 489 848 539 841 524 837 517 843 517 851 324 950 366 945 394 928 408 909 419 898 375 876 397 855 411 854 421 857 355 872 379 851 395 852 406 860 340 875 362 856 378 857 390 864 330 882 348 867 362 866 372 870 
559 903 525 918 499 911 484 898 476 890 485 867 468 854 464 855 463 859 503 850 481 836 469 837 461 840 521 842 504 835 495 841 492 847 538 841 525 837 519 842 519 850 330 944 370 940 397 925 409 910 420 901 380 875 403 856 415 854 424 856 360 870 384 850 398 852 408 858 345 872 367 854 382 855 393 860 336 879 354 864 367 862 377 866 
555 903 523 918 498 911 484 896 477 887 484 869 467 853 466 857 469 862 501 853 483 840 479 846 480 854 519 845 504 838 502 846 504 854 536 843 526 839 524 846 528 854 334 937 373 936 399 923 411 910 423 903 385 873 405 857 416 853 424 854 365 868 386 849 399 849 408 854 350 871 370 853 383 853 393 857 339 877 355 863 368 860 377 863 
552 903 519 918 495 911 482 894 479 881 482 871 466 855 469 862 475 870 499 855 483 842 484 852 491 861 517 847 503 839 504 848 510 857 535 845 524 840 524 848 529 855 337 934 375 935 402 922 413 909 422 901 387 874 405 858 416 854 424 853 367 869 386 849 399 848 408 853 352 872 370 855 383 853 393 857 341 879 356 866 368 864 377 866 
548 906 517 919 495 912 481 899 475 890 482 873 465 858 470 868 479 877 496 858 481 845 483 855 490 864 513 849 500 841 503 849 509 857 530 846 521 840 522 847 527 854 339 930 376 933 401 920 414 909 426 903 389 873 407 857 417 853 424 853 369 869 385 850 398 848 408 852 354 872 368 856 381 854 390 857 343 880 355 869 366 867 374 869 
544 906 514 919 493 917 482 912 478 910 478 874 463 860 468 868 476 877 494 859 480 845 482 855 489 864 511 850 499 841 502 849 508 858 528 847 520 841 521 847 526 854 341 929 377 931 401 919 414 908 425 902 390 873 407 857 417 853 425 852 370 869 385 850 397 848 406 852 355 872 369 857 381 854 390 857 344 880 357 869 367 866 375 869 
541 906 512 919 492 917 481 911 477 908 475 875 462 862 467 869 475 877 490 859 480 848 483 856 490 865 508 851 499 842 501 850 507 858 524 847 517 840 518 847 522 854 341 929 378 931 402 918 414 907 425 902 390 873 407 857 417 852 424 852 370 869 385 850 397 848 405 852 355 872 369 856 381 852 390 854 345 880 358 867 368 863 375 865 
539 906 508 919 485 914 478 897 481 884 470 875 459 861 466 865 473 872 486 859 478 846 483 853 489 861 503 849 497 839 501 847 506 855 521 845 516 839 518 846 522 854 343 928 379 931 402 918 414 907 423 902 391 873 407 857 417 853 423 853 372 869 386 850 398 849 406 853 358 871 371 855 382 852 390 855 348 879 359 864 368 860 375 862 
536 905 506 919 483 912 475 893 476 879 470 876 457 860 462 864 470 871 484 859 475 847 479 854 485 861 501 849 493 842 497 849 502 857 518 844 511 840 513 846 517 853 346 928 381 931 403 919 414 908 423 903 391 874 408 858 417 853 424 852 373 869 388 849 400 849 407 853 359 871 372 854 384 851 393 854 350 878 361 863 370 859 377 861 
536 904 504 917 479 908 470 888 471 873 468 874 454 861 459 866 467 872 483 858 473 846 477 853 483 861 499 848 491 842 494 849 500 857 515 844 507 840 509 846 513 853 348 929 383 932 404 919 416 908 425 903 392 874 409 857 419 853 426 853 373 869 388 849 400 848 408 853 359 871 372 854 385 852 393 855 349 878 360 864 370 861 377 863 
536 904 503 918 478 909 469 889 469 874 467 873 453 863 457 871 465 877 482 856 468 849 470 859 478 867 499 848 486 845 488 854 495 861 515 844 504 845 506 852 511 858 349 930 385 933 406 919 418 908 427 905 393 875 411 858 421 852 428 852 375 869 389 849 400 849 407 854 361 871 374 854 385 852 393 855 351 878 362 864 372 862 378 864 
535 904 503 919 479 912 469 894 469 881 464 874 450 865 453 868 459 872 479 857 468 850 470 858 476 865 496 848 486 844 487 852 493 859 513 844 505 844 505 851 510 857 350 932 385 934 406 919 419 909 429 906 394 877 411 860 420 854 427 853 375 871 387 851 396 850 403 853 361 874 373 857 383 854 390 856 352 881 362 867 370 865 376 867 
531 903 501 920 475 917 465 901 466 887 461 875 446 862 444 860 447 862 477 857 463 844 460 846 461 850 495 848 483 840 480 846 481 853 512 844 501 843 499 848 501 855 350 933 384 936 405 923 417 913 424 909 394 880 410 862 420 857 427 857 375 873 388 853 398 852 404 856 361 874 373 856 384 855 391 858 351 881 362 867 371 864 377 866 
529 902 500 919 475 915 463 900 461 888 459 873 443 859 443 860 448 864 476 856 459 843 458 849 462 855 494 846 480 837 477 844 480 851 511 842 501 838 498 844 500 851 347 934 381 937 402 924 414 913 423 908 391 880 408 864 418 861 425 863 372 873 385 854 393 854 399 858 357 875 370 858 379 858 385 861 348 882 358 868 367 866 373 869 
529 902 499 919 472 913 458 895 452 883 458 870 442 856 441 856 444 859 475 853 457 838 452 840 453 843 494 845 477 833 471 837 472 844 512 843 500 837 494 842 495 849 342 933 375 936 396 923 408 914 418 912 385 879 404 865 414 864 421 866 368 872 382 855 391 856 397 860 354 873 366 857 376 857 383 859 345 879 356 866 365 863 371 864 
528 900 499 919 471 917 453 904 444 893 457 869 437 853 438 861 446 870 476 852 453 836 452 846 456 855 494 844 474 832 470 840 472 848 511 842 495 836 490 842 492 849 335 937 368 938 388 924 400 914 411 911 377 880 394 865 405 864 413 866 359 875 372 858 382 855 391 856 346 877 358 861 368 857 377 857 338 883 350 869 358 863 364 863 
530 900 499 918 469 914 450 901 439 890 461 866 435 853 432 862 439 871 478 848 450 835 446 848 451 856 495 840 470 831 464 842 467 849 509 839 490 835 483 842 485 849 326 941 360 940 381 920 395 909 408 906 362 879 379 864 395 863 405 867 348 874 365 858 380 859 391 864 339 874 357 857 373 858 384 863 336 879 356 863 371 862 381 865 
532 901 500 919 468 913 447 901 433 893 460 868 431 853 424 860 429 870 476 850 446 836 441 847 445 857 493 841 466 831 458 841 460 848 507 840 487 832 477 838 477 844 318 943 352 941 373 919 389 904 404 898 353 877 373 860 388 862 399 867 337 873 358 857 374 860 386 866 326 875 347 859 363 860 375 865 322 881 341 866 355 865 366 868 
534 900 502 920 469 914 445 901 428 894 461 868 429 852 419 858 420 867 476 850 443 834 436 846 439 858 491 841 463 831 455 841 456 849 504 839 483 832 473 839 473 846 310 948 341 945 363 921 381 905 399 900 343 878 364 858 380 860 391 867 327 875 349 856 366 860 378 868 316 879 336 861 353 862 366 868 311 886 328 870 342 869 353 873 
539 902 504 922 470 915 445 901 424 895 464 870 429 852 416 856 411 864 479 850 442 833 432 845 432 857 494 841 463 829 451 839 448 848 506 839 483 830 470 836 466 843 299 957 333 951 355 923 375 905 393 899 329 879 354 858 372 862 383 869 312 878 339 857 358 862 371 871 302 883 326 866 346 867 360 874 299 893 319 877 334 876 346 881 
542 908 506 926 470 917 443 900 420 894 468 872 430 852 414 854 407 860 483 852 444 833 430 843 428 855 497 843 465 829 450 838 445 848 508 841 485 830 469 835 463 842 290 965 324 957 347 928 369 909 390 902 319 884 347 861 367 864 379 871 303 882 333 862 355 867 369 875 293 887 320 871 341 872 356 879 291 896 312 882 328 882 341 887 
548 913 510 932 474 921 443 900 417 893 476 876 433 853 414 855 404 861 490 856 445 835 430 846 425 858 502 847 463 829 447 839 442 850 511 844 483 831 467 836 460 845 283 976 316 964 340 933 364 913 387 904 307 890 339 866 361 868 376 872 293 889 328 871 352 874 370 880 286 895 317 882 340 883 358 888 285 903 309 894 327 894 341 899 
554 919 515 937 477 926 444 905 416 899 482 882 437 856 416 858 406 864 495 860 447 838 430 849 426 860 505 849 463 830 446 840 441 851 512 846 482 830 464 834 455 842 278 986 312 973 335 941 358 920 382 911 300 899 332 873 355 875 370 880 287 899 321 877 345 879 362 885 281 905 312 888 334 888 351 893 281 913 305 900 323 899 338 904 
553 927 515 945 477 935 444 914 415 906 485 890 439 862 417 865 406 874 499 868 449 842 430 854 425 866 509 857 465 832 447 843 441 855 516 852 483 830 465 835 457 844 274 998 307 981 329 948 354 926 379 915 291 904 328 879 354 880 371 884 283 906 320 886 347 887 368 893 281 915 315 901 339 900 358 906 283 925 309 914 328 914 344 918 
554 935 517 951 478 941 443 920 413 912 490 898 441 870 418 873 406 882 502 875 447 850 428 862 422 875 511 862 462 838 446 851 442 864 517 857 479 835 463 841 457 851 274 1006 304 990 325 957 350 933 376 920 285 911 321 884 349 882 368 885 279 912 316 886 344 887 365 892 280 919 314 898 339 897 358 902 285 928 312 913 331 911 347 915 
549 943 512 958 473 949 439 928 409 917 492 906 441 874 417 880 406 892 505 882 445 855 423 870 417 886 513 868 459 844 441 858 437 873 516 862 477 839 459 844 452 854 274 1015 304 999 325 967 349 940 374 926 283 920 319 890 347 889 366 892 276 919 312 889 340 890 362 897 276 925 309 901 334 899 355 904 281 933 307 916 328 914 345 917 
545 948 506 963 466 950 433 927 403 917 492 906 439 873 416 880 405 894 507 883 444 856 420 872 414 890 513 870 457 846 438 862 434 879 515 865 477 846 459 851 451 861 276 1024 306 1009 328 974 351 945 375 928 283 927 322 896 349 892 366 894 272 924 308 889 336 889 356 896 269 928 299 896 324 893 343 896 273 935 293 910 313 903 330 903 
543 947 504 961 465 947 432 924 404 914 491 901 439 869 414 876 401 889 505 880 444 851 420 868 411 885 512 869 457 842 438 859 433 877 513 866 473 845 455 854 450 866 277 1030 310 1012 328 978 349 945 372 926 277 934 316 900 343 896 359 896 264 930 300 890 328 891 345 898 260 933 289 898 314 896 331 900 264 939 284 912 303 907 318 906 
546 946 506 960 468 945 435 921 406 914 492 898 442 868 418 873 403 886 505 877 447 850 421 865 411 882 511 867 458 844 437 858 429 876 512 866 474 848 456 855 447 866 274 1036 308 1015 326 978 344 947 365 931 273 939 311 903 338 898 355 899 258 935 293 892 322 893 339 901 254 938 282 900 307 898 323 904 257 943 277 915 296 908 311 908 
550 948 510 962 473 945 439 921 409 915 497 893 447 866 421 873 406 885 509 874 452 849 425 864 413 881 514 867 463 846 439 859 428 875 514 868 478 851 458 857 447 866 276 1044 308 1022 326 983 348 950 372 932 273 944 312 908 340 902 359 901 257 941 293 898 321 898 340 905 253 944 282 905 307 903 325 908 257 949 277 921 297 915 313 915 
555 949 516 963 477 944 443 920 411 913 503 890 459 855 431 863 412 878 514 876 463 844 434 858 418 876 516 873 472 847 447 860 433 877 514 874 482 856 462 862 449 873 281 1048 313 1024 330 987 350 952 375 935 274 948 314 910 343 905 363 906 259 944 296 901 325 902 345 910 255 946 286 908 311 907 329 914 260 951 281 924 301 919 318 921 
557 958 518 961 481 940 447 917 416 908 512 885 472 846 442 850 420 862 523 876 480 840 448 845 428 859 526 878 487 851 459 857 440 869 525 883 496 865 473 866 455 874 286 1053 318 1030 336 990 356 955 380 935 277 946 317 909 346 904 367 906 264 945 300 902 329 905 349 915 263 949 293 913 317 914 336 922 269 956 289 931 309 927 325 929 
558 966 518 957 485 932 452 912 416 904 517 868 488 831 460 824 437 824 520 872 486 843 454 841 431 849 520 883 490 861 463 860 442 867 518 893 496 879 474 879 457 886 296 1061 325 1032 340 990 360 955 385 937 280 949 317 912 346 904 367 904 274 950 311 912 342 913 364 923 278 957 313 927 339 929 358 938 287 965 314 946 335 946 351 952 
556 971 516 957 484 929 451 908 418 899 524 870 499 823 473 810 449 805 525 874 488 839 457 842 436 854 522 885 488 862 459 867 439 878 518 895 492 885 471 889 455 898 303 1066 328 1030 344 986 366 954 391 934 284 956 317 917 347 902 371 897 285 962 317 923 348 918 373 921 293 972 326 944 351 941 372 944 305 982 332 963 352 959 370 961 
555 976 518 960 486 931 450 910 415 900 528 871 504 821 478 808 453 801 527 875 492 835 457 838 433 854 523 885 492 856 460 860 437 873 519 896 492 884 470 889 453 899 314 1068 337 1032 350 992 372 958 396 934 290 955 321 913 352 902 376 902 295 960 327 921 357 917 380 922 304 969 334 943 356 943 374 950 316 978 338 959 355 958 369 963 
553 982 515 963 482 933 446 912 412 903 525 874 503 825 478 813 453 807 521 879 484 844 451 851 427 867 516 890 483 865 452 874 430 890 513 902 484 893 462 900 445 912 321 1076 345 1036 357 994 376 959 397 934 292 961 322 916 351 905 371 905 295 967 324 929 354 927 376 935 304 977 333 949 358 948 378 956 315 987 337 968 357 966 373 971 
549 988 513 970 479 941 441 921 405 912 518 881 495 832 470 820 446 816 514 886 482 850 449 850 423 859 508 898 478 874 449 878 424 888 503 911 476 902 455 908 437 917 326 1080 345 1039 357 997 376 960 397 936 293 964 321 919 348 906 369 905 302 969 330 933 359 929 381 935 314 979 342 953 365 951 384 958 327 989 348 971 366 969 381 974 
546 992 507 978 470 950 433 930 397 921 510 890 485 841 457 832 432 831 516 892 485 852 452 847 426 851 516 901 488 873 462 867 439 870 512 911 489 895 470 894 452 897 329 1086 346 1045 358 1001 375 964 394 937 298 969 313 920 338 903 361 897 310 976 327 934 355 920 379 916 323 986 343 957 367 946 389 945 337 997 353 975 369 969 386 968 
541 997 503 984 466 957 428 938 393 927 500 898 472 850 445 838 419 835 500 902 468 864 436 856 411 858 497 911 470 884 445 877 422 879 492 921 470 905 451 902 435 903 333 1090 349 1046 360 1002 378 967 395 944 298 973 308 923 333 903 356 896 310 981 325 938 353 927 376 927 324 990 342 960 365 951 385 952 339 1001 354 979 370 974 385 974 
540 1001 500 991 463 966 427 944 390 934 496 904 460 860 429 846 402 840 498 906 465 865 433 854 409 852 497 914 468 885 443 875 422 874 493 923 472 904 453 898 437 898 333 1094 351 1050 363 1007 380 971 395 947 301 975 307 924 331 904 353 898 314 983 328 940 356 930 380 933 327 993 346 963 369 955 389 957 341 1005 357 984 374 979 389 981 
541 1004 500 993 463 968 426 947 390 936 497 906 461 863 431 849 405 842 500 909 463 875 429 865 405 864 499 918 468 893 442 884 421 883 495 928 472 911 452 906 435 906 334 1100 352 1055 364 1010 382 973 398 948 302 979 307 927 331 906 353 898 314 987 329 943 357 932 381 932 327 998 346 967 370 958 391 958 342 1010 358 988 376 982 392 982 
544 1006 503 994 467 969 430 947 395 935 500 906 465 863 436 852 409 847 501 910 464 878 431 872 406 875 500 920 468 897 441 892 419 894 496 931 472 916 451 914 433 917 334 1103 354 1056 367 1011 385 976 401 953 304 981 311 929 334 908 356 902 316 990 332 947 361 938 384 940 329 1001 348 969 371 961 391 962 343 1014 360 990 376 984 391 984 
549 1007 508 996 471 970 435 949 398 937 503 907 468 864 440 852 413 847 504 911 464 881 430 880 405 888 501 921 466 900 437 903 414 912 499 932 471 922 448 925 428 932 332 1104 355 1058 369 1013 387 978 404 954 306 983 311 930 335 910 357 904 316 991 333 947 364 937 388 938 328 1002 348 968 371 959 392 959 341 1013 358 990 376 983 392 982 
553 1005 510 996 473 969 438 946 404 935 511 910 474 865 445 854 419 849 515 911 477 876 443 867 416 868 514 919 478 897 450 896 426 902 510 928 483 917 461 918 441 924 330 1107 355 1061 368 1016 385 981 404 956 305 986 311 932 338 912 360 906 312 995 330 951 364 940 391 940 320 1006 341 976 368 965 392 963 331 1018 348 997 368 989 386 987 
554 1003 513 995 477 969 442 943 408 933 516 910 481 864 451 854 425 851 519 911 480 877 443 872 415 874 518 919 482 896 452 895 428 900 514 927 487 915 463 914 444 919 325 1103 352 1063 366 1019 381 982 401 955 303 987 308 932 338 915 363 912 306 993 327 947 362 938 389 940 314 1001 336 969 364 959 388 958 323 1011 342 990 363 983 382 982 
557 1001 515 993 480 966 444 942 410 933 519 910 483 865 453 856 428 854 525 910 482 879 446 875 417 878 524 917 487 897 457 895 433 899 520 925 493 913 470 913 451 917 317 1101 349 1065 360 1021 372 982 390 953 299 990 306 934 336 919 359 921 295 994 310 941 342 930 368 931 298 1000 316 960 342 948 366 948 306 1009 321 980 342 971 361 971 
562 997 521 994 486 969 450 944 414 935 519 913 482 870 453 861 428 858 527 909 484 877 448 872 420 874 527 914 489 893 460 892 437 896 524 920 496 908 474 907 454 911 311 1100 346 1068 356 1025 368 984 383 953 295 990 316 938 347 930 368 931 283 990 301 932 334 922 359 928 282 995 297 944 326 932 350 933 288 1002 299 965 319 951 340 947 
564 995 523 994 488 972 453 948 418 940 520 916 482 878 455 869 432 865 532 909 489 879 457 873 432 876 535 911 496 892 470 891 448 895 534 915 506 903 485 902 467 906 309 1101 345 1068 356 1026 366 985 381 954 298 994 327 947 356 941 374 944 280 991 302 937 332 926 355 929 274 994 285 946 310 931 332 928 276 1000 278 962 291 946 307 939 
569 993 529 997 491 975 456 951 423 940 522 918 476 885 448 881 425 880 533 909 480 888 444 889 417 898 535 911 487 900 456 906 431 916 534 915 501 908 477 913 457 919 308 1100 345 1068 358 1029 367 990 382 963 303 996 336 953 364 952 381 958 283 992 305 939 335 924 358 923 274 996 284 949 306 932 327 926 273 1004 273 968 284 950 298 940 
569 992 527 999 490 979 458 955 431 943 520 923 475 891 449 888 427 888 533 912 484 889 452 889 428 895 538 912 493 898 466 901 446 908 537 914 504 906 484 908 467 913 310 1100 348 1070 363 1030 372 992 385 965 309 998 339 960 365 955 381 958 287 994 306 946 333 927 355 921 275 1000 281 954 303 936 323 929 273 1009 272 973 283 955 296 946 
571 992 529 1001 492 982 461 960 434 950 520 928 474 900 447 896 427 896 532 915 483 891 452 890 430 896 537 913 493 897 466 898 446 904 535 915 503 905 483 906 466 910 316 1100 354 1073 369 1034 376 998 390 971 316 999 347 963 371 957 388 957 292 994 310 949 335 928 355 918 279 1000 282 958 299 936 315 925 275 1011 271 977 277 958 287 947 
571 992 530 1003 493 986 461 963 435 955 519 935 471 907 443 904 421 905 531 920 478 897 446 898 422 905 534 915 489 897 461 901 441 910 533 916 499 906 477 907 461 912 320 1100 358 1074 374 1038 382 1003 396 978 326 997 355 964 376 957 390 956 301 993 316 950 336 929 354 917 286 1000 286 960 299 938 313 925 279 1012 270 981 273 963 279 949 
570 993 531 1007 494 991 462 967 435 960 517 937 466 913 437 911 413 911 527 922 472 902 438 905 413 914 529 917 480 902 452 908 431 919 527 919 491 909 468 911 450 917 323 1101 363 1075 378 1038 386 1002 398 977 333 997 362 966 382 958 396 957 308 995 320 953 338 930 353 917 291 1004 291 963 302 941 313 927 283 1018 272 990 270 971 272 955 
569 996 530 1011 492 994 459 971 432 964 516 942 462 920 434 918 410 919 526 925 467 910 436 916 413 927 529 919 476 910 450 919 433 933 527 919 490 915 469 921 454 930 326 1102 366 1076 381 1039 387 1005 399 982 336 998 362 968 379 961 389 960 312 997 323 954 339 932 352 919 295 1006 293 965 302 943 312 929 286 1021 271 992 266 973 266 959 
566 997 528 1013 491 999 460 976 433 969 512 948 459 927 430 925 406 925 522 929 466 912 434 917 411 927 525 923 474 911 449 919 431 930 523 923 485 916 464 921 449 929 327 1102 368 1076 383 1039 389 1006 400 983 340 999 366 971 381 968 389 969 316 998 327 956 341 933 352 920 299 1008 294 967 302 944 311 930 289 1024 271 995 265 975 262 960 
564 998 524 1016 487 1004 458 980 433 973 507 954 453 932 425 928 401 926 519 935 463 916 431 921 409 929 524 928 474 912 450 921 435 932 525 926 487 917 466 922 453 929 328 1100 368 1074 384 1039 390 1007 399 985 345 1000 367 974 382 970 389 969 320 1000 329 959 340 935 348 920 302 1009 295 971 300 948 306 932 291 1025 273 1000 266 983 261 971 
561 1000 523 1020 487 1009 457 986 432 974 500 960 449 937 421 933 399 931 511 940 456 923 424 925 403 932 518 931 468 918 442 924 426 934 519 929 482 921 461 925 446 932 330 1100 370 1075 385 1039 390 1006 400 985 346 1001 369 975 384 967 392 963 321 1000 330 961 342 937 350 921 303 1010 297 972 302 949 307 933 291 1025 272 1000 264 982 258 969 
557 1002 519 1021 482 1010 452 987 430 977 496 962 445 941 419 938 399 939 507 942 450 926 419 929 397 935 512 933 460 919 433 924 416 934 514 930 474 922 451 925 435 932 331 1099 372 1074 386 1040 390 1011 398 992 348 1000 369 979 382 977 387 980 324 1001 332 962 342 938 349 922 305 1011 298 975 302 952 307 936 293 1027 274 1003 265 987 260 974 
554 1002 517 1023 479 1014 450 992 429 979 492 968 442 944 415 943 396 948 503 947 446 929 416 934 397 943 508 936 456 921 430 927 413 937 510 933 468 924 446 926 430 933 334 1097 374 1071 387 1038 387 1011 387 994 350 999 371 978 383 973 388 972 326 1000 334 963 343 940 348 924 307 1011 300 974 304 951 308 936 295 1026 275 1003 265 987 259 975 
552 1003 515 1024 479 1017 451 997 430 982 488 971 440 946 414 945 396 948 498 949 443 930 414 935 395 944 504 938 453 924 427 930 410 940 505 936 466 928 443 931 427 938 334 1097 375 1071 387 1037 386 1012 387 998 351 999 370 978 381 972 385 972 326 1001 333 964 342 942 346 928 308 1011 301 974 304 952 307 936 295 1027 274 1004 263 987 256 975 
551 1003 513 1025 478 1019 449 1000 429 986 481 973 435 947 411 948 397 956 492 951 440 933 414 940 400 950 499 941 452 926 427 933 413 944 503 938 465 928 443 932 429 939 335 1096 375 1071 387 1038 386 1012 386 999 351 999 368 977 379 967 384 963 326 1001 333 964 341 943 345 928 308 1011 301 975 303 954 306 940 295 1027 273 1003 261 987 253 974 
550 1003 512 1025 477 1020 447 1002 427 989 477 973 430 950 407 954 396 962 489 951 437 933 412 942 400 953 497 941 450 927 427 936 416 947 502 940 465 931 444 936 432 944 333 1095 373 1071 387 1037 385 1009 386 994 349 1000 365 973 375 962 381 956 325 1002 331 965 339 944 343 929 306 1012 300 977 302 956 305 942 294 1028 274 1006 262 990 254 978 
549 1004 510 1026 475 1020 446 1002 426 989 474 974 426 950 406 955 397 963 486 951 434 933 413 943 404 955 496 941 449 927 430 937 422 948 502 939 467 931 449 938 441 946 331 1095 372 1068 385 1033 385 1006 387 991 347 999 362 971 372 960 377 954 323 1003 328 966 335 946 340 932 305 1014 299 981 302 963 307 951 293 1029 273 1006 261 990 253 978 
548 1004 509 1024 473 1018 444 1001 423 989 471 973 423 948 404 955 399 966 485 951 433 932 416 946 412 959 495 942 451 928 435 941 431 953 503 940 469 933 455 941 451 950 330 1093 370 1069 385 1036 391 1011 395 996 344 1000 360 970 369 959 373 952 321 1004 325 967 333 947 338 934 303 1015 297 984 301 966 307 954 291 1030 273 1008 263 993 258 983 
548 1003 507 1023 470 1014 442 994 423 981 470 973 424 946 407 952 403 962 484 951 436 932 423 945 423 958 496 940 455 928 443 940 443 951 505 937 474 931 463 940 463 948 328 1092 368 1071 385 1039 391 1014 393 1001 342 1000 355 970 364 957 371 948 320 1006 323 970 331 950 338 937 304 1018 300 987 306 970 312 959 294 1033 279 1013 273 1000 272 991 
547 1003 507 1021 471 1012 443 993 423 979 467 972 424 944 409 950 407 961 482 951 437 930 423 942 423 954 496 940 458 927 448 938 448 949 507 936 477 930 467 938 467 947 326 1091 367 1070 386 1036 391 1008 387 990 342 1000 355 968 364 954 369 944 319 1006 324 970 333 952 340 940 303 1018 305 989 314 973 321 963 294 1032 293 1008 298 995 305 989 
547 1001 506 1019 471 1009 445 988 426 974 469 971 422 945 407 949 406 958 483 948 433 928 418 938 416 950 497 936 453 921 440 932 438 942 507 932 474 923 461 930 459 939 327 1089 367 1071 386 1040 394 1016 393 1002 343 1000 356 967 364 953 371 943 321 1005 326 969 335 952 344 943 306 1016 311 988 319 975 328 968 299 1030 304 1011 312 1001 320 998 
548 1002 506 1018 468 1008 441 987 423 972 469 970 423 948 408 950 403 955 483 947 435 929 420 938 417 948 496 935 453 921 439 930 436 940 507 930 476 920 461 926 457 933 328 1091 368 1072 387 1039 395 1014 395 999 342 999 355 967 365 954 373 945 321 1005 326 969 338 953 348 944 307 1017 312 988 322 973 331 966 302 1031 308 1009 315 998 324 994 
549 1003 507 1018 470 1008 442 988 423 973 470 973 425 951 409 950 400 953 483 949 435 931 419 937 415 946 495 936 452 921 438 930 436 939 505 930 475 920 461 925 457 933 329 1094 368 1073 389 1041 396 1015 396 1000 342 1003 355 971 364 957 371 946 320 1008 326 971 338 954 349 945 306 1019 312 989 322 975 333 968 301 1033 307 1009 315 999 324 996 
547 1003 505 1018 469 1009 443 991 427 979 463 973 420 953 405 952 399 955 476 949 431 933 418 939 415 947 490 935 450 922 437 930 435 940 502 930 474 919 461 925 458 933 330 1096 369 1074 389 1042 396 1017 396 1002 342 1005 355 970 365 956 372 945 320 1010 327 971 339 955 350 946 306 1021 312 989 323 975 334 968 301 1034 307 1010 316 999 326 994 
543 1004 504 1019 470 1010 447 994 435 984 456 974 416 955 403 954 400 958 470 951 429 933 421 943 423 952 486 937 449 922 441 933 443 942 500 931 474 917 464 924 466 933 329 1097 369 1075 388 1043 395 1018 396 1006 342 1005 355 971 364 957 371 946 320 1010 327 973 338 956 348 947 306 1021 312 991 321 976 330 969 301 1035 306 1012 314 1001 323 996 
539 1004 500 1021 468 1013 445 1000 429 992 449 977 411 957 400 956 400 959 464 952 424 935 418 944 422 953 480 937 445 921 437 931 439 940 495 930 471 915 462 921 462 929 329 1098 369 1076 389 1042 396 1018 396 1004 342 1004 356 970 366 955 373 945 320 1010 328 971 340 955 351 946 306 1021 312 989 323 974 334 967 301 1034 307 1010 316 999 326 995 
533 1004 495 1020 464 1012 444 997 433 986 444 978 408 961 395 958 390 959 457 953 420 937 416 946 422 954 474 937 441 921 435 931 438 939 490 929 467 914 459 921 460 929 328 1097 369 1074 390 1041 396 1016 393 1002 342 1004 355 970 365 956 372 946 321 1010 327 972 339 956 349 947 307 1021 311 990 320 976 331 969 302 1035 306 1012 313 1001 323 997 
528 1004 492 1021 462 1014 443 999 432 988 439 978 404 962 393 961 389 962 452 953 416 939 412 948 418 957 468 937 436 922 430 933 434 942 485 929 463 915 455 921 457 930 329 1097 370 1076 389 1044 396 1018 393 1007 342 1005 354 971 364 957 372 946 320 1010 327 971 339 953 350 944 306 1021 311 989 321 973 332 965 301 1034 306 1009 313 997 323 991 
523 1004 488 1021 459 1014 438 1000 426 990 434 980 399 965 388 963 387 965 446 955 410 941 405 949 410 958 463 939 432 922 425 933 428 942 481 931 460 916 452 922 454 932 329 1097 370 1076 388 1044 394 1020 397 1007 343 1005 356 970 365 955 372 944 321 1010 328 970 340 953 350 943 307 1020 312 988 320 973 330 965 303 1032 306 1008 313 996 322 990 
520 1006 485 1024 456 1017 434 1006 420 998 431 982 394 965 384 964 385 967 443 957 406 942 401 950 406 959 460 941 429 923 422 933 423 942 478 934 456 916 448 921 448 931 331 1095 371 1076 389 1044 396 1019 399 1006 344 1004 357 969 366 953 372 942 322 1008 329 969 340 952 351 942 308 1019 312 987 321 972 331 964 302 1032 307 1008 314 996 324 991 
516 1007 481 1024 451 1017 429 1004 415 995 425 982 388 965 382 967 387 973 438 957 402 943 400 954 407 963 455 942 424 925 419 936 422 945 473 935 450 917 443 923 444 932 331 1096 372 1076 389 1044 395 1020 400 1005 346 1003 359 969 367 953 373 942 323 1008 331 969 342 953 352 943 308 1019 312 988 321 974 331 967 302 1032 306 1008 314 997 323 993 
511 1007 476 1023 446 1016 423 1003 409 992 422 983 386 965 379 967 382 973 435 959 398 944 396 954 402 962 451 943 419 927 414 937 418 946 469 935 446 916 437 922 436 930 332 1095 372 1076 389 1045 395 1020 399 1006 346 1004 359 970 366 954 372 942 323 1008 331 969 342 951 352 940 308 1018 313 986 322 971 331 963 302 1031 307 1006 314 993 324 987 
508 1007 473 1025 443 1018 421 1006 405 997 418 983 384 965 375 965 375 970 431 959 396 944 389 952 392 960 448 943 417 927 408 935 409 944 466 936 444 918 433 922 430 930 332 1096 371 1076 389 1045 396 1020 397 1006 346 1004 359 970 366 954 372 943 323 1008 331 970 341 952 351 940 307 1019 312 987 321 973 331 966 301 1031 306 1007 314 997 325 992 
506 1006 471 1025 441 1017 420 1003 407 991 417 983 384 965 375 965 375 969 430 959 395 944 388 951 391 959 446 943 415 927 405 935 405 942 464 936 440 918 429 922 426 929 333 1095 372 1075 390 1044 395 1018 397 1004 346 1004 359 969 367 952 372 941 322 1007 332 968 343 950 353 939 306 1017 312 985 321 971 331 964 300 1029 305 1006 314 995 325 991 
505 1005 470 1024 440 1017 419 1004 405 994 415 983 384 966 378 968 379 973 428 958 395 945 389 953 393 961 445 943 414 927 406 936 407 945 463 936 440 920 430 925 428 932 332 1096 373 1075 390 1041 395 1014 398 999 346 1004 360 969 368 953 374 942 322 1008 331 968 342 951 353 940 306 1018 310 985 319 973 329 966 299 1030 302 1007 310 998 320 994 
506 1006 471 1025 442 1018 422 1003 409 991 416 983 385 967 382 974 388 982 428 958 395 946 391 957 397 966 445 943 413 930 407 941 409 949 463 937 440 921 430 926 428 932 332 1095 372 1075 390 1043 395 1018 397 1004 346 1005 359 970 367 954 373 943 322 1008 332 967 344 949 354 938 306 1017 310 983 319 970 328 963 299 1028 302 1004 309 993 319 989 
508 1005 472 1023 442 1016 420 1001 406 989 417 981 387 966 387 974 395 982 431 957 398 945 396 956 404 965 448 942 418 929 413 939 417 947 466 935 443 922 436 928 437 935 332 1095 372 1074 389 1043 394 1018 396 1004 346 1005 359 970 367 954 373 942 323 1008 333 967 344 949 354 938 308 1018 310 984 319 970 329 962 300 1029 300 1004 307 993 317 987 
512 1005 476 1023 447 1017 426 1005 412 996 420 979 394 968 390 972 393 978 434 956 405 946 399 955 403 964 452 942 425 930 419 937 420 945 471 936 453 923 446 928 448 935 332 1093 372 1072 390 1039 394 1014 395 999 344 1003 360 968 369 952 376 940 322 1005 334 965 347 947 357 935 306 1013 311 980 321 966 331 958 299 1024 301 998 309 986 319 980 
516 1003 480 1022 449 1013 430 999 418 988 426 977 401 968 395 972 396 978 439 954 410 947 401 956 400 965 456 940 430 931 421 939 420 948 474 936 456 927 448 933 448 941 331 1092 371 1070 388 1040 392 1016 386 1007 344 1000 360 966 369 951 376 940 321 1002 334 962 346 944 357 933 305 1010 311 976 321 961 332 952 297 1021 299 996 307 985 317 979 
524 1000 489 1022 457 1015 439 1000 429 989 434 977 408 971 400 974 397 978 446 953 417 948 405 954 398 959 462 939 436 934 422 940 415 947 478 935 457 930 446 935 441 943 329 1089 369 1066 386 1037 390 1014 383 1005 342 996 360 963 370 948 379 937 320 999 332 959 346 942 358 932 304 1008 306 974 317 958 329 949 296 1020 291 996 296 983 305 976 
531 998 498 1021 466 1018 444 1009 428 1004 443 975 416 974 408 982 407 989 454 953 424 951 411 959 404 966 468 941 442 936 428 942 420 950 481 937 460 932 448 936 444 944 327 1087 367 1065 384 1035 388 1010 386 999 341 994 359 961 371 945 382 934 318 996 330 956 346 937 359 926 302 1004 303 968 314 951 327 941 293 1017 287 990 291 976 300 967 
537 995 504 1018 472 1018 451 1011 436 1009 448 975 420 977 409 983 403 989 460 954 429 954 417 964 411 971 474 942 447 940 434 948 427 957 487 938 464 934 451 939 446 946 323 1082 365 1061 382 1031 387 1007 388 992 339 990 358 957 372 943 383 934 316 991 330 950 346 932 360 921 300 999 302 963 314 946 327 935 290 1011 286 982 292 967 302 957 
545 990 511 1016 479 1018 460 1010 446 1006 453 975 427 979 420 985 419 989 463 952 434 956 426 966 423 975 477 939 452 941 441 951 437 961 491 934 470 933 459 940 454 949 321 1077 363 1056 381 1026 386 1001 390 984 339 983 360 952 375 940 386 931 316 984 331 944 348 926 363 915 300 992 304 955 316 938 328 927 291 1004 285 974 287 958 294 948 
549 984 518 1011 485 1013 464 1006 448 1005 456 972 431 978 421 984 415 988 467 950 437 954 427 964 422 972 481 936 454 937 441 946 435 954 495 931 471 930 458 937 452 944 319 1069 361 1049 381 1019 389 992 395 975 338 976 362 945 378 934 391 928 316 976 333 936 350 918 365 908 301 984 307 947 320 929 333 919 291 995 284 967 285 950 290 939 
556 975 524 1003 491 1004 468 999 451 1003 462 962 435 974 424 982 418 985 471 941 440 952 429 963 423 971 482 930 453 936 441 946 435 954 495 926 470 929 457 936 451 944 317 1062 361 1042 382 1009 392 979 403 960 338 965 364 935 382 926 395 922 316 966 334 929 353 912 370 904 300 975 308 939 322 922 336 913 291 988 285 961 286 945 290 934 
565 966 529 990 491 990 466 987 447 990 468 945 437 960 429 973 425 982 479 925 448 939 437 954 431 966 494 917 466 926 454 940 450 952 507 916 484 921 473 932 469 942 315 1051 359 1034 381 1001 393 970 406 951 340 955 365 927 382 921 395 919 318 954 336 918 355 905 372 900 301 962 311 927 327 913 342 906 289 974 286 947 288 931 293 920 
576 954 538 976 496 972 470 969 449 972 483 921 447 931 432 943 421 952 496 906 462 910 447 924 437 937 511 902 480 901 465 911 456 923 522 904 495 904 479 910 470 919 312 1039 358 1022 381 993 393 964 401 945 341 945 364 916 379 910 390 907 318 943 338 909 357 898 373 895 302 950 316 918 333 906 348 901 290 961 293 932 301 918 310 909 
585 939 547 957 507 953 477 947 454 946 501 903 459 909 440 919 428 927 511 887 472 896 454 909 443 921 520 883 485 891 469 902 461 913 526 885 496 890 480 898 472 907 312 1028 359 1012 384 981 396 951 406 932 344 931 368 902 385 897 398 897 321 929 344 896 364 886 381 884 304 936 321 903 340 892 356 888 292 947 297 919 307 905 317 896 
597 929 557 939 516 928 484 921 460 920 520 875 477 880 458 890 445 898 529 862 489 862 469 869 455 878 537 861 504 859 485 864 472 872 541 866 515 863 500 867 487 875 311 1016 359 1000 385 969 399 941 410 921 347 916 372 887 389 883 401 883 323 914 349 884 370 878 385 880 306 920 326 891 346 883 362 882 295 931 306 905 318 894 331 890 
606 919 562 923 523 905 495 892 475 886 535 855 491 854 468 862 449 869 548 848 506 845 483 856 468 869 557 853 521 851 503 861 492 873 561 861 534 861 518 868 507 878 310 1000 358 987 388 956 402 928 415 911 352 904 378 874 395 871 407 872 327 901 356 870 377 868 391 873 311 907 332 878 352 872 368 875 300 918 314 892 329 883 342 882 
611 910 569 909 533 887 505 870 487 862 552 835 505 835 481 845 461 852 561 829 513 836 487 852 467 870 568 832 527 846 515 865 511 883 571 838 541 852 528 867 522 883 312 985 359 975 390 946 406 919 420 900 357 891 383 862 400 860 412 861 333 888 362 859 382 858 396 864 316 894 339 867 359 863 374 867 305 905 321 882 336 875 348 875 
615 899 574 895 542 872 517 855 497 848 563 826 522 817 503 824 489 830 576 819 536 811 514 820 499 833 584 823 547 821 531 830 519 842 588 830 561 830 546 837 536 846 315 971 363 960 394 933 410 908 421 891 361 879 389 852 406 850 417 853 337 876 369 849 389 850 402 857 320 882 348 858 367 856 381 862 310 893 330 872 346 867 358 869 
617 892 579 885 548 862 526 845 509 835 571 818 533 807 513 811 498 815 582 812 544 804 522 810 505 820 589 814 553 810 535 816 520 825 591 820 564 817 548 820 534 827 317 957 366 948 397 925 413 901 428 884 368 869 394 844 411 842 423 844 344 866 375 840 394 841 408 848 328 871 354 848 372 846 386 852 317 881 338 861 354 858 366 861 
617 882 582 875 554 853 532 836 514 827 575 809 542 795 524 798 509 802 588 803 555 791 535 794 518 801 594 807 566 797 549 798 533 804 597 812 575 803 561 803 547 807 321 943 369 936 401 914 420 889 436 871 373 861 401 836 417 833 429 834 352 856 381 833 399 832 412 838 336 861 360 839 378 837 390 843 325 870 344 851 359 846 371 849 
617 876 583 870 556 848 535 832 521 823 578 804 547 789 529 790 515 791 592 799 560 784 540 785 524 790 599 803 573 790 555 790 541 794 602 810 581 799 567 797 554 800 326 931 373 925 405 905 423 882 439 866 379 852 404 829 419 826 428 828 358 848 384 826 401 825 414 830 343 852 365 831 382 829 394 834 332 860 351 843 366 838 377 840 
617 872 582 866 556 844 537 828 523 817 578 803 549 785 532 783 518 783 593 799 564 780 545 781 531 785 601 803 578 787 562 786 549 790 605 809 588 796 574 793 562 795 332 920 377 914 406 895 424 878 436 866 384 843 407 822 422 818 432 818 363 841 386 819 402 817 414 821 347 845 368 826 384 822 396 825 338 854 356 837 370 831 380 832 
615 868 580 862 555 842 536 825 522 814 577 800 549 780 533 778 520 778 591 796 564 776 546 777 533 782 600 800 577 782 561 783 548 788 603 806 587 792 573 789 562 792 334 903 379 899 410 883 427 869 441 857 390 831 413 812 426 809 434 809 369 829 392 811 406 809 417 812 354 834 374 818 388 815 399 816 345 843 361 828 374 823 383 824 
612 865 576 859 552 837 534 821 522 809 575 797 547 777 531 774 517 773 589 793 562 774 544 773 530 777 598 797 575 781 559 780 546 783 601 804 584 791 572 788 560 789 338 893 383 891 413 874 430 860 443 849 394 821 415 805 426 802 433 802 373 820 393 805 407 803 417 806 357 826 374 813 388 812 398 816 347 836 362 825 374 823 382 827 
607 860 572 854 550 834 533 819 520 810 570 795 545 774 529 770 517 768 585 792 561 770 544 769 531 772 594 796 574 777 559 775 547 778 598 803 582 789 570 785 559 786 341 884 388 883 416 867 432 854 441 841 399 813 418 799 429 795 434 795 378 812 397 801 409 800 417 802 362 820 378 810 391 810 400 813 352 831 367 823 378 822 385 826 
601 854 567 849 546 829 530 814 516 806 564 790 541 770 526 767 515 767 580 788 558 765 542 766 530 770 588 792 570 772 556 771 545 775 592 798 577 784 566 779 556 781 343 879 389 877 420 863 435 849 439 833 399 811 417 794 427 789 433 789 379 811 397 797 410 795 418 796 364 818 380 808 393 805 402 807 355 829 370 820 381 819 387 823 
597 851 563 846 542 826 526 812 514 804 559 787 538 767 524 764 513 764 575 785 556 763 541 762 530 766 584 789 569 770 555 768 545 770 589 795 576 780 565 775 556 775 344 876 389 874 415 859 428 849 438 838 399 807 415 792 425 786 430 785 379 808 397 795 409 793 417 793 365 815 380 806 393 804 402 805 356 826 371 819 381 818 387 822 
591 846 557 843 536 825 523 811 513 801 550 784 531 765 519 762 510 762 567 782 549 759 536 758 527 762 578 786 563 765 551 762 541 764 583 792 571 775 561 769 552 769 345 873 387 873 414 857 427 847 436 839 399 805 413 790 421 784 426 782 381 807 397 793 408 790 416 790 368 813 382 802 395 799 404 799 360 822 373 812 383 810 389 812 
585 844 552 843 531 824 518 809 508 800 545 785 527 764 514 761 504 761 562 782 544 759 528 758 518 762 572 785 557 763 543 761 533 763 577 790 564 773 553 768 544 768 346 872 388 872 413 856 426 845 438 839 397 805 410 789 418 782 422 778 379 805 395 794 406 791 413 790 366 812 380 803 392 801 400 802 358 821 372 814 381 813 386 817 
580 842 548 844 526 826 513 811 502 801 540 787 523 765 511 760 501 759 556 782 538 758 522 755 511 758 566 783 549 760 535 756 524 758 571 787 557 768 545 761 535 760 347 869 389 870 412 855 425 845 436 838 397 808 407 789 414 780 418 774 380 807 395 792 405 787 413 784 368 812 381 801 392 798 400 798 362 819 373 810 382 808 387 810 
574 841 542 844 520 826 507 811 497 802 533 787 516 764 504 758 495 756 549 782 532 758 518 755 508 758 560 783 545 761 531 758 521 759 566 788 554 770 542 764 533 763 349 869 390 868 414 855 426 845 437 838 396 807 406 789 413 780 417 775 380 807 395 793 405 789 412 787 369 811 382 799 392 796 400 795 364 818 375 808 384 804 390 806 
569 841 537 843 514 826 501 812 493 802 526 783 509 763 497 757 487 753 543 778 525 756 511 753 502 755 554 780 539 760 525 756 515 757 561 785 548 770 536 765 527 764 351 871 390 870 413 855 425 844 436 838 394 810 403 790 410 780 414 774 379 810 393 795 403 789 410 785 370 814 382 800 392 794 400 792 367 820 378 806 386 800 391 799 
565 841 532 844 508 826 494 810 484 802 522 785 503 762 491 755 482 750 539 778 520 753 506 750 497 753 550 780 534 759 519 755 509 756 556 785 543 771 530 765 521 765 352 870 391 871 413 855 425 844 436 838 395 809 404 791 410 779 414 773 380 807 393 793 402 788 409 784 372 810 382 796 393 792 400 790 369 815 379 800 386 795 391 793 
561 842 528 844 505 826 492 812 484 804 516 784 497 762 486 754 478 748 534 778 516 753 503 746 494 744 546 780 530 760 517 753 508 751 552 785 539 770 528 763 519 762 352 870 391 872 414 855 425 844 436 838 393 810 402 791 408 779 411 772 381 808 393 792 401 786 408 781 375 809 385 794 395 788 402 785 373 812 385 796 393 788 399 786 
557 840 523 844 500 825 489 809 480 802 508 783 490 762 480 753 471 747 526 776 510 752 499 743 489 739 539 776 524 757 512 750 503 746 546 781 535 766 525 759 517 757 355 871 394 872 415 854 425 844 436 836 391 814 397 795 403 782 406 776 382 808 392 792 400 786 406 781 380 806 390 789 401 784 407 780 383 804 394 785 402 775 406 769 
553 840 519 844 496 825 485 810 478 801 503 784 485 762 474 753 465 746 521 777 506 751 493 742 484 736 536 777 522 756 509 748 499 743 544 782 533 765 523 757 514 755 351 874 393 869 415 851 428 841 439 836 392 805 399 786 405 774 407 766 378 807 389 791 399 787 406 784 369 813 379 798 389 794 396 793 365 819 374 805 380 800 385 799 
548 839 514 842 491 824 480 808 473 799 498 783 480 762 468 753 459 746 517 775 500 750 487 740 477 734 532 775 518 754 504 747 495 744 542 779 531 762 520 756 513 756 350 874 394 866 415 849 427 839 438 834 391 802 398 783 402 771 404 763 376 806 387 790 398 787 405 786 366 814 375 799 385 796 392 797 361 822 369 810 377 807 382 808 
544 838 510 841 488 823 477 808 469 799 495 783 474 762 461 752 452 744 515 775 495 749 482 739 473 731 530 774 515 751 501 745 492 742 540 778 529 760 518 754 510 753 348 874 392 867 414 848 426 838 437 832 390 801 397 780 401 768 404 760 375 804 386 787 396 782 404 779 364 811 374 796 384 792 392 792 360 820 369 807 377 804 383 805 
540 835 507 839 484 822 472 808 464 801 490 782 469 761 457 751 448 743 510 772 493 746 480 737 471 731 526 772 514 748 503 745 495 745 538 776 529 761 520 757 514 758 349 873 392 865 413 846 425 834 436 829 388 797 395 776 400 764 403 755 372 800 384 784 394 780 401 777 362 809 372 793 382 790 390 791 358 818 367 806 376 804 382 806 
535 832 502 836 480 820 467 807 458 801 486 779 466 758 454 746 445 739 506 769 490 743 477 734 468 731 523 767 511 744 500 742 493 744 535 771 527 758 520 757 516 759 348 869 390 862 411 842 423 830 433 824 386 792 393 772 398 760 400 752 370 795 381 777 390 772 396 767 360 803 369 787 379 783 386 782 357 812 366 799 373 796 378 797 
531 829 499 833 478 817 464 806 452 802 481 777 463 754 452 740 444 733 501 766 486 738 475 732 467 734 519 763 507 737 496 736 489 741 532 766 524 754 516 754 512 758 346 867 388 857 410 837 422 825 431 818 383 788 389 767 394 755 397 747 368 793 378 774 388 767 394 764 358 801 366 785 376 780 384 779 355 810 363 798 370 794 376 794 
530 827 497 830 475 814 459 803 446 802 480 775 461 752 449 739 442 730 500 763 483 733 475 738 473 750 518 760 506 734 498 740 497 750 533 763 525 751 519 756 517 764 345 862 387 852 409 831 421 818 430 812 380 785 387 763 393 751 396 743 364 788 375 769 386 763 393 760 355 797 362 779 373 775 381 774 352 806 359 793 367 788 373 788 
528 828 495 829 473 813 458 803 445 803 477 773 458 750 447 743 444 743 497 763 480 731 472 737 470 747 516 762 505 731 496 739 495 748 531 766 526 748 518 750 517 758 344 858 388 845 409 822 422 809 433 804 377 778 386 756 392 744 395 736 363 784 374 765 385 759 392 756 355 793 363 776 373 771 382 769 353 803 361 789 369 785 376 784 
524 827 491 829 469 814 455 801 443 798 471 770 451 745 444 744 444 751 492 760 476 730 470 738 469 748 511 758 500 731 493 737 491 747 527 762 520 745 513 747 512 755 344 854 385 839 409 814 425 798 440 788 376 774 384 751 390 739 393 731 363 781 372 760 382 752 390 747 355 790 363 774 373 766 382 763 353 800 361 786 369 780 376 777 
522 828 486 829 464 815 450 803 438 798 469 770 453 745 446 744 447 752 490 761 475 733 469 739 468 749 509 759 498 733 491 737 488 746 526 764 521 744 513 746 511 755 340 854 382 833 404 810 420 797 435 789 374 774 379 750 384 738 387 731 362 782 369 760 378 751 385 745 357 793 363 775 371 765 379 759 356 803 363 789 369 780 375 776 
521 828 484 831 457 818 442 803 434 797 468 770 453 744 447 748 449 758 488 760 473 737 468 745 469 755 506 759 494 737 488 742 487 750 521 762 515 745 508 747 507 754 340 853 380 829 402 806 417 794 428 786 371 771 377 748 381 736 384 729 362 781 371 760 380 752 389 747 359 793 367 777 377 767 385 762 359 805 369 791 376 784 384 780 
517 829 480 833 454 820 439 806 429 798 467 770 453 747 446 753 446 763 487 762 472 739 464 747 463 757 504 762 491 741 483 747 481 755 517 766 509 750 502 753 501 759 337 855 376 827 397 804 412 791 424 782 367 773 371 750 375 738 378 730 360 784 368 762 376 753 382 746 357 797 366 780 374 769 381 762 358 808 367 796 374 788 381 783 
516 831 480 835 453 822 436 811 428 804 466 770 452 748 444 751 442 760 486 764 472 742 463 748 461 757 502 764 489 747 480 750 476 756 514 768 504 755 494 755 490 760 335 856 374 823 395 800 409 789 418 783 362 769 364 747 368 735 370 728 356 782 363 760 370 751 374 744 355 797 364 780 371 769 378 762 357 811 367 798 373 789 379 784 
517 838 478 837 450 822 430 810 418 802 468 770 452 749 441 751 435 760 488 766 470 746 458 751 451 759 502 770 488 753 476 753 468 759 513 777 502 764 491 761 483 764 333 859 369 826 389 803 406 790 418 780 355 771 355 747 356 734 357 727 348 783 352 760 356 749 360 741 346 798 352 779 357 766 364 759 348 811 356 797 360 787 366 781 
516 843 477 839 447 821 424 810 407 804 471 771 454 748 441 750 435 759 489 768 470 748 456 752 447 759 502 773 486 758 474 757 464 762 512 781 499 770 487 767 478 769 328 859 364 826 384 802 401 789 415 777 347 774 346 748 347 734 348 725 340 785 348 763 356 754 363 748 340 799 350 781 362 772 373 767 341 811 353 798 363 791 372 789 
517 847 476 842 446 823 421 811 404 804 471 771 454 748 441 749 433 758 489 770 469 750 453 753 444 760 500 776 483 761 470 759 460 765 508 783 494 771 482 768 473 770 328 861 361 827 381 801 400 788 415 775 341 774 339 748 343 734 347 727 336 786 350 766 365 763 380 763 337 800 353 786 369 780 384 779 340 813 355 802 368 798 379 797 
515 853 474 848 445 827 422 815 406 811 470 774 454 747 439 748 430 757 488 774 470 751 453 753 442 760 501 781 484 764 470 762 459 767 509 790 494 775 481 771 472 774 320 869 356 834 377 807 397 792 412 776 339 780 342 753 351 742 359 738 335 794 348 771 365 765 380 767 336 808 354 794 371 789 388 790 340 822 356 811 369 807 381 807 
513 860 471 855 443 833 421 821 407 818 467 780 452 750 437 748 427 754 487 779 468 751 450 751 438 758 499 784 482 763 466 761 454 766 506 792 492 775 478 771 468 774 316 876 355 842 377 815 397 800 414 786 342 785 350 762 362 758 370 762 335 800 351 781 369 781 383 788 334 816 354 805 372 803 387 807 336 831 352 822 366 820 378 822 
511 869 470 865 440 843 418 828 404 823 466 789 448 756 432 753 421 758 485 786 462 757 442 758 429 765 497 791 474 768 456 769 443 776 502 797 483 781 468 778 456 783 313 889 353 859 378 829 399 809 416 792 342 795 368 781 387 792 395 806 336 809 364 800 386 812 397 829 333 825 360 821 380 827 393 840 334 840 355 834 371 837 382 846 
509 879 465 875 434 852 412 836 398 826 460 797 442 764 423 761 412 766 482 795 459 763 437 766 425 775 495 801 474 775 454 777 442 785 502 809 483 790 467 788 456 794 314 904 354 876 380 844 400 823 417 804 344 808 370 797 391 806 400 817 337 822 362 812 383 819 397 832 333 838 357 831 378 834 391 844 335 854 354 846 369 847 380 853 
513 889 470 886 439 867 416 855 400 855 461 809 438 775 419 773 409 778 481 804 455 770 434 775 422 786 493 809 469 779 449 785 439 797 498 814 479 792 463 794 452 804 315 926 352 896 376 859 394 836 410 814 341 824 363 812 384 820 393 831 332 837 356 828 377 833 391 846 328 853 352 846 373 848 387 857 330 870 349 859 364 860 376 866 
527 903 484 900 447 879 417 870 396 875 469 823 441 789 420 787 406 793 487 816 457 783 433 784 418 795 498 820 472 790 450 790 436 800 503 825 482 801 465 798 452 805 311 946 348 914 370 876 387 851 399 826 334 840 356 829 377 837 387 849 328 856 352 850 375 858 388 872 325 874 351 870 372 875 385 885 327 891 349 884 364 887 374 896 
535 908 492 910 454 892 419 882 393 888 475 834 440 801 418 801 405 807 493 822 454 787 429 795 417 807 503 822 471 789 448 794 435 805 508 826 485 798 466 797 454 803 308 969 342 933 360 892 378 867 391 843 325 860 343 846 364 854 374 866 323 876 342 865 363 872 376 884 324 895 345 888 364 891 376 899 328 915 347 905 360 908 368 916 
543 920 502 922 463 903 426 891 397 896 483 844 441 814 416 815 401 821 501 830 459 796 432 803 417 815 512 829 479 796 454 799 438 809 517 834 495 809 475 805 460 810 295 990 330 954 352 913 372 887 388 862 320 879 341 864 364 871 377 883 317 896 340 887 364 894 380 907 315 915 341 910 365 911 383 919 317 935 339 927 356 930 369 938 
554 928 512 936 474 919 438 902 408 903 492 858 447 823 418 822 400 828 509 842 463 802 432 808 414 820 518 838 479 802 450 804 432 814 521 842 493 815 470 813 455 817 288 1010 326 972 350 934 369 907 382 880 314 902 327 875 343 873 351 877 312 917 331 901 351 904 365 913 312 935 334 927 353 928 368 934 313 953 332 943 346 944 357 950 
559 936 518 946 479 931 443 915 414 916 496 870 454 833 427 825 406 825 513 851 468 810 438 810 420 819 522 845 483 809 455 807 436 813 525 846 496 820 474 814 456 816 280 1026 322 992 348 953 367 925 385 901 311 919 328 888 344 879 355 875 305 932 324 907 344 903 360 904 303 948 326 933 346 926 363 926 306 964 325 951 341 947 355 948 
571 944 528 959 489 953 449 940 413 944 497 895 453 857 425 844 404 840 512 872 466 832 436 827 417 832 523 860 483 824 455 821 437 827 529 856 499 827 476 822 458 824 269 1043 313 1021 345 984 368 956 389 937 310 938 337 903 363 897 381 897 303 947 334 922 362 921 385 925 301 961 333 947 358 946 380 951 303 977 329 966 349 965 367 970 
571 943 533 966 489 968 450 963 419 972 494 914 440 886 410 876 390 871 504 884 448 855 419 854 404 861 513 867 465 840 440 844 428 854 517 858 483 836 462 839 450 848 267 1061 313 1045 345 1009 372 978 395 957 307 957 345 922 373 930 389 941 295 960 333 934 361 943 380 956 290 971 326 954 351 960 370 970 291 983 320 969 342 972 359 982 
573 946 538 980 493 990 452 988 421 1001 495 943 431 928 396 922 371 918 502 905 427 882 405 892 402 903 508 879 442 863 429 881 434 895 512 865 462 851 450 865 454 878 267 1075 314 1059 346 1024 375 994 403 976 307 970 346 934 373 931 390 933 295 972 335 946 363 946 384 951 290 981 327 965 352 966 372 971 291 993 320 980 342 980 359 985 
577 958 542 992 494 1006 451 1009 420 1026 494 968 428 956 388 951 362 947 501 930 424 905 405 917 407 931 509 903 440 879 424 896 428 911 518 885 463 863 449 876 453 890 268 1089 314 1075 346 1041 377 1012 408 995 312 981 351 946 378 946 394 952 299 981 337 954 364 954 384 959 291 989 326 970 350 969 369 974 292 1001 318 986 339 985 356 991 
572 967 540 1005 493 1022 449 1024 415 1036 490 984 419 971 385 969 367 967 495 944 416 926 404 941 414 953 501 914 430 897 422 916 434 929 510 891 452 877 443 894 451 907 272 1094 316 1085 349 1052 383 1024 413 1008 313 992 357 955 387 959 407 970 299 988 345 956 375 959 397 969 294 993 335 969 362 970 383 978 297 1003 328 986 351 986 370 993 
568 974 534 1015 485 1031 438 1031 403 1042 485 996 411 982 385 979 377 977 491 955 409 942 400 955 411 962 497 924 422 912 417 931 430 940 505 900 444 890 435 907 443 917 275 1097 319 1096 353 1066 384 1036 411 1021 319 1008 363 965 390 967 405 977 303 997 349 956 377 959 394 967 297 997 337 960 364 960 383 967 298 1001 331 971 355 968 372 972 
563 979 528 1018 480 1035 433 1033 396 1033 484 1000 408 987 384 984 380 981 490 960 404 946 401 958 418 965 495 928 415 915 418 933 435 941 501 904 440 893 436 909 448 919 278 1105 324 1103 357 1072 388 1040 419 1022 325 1013 367 971 393 972 407 982 306 1003 349 964 376 966 393 975 296 1003 333 968 359 968 378 975 295 1008 323 979 345 976 361 980 
560 984 523 1021 473 1034 426 1029 388 1032 482 998 409 982 383 978 373 974 489 960 408 944 402 955 415 961 496 929 421 913 418 930 431 939 502 906 444 892 435 908 441 918 283 1112 330 1108 359 1072 384 1037 408 1018 326 1017 364 972 390 972 406 981 306 1008 346 968 373 971 390 979 295 1010 329 975 354 975 371 983 292 1016 317 988 338 985 354 989 
555 989 517 1022 470 1030 427 1023 391 1021 481 992 410 973 383 972 370 971 490 956 411 937 404 951 415 959 497 928 425 911 421 930 433 939 504 909 451 896 441 912 446 922 288 1117 335 1109 361 1075 381 1038 401 1019 327 1020 361 973 385 977 397 989 306 1013 342 971 366 976 380 985 294 1016 324 980 347 983 362 992 290 1023 314 994 333 992 346 999 
548 993 512 1024 465 1030 422 1020 386 1016 478 989 408 967 385 969 379 973 487 954 409 935 407 953 422 961 495 928 424 912 426 932 441 941 501 911 448 900 445 916 456 924 291 1118 340 1108 364 1072 381 1036 400 1017 327 1022 360 972 382 969 394 976 306 1014 341 968 364 968 378 972 295 1015 324 976 346 975 361 981 291 1021 314 989 332 985 345 988 
544 989 505 1019 460 1021 419 1009 385 1006 470 982 402 957 391 966 397 974 481 949 409 931 411 950 427 957 491 925 425 909 429 929 445 937 499 910 449 900 449 915 462 922 293 1117 341 1104 364 1067 378 1031 391 1011 328 1018 357 970 383 961 402 962 305 1012 337 967 363 963 382 969 292 1015 318 976 342 971 361 976 288 1023 307 991 327 983 343 985 
540 988 501 1016 457 1014 416 1002 383 1002 463 975 398 950 389 961 397 971 475 945 408 926 411 946 426 954 487 923 425 907 429 927 444 935 496 909 449 899 448 915 461 922 296 1114 345 1098 365 1062 375 1028 386 1008 329 1013 356 966 380 960 396 963 305 1008 335 963 360 961 376 967 292 1012 316 972 338 968 355 973 287 1020 304 988 323 981 337 984 
541 985 501 1014 455 1010 412 997 379 998 460 971 395 943 396 959 410 970 473 941 406 922 411 943 427 951 484 920 424 905 428 925 443 933 493 907 446 899 446 914 460 922 301 1114 349 1097 368 1062 376 1028 387 1009 330 1012 354 964 375 962 389 969 305 1008 334 963 356 965 369 973 291 1013 314 975 336 974 349 982 286 1021 302 990 320 987 331 992 
541 980 499 1009 455 1004 415 991 383 996 452 962 393 936 397 952 412 963 466 933 407 914 413 935 428 944 481 915 429 898 432 918 446 928 494 904 453 895 452 909 464 918 302 1115 347 1097 367 1061 378 1026 391 1006 328 1011 352 963 373 961 388 968 305 1007 335 969 358 971 372 978 291 1012 316 980 337 981 351 989 286 1021 303 994 321 992 333 998 
538 970 495 997 452 991 412 981 380 988 450 949 391 925 379 935 380 948 464 920 405 904 400 921 406 934 478 904 427 891 423 908 431 921 490 897 451 888 444 900 450 910 297 1114 342 1095 362 1056 374 1020 388 999 319 1007 344 959 365 943 383 934 298 1005 328 966 352 955 372 951 287 1010 316 978 338 969 357 967 285 1018 306 993 326 983 343 981 
535 959 495 985 453 979 417 968 388 974 447 931 392 908 375 918 371 933 460 904 405 890 390 906 390 922 474 889 426 882 414 898 416 912 485 884 449 879 436 891 437 903 292 1111 336 1088 355 1047 369 1015 381 995 306 1001 326 953 348 938 365 935 287 1002 315 960 340 949 359 946 279 1007 306 976 328 968 347 968 279 1014 300 991 319 984 336 984 
537 946 501 976 459 974 420 962 389 966 451 919 393 893 371 904 367 921 464 891 405 876 389 895 389 913 475 878 424 870 410 887 411 903 484 873 446 871 433 883 431 896 287 1103 327 1078 344 1036 361 1003 379 983 289 996 303 942 329 927 349 929 272 997 297 947 326 937 347 937 267 1001 291 961 315 951 335 950 269 1007 289 978 309 967 328 966 
543 942 508 973 467 971 424 960 388 973 459 915 399 885 373 894 361 911 470 887 408 867 387 886 383 904 481 874 428 862 409 880 405 898 488 870 451 867 434 879 427 894 277 1098 312 1070 325 1025 344 989 367 967 269 986 280 933 308 921 330 924 259 990 276 940 306 930 329 931 260 997 278 957 303 948 325 948 267 1005 282 975 302 967 320 966 
547 942 511 971 470 969 426 960 387 971 464 905 407 879 378 885 360 898 475 880 412 862 384 877 370 894 483 870 430 860 406 874 393 890 487 869 448 865 428 876 417 888 262 1100 300 1068 313 1021 330 985 355 966 255 982 264 927 292 914 317 915 246 987 264 935 293 925 316 926 246 996 268 958 293 951 315 953 253 1004 271 981 292 976 309 977 
551 946 514 972 471 971 424 962 382 966 468 899 412 875 382 878 361 886 480 878 419 858 387 868 368 883 488 871 437 860 409 869 392 883 491 872 453 866 432 874 417 885 254 1102 287 1063 303 1017 323 981 350 960 248 975 258 922 288 913 311 918 248 982 260 929 289 920 312 921 253 993 268 954 292 946 313 947 262 1004 274 978 293 972 310 971 
552 949 514 974 469 972 424 962 383 960 472 896 413 874 381 877 360 884 483 876 420 853 389 866 372 883 488 871 437 855 409 866 393 882 489 873 451 864 428 871 413 882 248 1104 281 1063 299 1018 320 982 343 960 246 973 257 922 286 910 308 911 249 980 262 929 290 920 311 919 254 991 269 955 292 950 311 953 263 1003 275 980 291 977 305 980 
555 954 518 977 471 973 423 960 383 958 481 898 417 873 382 879 361 888 490 876 421 850 389 867 374 887 492 871 435 851 406 865 391 882 490 873 449 862 424 870 410 881 249 1104 283 1066 301 1023 319 986 343 963 248 975 260 923 289 911 311 913 250 982 265 931 294 921 314 921 255 993 272 958 295 951 315 953 263 1005 276 982 292 978 306 979 
553 957 519 978 471 972 423 960 383 961 484 900 417 875 380 885 359 898 491 878 422 847 389 867 375 889 491 871 433 845 403 860 387 879 487 874 444 858 418 867 402 879 253 1106 290 1067 309 1023 327 985 348 960 254 978 268 924 296 913 318 916 255 984 273 933 302 924 323 924 261 995 283 962 308 957 330 961 271 1007 289 986 308 983 325 986 
552 958 518 979 470 973 422 959 385 958 489 903 420 879 383 888 360 898 492 878 428 840 395 856 378 879 490 872 437 844 407 858 390 877 485 875 447 862 424 874 410 889 259 1107 296 1070 317 1026 334 986 353 958 263 982 272 925 301 912 325 914 265 988 284 938 315 933 339 935 271 998 293 965 320 961 343 965 280 1009 299 988 320 987 336 992 
554 959 519 981 473 973 429 957 398 952 490 904 421 879 381 888 355 900 494 880 428 842 391 858 372 880 491 874 435 846 402 862 383 880 485 877 445 865 420 876 404 890 263 1106 299 1074 319 1029 337 987 356 956 264 988 276 927 304 908 330 903 264 990 283 935 316 923 343 921 269 999 296 964 325 961 350 965 277 1009 299 989 321 990 339 996 
555 960 516 977 469 966 422 949 387 947 488 899 422 876 385 883 358 892 493 877 424 850 386 864 364 882 492 872 434 847 398 857 375 873 488 876 444 860 415 864 393 872 268 1103 299 1071 318 1026 337 985 357 953 263 986 272 925 301 902 329 894 268 990 283 932 315 913 342 905 277 997 300 958 329 944 357 942 289 1006 310 983 333 975 354 974 
558 959 518 974 473 961 429 942 395 936 493 894 430 870 393 875 368 885 498 875 433 847 397 858 375 875 499 871 444 847 411 855 387 869 497 876 456 862 428 865 407 871 268 1098 301 1067 318 1023 331 983 344 951 260 986 265 927 291 901 315 891 256 989 269 927 298 906 322 899 259 993 273 944 296 925 319 918 266 1000 279 968 297 953 317 946 
560 956 522 971 478 958 433 936 395 932 495 889 429 862 394 868 371 878 502 872 437 842 402 854 380 872 502 870 450 847 418 855 395 870 499 874 461 862 436 866 416 873 268 1093 303 1063 314 1018 322 977 331 942 254 983 262 922 289 903 310 896 244 983 256 922 284 905 308 901 244 987 254 938 276 921 299 915 249 993 257 956 274 939 293 931 
565 954 525 968 480 954 437 932 401 929 497 887 434 861 401 864 377 870 505 869 442 841 408 851 387 866 507 866 456 843 425 850 403 863 506 870 469 858 443 860 424 866 270 1090 306 1057 312 1012 317 972 323 941 253 979 272 927 299 915 318 913 236 981 248 921 277 906 301 907 230 987 236 934 262 918 284 913 232 993 231 951 244 935 260 926 
567 952 526 967 481 952 439 932 405 926 496 886 433 861 401 866 377 872 506 868 442 842 409 854 390 871 510 865 458 844 428 853 408 867 509 869 472 857 448 861 431 869 271 1094 306 1058 315 1013 318 972 329 944 258 986 280 941 305 931 322 930 238 986 247 932 272 912 292 904 229 992 227 945 246 924 265 914 229 1000 223 962 231 944 243 934 
567 954 524 967 480 953 440 933 408 926 499 889 439 861 408 865 386 873 510 871 448 846 417 858 399 874 514 869 463 850 436 862 420 878 513 872 477 861 454 868 441 878 275 1096 312 1059 323 1014 326 978 338 954 266 982 293 946 316 942 332 945 243 986 254 940 276 921 296 912 230 997 229 955 246 936 264 925 227 1010 220 978 226 960 236 949 
568 957 523 971 479 955 438 934 405 932 494 892 439 864 409 866 386 872 506 877 450 856 419 867 399 882 512 875 463 863 438 877 423 894 514 879 478 873 457 882 443 895 280 1096 318 1064 332 1022 336 987 344 962 281 984 313 957 333 957 345 962 257 985 271 945 289 927 304 919 241 996 241 958 253 939 266 928 234 1012 224 983 226 967 231 955 
563 958 517 974 475 960 438 941 407 937 486 898 435 870 408 872 387 879 500 881 446 865 422 877 408 892 508 877 460 867 441 882 432 899 511 880 476 874 459 884 449 897 285 1093 324 1067 340 1028 345 997 357 977 294 988 326 967 344 966 355 969 270 988 287 950 302 931 314 919 254 999 253 959 259 936 266 918 244 1016 231 993 226 976 224 963 
556 960 511 977 471 967 436 948 407 944 477 908 426 880 404 883 387 893 491 888 440 872 420 886 410 902 502 882 456 873 440 887 434 904 508 883 477 877 462 887 455 899 293 1093 332 1066 347 1028 352 999 364 980 305 990 332 971 349 970 359 972 282 991 295 958 308 937 319 924 264 1003 261 969 268 949 276 936 254 1021 237 1000 231 985 227 972 
554 965 509 983 466 972 432 955 403 953 464 919 417 894 396 898 383 907 480 900 432 883 411 894 400 908 493 894 452 880 433 890 423 904 502 894 473 884 455 888 445 898 300 1092 338 1065 351 1027 355 996 364 978 310 993 334 975 348 971 357 970 287 995 298 965 309 947 318 935 269 1006 267 973 274 955 281 944 258 1021 240 999 232 984 226 972 
548 967 505 988 464 980 431 963 403 956 454 934 410 908 390 908 375 914 467 910 422 895 405 907 399 920 479 900 439 887 426 900 423 913 489 896 461 884 448 891 445 902 304 1089 342 1064 354 1028 357 999 363 980 313 996 335 975 349 968 358 964 290 998 300 968 311 950 320 939 272 1008 270 977 277 959 283 949 261 1021 244 1000 236 984 231 973 
541 971 500 993 459 986 426 970 400 961 447 942 399 922 379 922 366 924 459 918 409 905 392 916 384 927 472 905 428 895 417 908 416 920 483 901 451 891 440 901 442 911 307 1086 344 1062 357 1029 359 1003 363 987 314 995 333 973 343 967 347 964 292 998 302 967 314 951 324 943 276 1009 275 977 285 961 294 953 265 1023 253 1000 252 985 254 975 
531 977 491 998 453 990 424 976 402 968 439 951 389 933 374 938 369 945 451 927 401 913 390 924 389 934 465 912 422 899 412 911 413 922 479 907 448 893 436 901 438 911 308 1087 347 1063 359 1030 358 1008 356 996 317 995 333 968 343 959 348 952 294 1001 302 969 315 954 325 946 278 1013 278 984 287 972 297 965 268 1027 262 1003 266 991 275 984 
528 980 487 1000 449 995 420 982 400 975 434 959 383 943 369 946 366 951 445 932 397 919 392 931 397 941 460 915 418 902 413 916 419 926 476 909 447 896 438 904 442 912 305 1089 347 1064 360 1029 359 1008 353 1000 317 993 334 967 343 956 348 947 295 1000 306 969 317 956 325 949 279 1013 283 986 293 974 301 967 272 1026 274 1003 281 993 289 989 
526 983 484 1002 448 995 424 979 408 969 430 961 387 946 372 946 366 947 441 935 397 921 393 932 399 941 456 918 417 903 411 915 415 924 472 910 445 898 437 905 440 912 307 1088 347 1064 361 1029 359 1007 352 1002 317 995 333 966 342 954 347 943 295 1001 306 968 318 954 326 946 281 1013 287 984 298 971 308 963 274 1027 278 1002 286 991 295 986 
524 985 482 1002 448 994 426 979 410 968 429 963 392 951 376 949 368 946 440 938 399 922 396 934 402 943 455 921 418 903 412 915 415 924 471 913 447 897 437 902 437 907 307 1088 347 1063 361 1028 358 1006 347 1003 316 993 331 964 340 950 345 940 294 1000 306 967 319 951 328 944 281 1013 287 984 297 970 308 962 274 1027 278 1003 284 991 293 986 
521 986 480 1002 448 993 429 977 420 965 427 962 393 951 380 949 375 947 438 937 400 920 400 932 408 941 454 920 420 902 418 915 424 923 471 912 448 895 442 902 445 909 307 1088 346 1062 359 1027 357 1005 345 1005 313 994 329 963 339 950 345 941 291 1000 304 966 317 952 326 944 278 1012 285 984 295 971 305 963 272 1026 275 1001 282 990 291 985 
521 985 480 1003 449 995 430 978 421 965 428 963 395 952 383 949 379 946 439 937 404 920 403 930 411 938 454 920 423 903 420 914 426 923 470 911 449 896 444 902 448 909 306 1088 344 1063 358 1029 356 1005 345 1004 312 995 329 965 339 952 345 942 291 1000 304 966 318 951 328 943 277 1012 285 983 296 969 306 961 271 1025 273 1000 280 988 289 982 
519 985 480 1002 451 994 434 979 425 966 428 964 396 951 386 947 383 946 439 939 406 921 403 927 408 934 455 922 426 904 421 912 424 920 473 913 452 896 445 901 445 909 305 1089 342 1064 357 1030 354 1004 343 1004 310 998 326 969 336 957 344 949 289 1002 303 967 317 954 327 946 276 1012 284 981 297 968 308 960 270 1024 275 997 283 985 292 978 
520 985 481 1002 453 993 435 979 426 967 430 963 401 950 390 945 386 943 441 940 409 923 408 929 413 937 457 923 428 904 426 913 430 923 475 913 454 897 448 903 451 911 304 1089 342 1065 357 1030 355 1004 345 1004 309 997 327 968 339 956 347 946 289 1002 306 965 323 949 335 940 276 1012 286 980 299 966 311 958 270 1024 275 996 283 984 292 977 
519 984 483 1000 454 990 435 973 424 960 429 959 399 940 400 941 408 946 442 937 413 920 419 930 428 939 459 922 431 904 435 915 444 924 479 913 459 898 458 907 463 915 304 1090 342 1065 356 1032 355 1006 345 1005 310 998 328 969 339 959 346 950 289 1002 307 967 323 954 334 946 277 1012 287 982 300 968 311 960 271 1024 275 998 282 985 291 978 
524 983 485 998 457 988 441 969 434 954 432 956 407 937 407 937 413 941 447 935 420 918 424 927 432 934 465 920 438 903 440 912 448 921 485 911 463 896 461 904 465 912 304 1090 341 1066 356 1032 354 1007 343 1007 309 999 327 970 339 960 346 951 288 1003 305 968 321 954 332 946 276 1014 286 983 299 969 311 961 270 1025 274 998 282 986 291 979 
531 981 491 997 462 986 448 966 444 949 439 954 419 937 425 940 434 945 452 932 428 916 435 923 445 930 470 917 445 901 450 909 459 917 489 908 470 896 470 902 475 908 304 1091 341 1067 356 1033 354 1007 344 1008 309 1000 327 972 338 960 345 952 288 1004 305 969 321 955 332 947 275 1014 286 983 299 970 310 961 269 1026 275 1000 283 988 293 982 
537 980 497 996 468 983 453 963 449 945 446 951 429 938 436 944 446 948 460 930 437 916 442 925 453 931 477 915 453 900 456 909 465 916 495 907 476 890 473 896 477 902 304 1093 341 1069 355 1035 354 1009 342 1009 309 1000 327 973 339 962 346 954 288 1005 306 969 323 954 335 946 275 1015 285 985 298 971 310 964 269 1028 274 1001 282 989 292 983 
544 980 505 994 476 982 461 964 457 947 453 950 438 939 446 943 455 947 467 928 446 916 450 924 460 930 484 913 463 900 462 907 468 914 503 905 486 885 477 882 473 883 303 1094 341 1069 354 1035 354 1009 342 1010 308 1001 326 973 338 962 345 954 287 1005 305 971 320 958 331 949 274 1016 284 987 297 973 308 966 268 1029 272 1003 279 990 289 984 
549 979 511 993 482 983 466 967 458 952 458 947 446 940 453 947 462 953 472 925 453 917 457 927 466 934 490 910 467 899 463 906 468 914 510 902 492 878 479 874 470 877 303 1095 341 1069 354 1034 352 1008 340 1012 307 1001 326 972 338 962 345 953 285 1005 304 971 319 958 330 950 272 1017 283 987 296 974 307 967 266 1030 271 1004 279 991 289 985 
554 977 518 992 489 980 470 966 458 954 466 946 450 938 453 945 460 950 479 923 456 916 455 925 461 932 496 909 471 896 461 902 460 908 515 900 498 875 484 872 475 876 301 1097 339 1070 352 1036 351 1010 339 1012 305 1002 325 974 337 964 343 956 283 1006 303 971 320 957 331 948 271 1018 282 988 295 974 307 967 265 1031 269 1004 278 992 288 985 
560 975 524 991 495 981 475 966 463 955 473 945 457 937 463 944 471 950 486 923 463 916 465 927 474 934 503 908 478 896 473 906 477 916 523 898 508 872 495 873 488 880 298 1097 337 1071 350 1038 349 1011 339 1012 303 1003 322 976 334 966 341 959 282 1008 301 973 317 959 328 951 269 1019 280 988 293 975 305 968 263 1031 268 1005 276 992 286 986 
563 975 525 991 496 980 477 964 469 948 475 948 460 943 467 949 476 953 488 925 464 920 468 931 477 937 505 909 477 899 475 910 482 918 523 898 508 874 494 874 486 879 297 1099 335 1074 348 1040 348 1014 338 1014 302 1006 321 978 334 968 342 961 280 1010 298 974 315 961 326 953 268 1021 278 990 291 976 303 968 261 1034 266 1007 274 995 284 989 
565 976 527 991 496 982 475 968 464 956 476 950 461 950 471 958 482 963 487 926 467 927 472 940 482 946 503 909 476 902 476 914 485 922 521 899 505 874 489 872 479 876 296 1101 333 1076 346 1043 346 1017 336 1016 299 1007 321 979 334 969 344 962 278 1012 297 975 315 963 327 957 265 1023 276 992 289 980 301 973 259 1036 264 1010 272 999 283 993 
568 972 533 991 497 986 469 978 446 975 473 951 462 955 472 963 485 969 483 927 467 933 473 945 485 950 500 910 474 908 475 919 484 927 520 899 498 877 482 876 472 878 294 1103 330 1076 341 1043 340 1017 333 1015 294 1008 317 981 331 973 342 968 273 1013 292 977 310 966 323 961 260 1025 272 993 286 980 299 973 254 1038 259 1012 268 1000 279 994 
573 962 536 985 501 985 472 978 447 974 480 945 460 954 469 963 482 966 491 922 465 930 471 943 483 947 506 906 475 907 475 919 484 925 523 896 500 880 486 880 478 883 289 1105 324 1077 336 1042 332 1017 323 1018 288 1010 311 983 327 975 339 971 266 1013 285 979 304 969 318 965 253 1025 262 994 276 984 288 981 247 1039 250 1014 259 1005 269 1001 
580 950 546 973 511 970 481 963 457 958 492 922 464 940 476 953 491 955 500 901 470 919 478 933 490 936 511 888 478 899 480 913 490 919 521 880 490 875 470 877 457 880 284 1104 319 1076 329 1040 326 1015 317 1015 279 1008 306 983 324 978 336 976 258 1012 279 977 300 965 316 962 245 1023 255 990 270 982 284 981 238 1036 241 1012 252 1003 262 999 
592 941 553 958 511 951 480 939 468 923 506 893 474 917 488 931 503 933 518 874 484 893 494 909 506 914 531 865 499 877 502 890 513 897 541 865 515 867 512 875 517 880 278 1102 313 1074 324 1038 321 1011 312 1010 271 1005 300 980 318 975 331 973 250 1010 271 974 292 963 308 958 237 1022 248 990 264 979 280 976 233 1036 235 1011 244 1001 255 995 
602 925 564 942 522 929 490 912 473 901 522 872 483 885 487 905 495 911 536 856 499 867 502 886 512 894 551 850 517 856 517 871 527 880 560 851 533 853 532 863 540 869 271 1099 308 1071 321 1032 318 1005 310 1003 267 1000 294 972 313 967 326 966 244 1004 264 966 286 953 303 949 232 1016 241 982 259 972 275 969 227 1029 227 1003 237 993 249 989 
609 911 569 925 529 907 499 887 479 877 545 851 499 861 500 883 508 892 556 835 511 847 513 869 524 876 564 830 522 838 523 857 535 866 568 832 536 836 535 851 544 857 263 1093 302 1065 316 1027 316 998 313 987 261 994 288 963 308 957 323 957 240 997 260 958 282 945 301 941 228 1008 237 973 255 961 272 959 225 1022 226 994 236 982 248 977 
612 901 574 908 539 890 512 871 491 862 554 839 514 837 499 852 491 864 568 825 528 823 514 841 508 857 579 823 546 815 532 830 528 847 588 826 564 816 552 825 546 836 261 1084 300 1054 315 1016 316 983 315 965 260 984 285 954 305 948 319 945 239 986 259 948 281 936 299 932 226 996 236 961 255 950 273 947 222 1009 225 981 236 969 249 964 
610 895 574 898 543 880 518 861 499 851 551 834 519 826 504 834 495 840 567 820 532 812 518 828 513 839 581 817 551 804 539 817 534 830 592 820 576 804 564 807 559 816 255 1071 296 1046 313 1010 319 976 319 956 262 972 284 940 305 933 320 931 241 974 260 935 283 925 302 923 229 984 240 949 259 937 277 933 224 996 229 967 240 955 253 949 
606 889 569 892 540 875 519 859 502 849 546 830 517 819 501 824 492 831 563 817 531 804 516 816 509 827 578 814 551 796 536 804 531 815 589 817 573 798 560 799 553 805 254 1056 296 1032 315 994 322 963 318 945 264 955 289 923 310 917 325 915 243 957 268 921 291 915 309 917 232 966 247 932 268 923 285 922 229 976 236 948 249 936 263 932 
598 887 562 889 533 873 512 859 498 851 539 829 512 820 498 825 489 831 556 816 525 805 509 813 501 823 571 813 545 795 530 801 523 810 582 816 569 797 557 795 549 800 252 1037 295 1017 316 983 324 954 325 939 268 938 294 907 315 902 330 901 247 940 273 906 296 900 314 902 235 948 253 916 274 909 291 909 231 959 240 932 254 922 267 920 
591 885 556 889 527 876 508 863 494 856 529 831 504 822 491 827 483 834 545 818 516 806 502 815 495 823 561 813 536 797 522 801 515 810 574 815 561 796 550 793 543 796 253 1018 297 999 321 963 330 934 336 920 273 919 303 891 324 887 339 886 251 922 281 892 304 888 321 891 238 932 259 903 280 896 297 898 234 943 246 918 260 909 273 908 
582 886 548 891 521 877 502 867 489 860 519 835 494 826 483 832 477 839 535 821 508 810 497 818 493 828 551 817 530 799 520 802 516 810 565 819 555 801 547 798 542 801 252 999 299 983 327 948 337 920 344 907 283 902 312 876 332 872 348 873 260 902 291 877 314 875 331 879 245 910 271 886 291 883 308 886 238 921 255 900 271 894 285 894 
575 888 543 894 514 881 494 871 481 870 512 840 489 832 478 836 473 841 527 826 502 814 493 823 491 832 543 821 523 804 514 808 511 815 557 822 550 805 542 802 537 805 257 981 301 965 330 937 342 913 350 898 292 894 319 866 338 862 353 863 271 893 301 866 321 864 337 869 259 899 284 875 303 872 318 875 253 908 273 889 289 884 303 885 
569 890 536 897 508 886 490 876 480 872 504 845 483 835 474 839 471 846 519 831 496 817 489 826 489 835 536 825 516 808 508 812 507 820 551 826 544 810 537 809 533 813 264 966 309 953 337 928 350 905 359 891 304 882 330 859 348 857 361 858 283 881 311 859 330 859 345 864 270 887 295 867 312 865 327 870 263 898 283 881 299 877 312 880 
561 893 530 902 507 894 491 884 479 879 497 850 477 840 468 844 468 850 513 835 490 820 483 827 483 837 529 829 512 810 503 812 500 819 545 831 540 813 533 812 529 818 273 953 317 941 345 920 358 900 367 885 316 872 341 855 357 853 369 856 294 871 320 855 337 856 350 863 279 878 302 862 319 861 332 867 272 888 291 874 306 871 319 874 
553 895 523 904 500 897 485 887 474 883 491 855 469 844 463 850 465 857 505 839 482 823 478 833 480 843 521 832 503 812 498 818 498 826 537 833 530 816 523 817 520 822 278 946 321 935 349 915 363 896 376 883 323 867 349 853 364 852 376 854 303 866 329 853 345 855 358 861 288 872 311 859 328 860 341 866 280 882 299 871 315 869 327 872 
547 898 516 907 495 899 485 886 479 878 482 860 461 848 460 857 467 864 497 843 476 827 473 838 478 847 513 835 496 815 493 824 496 833 530 834 523 817 516 820 515 826 283 941 325 932 352 913 366 895 380 882 329 865 353 851 368 851 379 855 308 864 333 851 350 854 363 861 294 871 316 859 333 859 346 867 286 881 304 870 319 869 331 874 
540 897 512 908 491 902 483 891 479 881 478 866 457 852 458 859 467 866 492 848 471 829 471 838 478 847 508 838 491 819 490 828 495 836 525 836 517 817 513 821 513 829 284 939 328 931 354 910 369 893 384 882 332 865 355 851 371 852 383 857 311 865 335 852 352 854 366 862 296 872 317 861 334 862 348 869 288 884 307 875 321 875 333 882 
535 898 507 907 488 901 479 891 472 882 475 867 455 852 458 858 467 866 489 849 469 828 468 835 474 844 505 840 489 818 487 824 489 832 521 837 516 817 510 820 508 828 289 939 333 929 358 908 373 893 389 884 336 863 361 852 376 854 387 858 316 864 342 855 360 858 373 866 301 873 325 865 343 867 356 875 293 884 313 878 329 879 341 886 
533 898 504 907 485 900 476 888 471 878 473 867 455 851 460 856 469 864 487 849 467 828 470 835 477 844 502 840 486 819 487 824 492 832 519 838 515 818 511 815 509 818 292 939 336 929 361 909 376 894 392 885 339 865 362 854 377 856 388 861 318 866 343 855 361 857 374 865 304 874 326 865 343 865 357 873 295 886 314 878 328 878 340 884 
531 898 501 905 482 897 473 885 468 875 471 866 455 849 462 854 470 861 484 850 466 828 470 833 477 842 500 840 485 817 488 822 492 830 516 837 513 817 510 818 509 825 294 941 338 931 364 911 379 895 395 886 341 868 364 857 379 858 389 862 321 869 345 858 362 860 375 867 306 877 328 867 345 868 358 875 298 888 316 880 331 880 342 886 
529 897 499 903 481 894 471 882 466 874 470 865 455 848 461 853 468 860 483 848 465 828 468 834 476 843 499 839 484 817 486 822 490 829 515 836 513 817 511 814 510 816 297 942 341 933 367 913 382 897 397 887 342 871 366 858 381 860 391 865 321 873 346 860 363 863 375 870 306 880 328 871 344 872 357 880 296 892 314 884 328 884 339 890 
527 897 497 902 479 893 470 880 466 870 468 863 454 846 460 851 467 858 482 847 465 828 469 835 476 843 498 838 483 817 485 822 490 830 514 835 512 817 509 816 508 820 297 944 341 934 367 915 383 898 396 887 343 874 366 860 381 861 391 866 322 875 347 862 364 865 376 872 307 882 328 872 345 872 358 880 298 894 315 884 329 883 340 889 
525 897 494 902 476 890 468 875 466 865 468 860 452 844 457 852 464 859 482 845 465 830 468 839 475 847 498 837 483 818 484 825 488 833 514 835 513 817 508 816 506 819 296 946 341 935 368 915 383 898 395 888 341 874 366 860 381 862 392 866 320 876 346 863 363 864 376 872 306 884 328 874 345 874 359 881 297 896 316 887 330 886 341 891 
526 895 494 901 473 889 464 874 461 863 467 860 452 843 456 851 463 858 482 845 467 832 468 842 475 850 499 836 484 819 482 827 487 835 515 834 511 815 505 818 504 824 296 948 340 936 367 915 381 898 393 888 339 873 364 859 380 861 391 866 318 876 343 863 361 866 375 874 303 885 326 876 344 878 358 887 295 898 313 890 327 890 339 897 
526 894 494 901 472 892 462 877 461 867 467 862 449 843 455 852 462 861 482 847 466 834 469 844 475 851 498 837 483 820 482 828 487 837 514 834 509 816 505 816 504 819 299 948 341 938 367 917 381 898 393 886 340 874 364 858 378 860 389 866 319 875 343 861 360 863 373 871 304 882 325 872 342 874 355 882 295 895 311 886 325 886 335 892 
525 894 494 901 471 892 461 880 458 873 467 861 450 843 453 854 461 863 483 846 467 835 468 848 475 855 499 837 483 820 482 829 486 838 514 835 509 817 505 817 504 820 300 948 341 938 366 917 379 899 393 887 340 873 363 857 378 858 388 863 319 873 342 859 359 862 371 870 304 881 324 870 341 871 353 879 295 894 310 884 324 884 333 889 
526 894 494 900 471 890 456 879 448 873 468 860 450 845 453 857 461 866 483 845 466 837 467 850 474 857 500 837 483 821 480 831 485 840 514 835 508 816 503 818 502 823 303 947 343 937 368 916 380 898 393 886 341 871 364 857 378 858 388 862 320 872 342 859 358 861 369 868 304 880 324 868 339 869 351 877 295 893 310 883 322 883 332 888 
526 894 496 900 473 891 455 880 442 875 470 859 451 845 452 856 459 866 485 844 467 837 467 850 473 858 501 837 483 821 478 830 481 839 516 835 511 817 505 818 503 822 304 948 345 939 369 917 380 897 391 884 341 873 364 856 378 856 389 859 320 873 342 857 358 859 369 865 304 881 323 868 339 868 351 874 295 894 310 883 323 882 332 887 
528 891 496 897 469 887 448 877 433 876 472 855 452 843 452 854 458 863 487 841 467 834 466 846 472 852 502 834 483 819 479 827 482 836 517 832 512 814 506 813 504 816 306 948 346 941 370 917 380 896 390 882 343 872 364 854 378 852 389 853 322 871 342 854 357 854 368 860 306 879 324 864 339 863 350 869 295 891 310 879 323 878 332 882 
530 889 502 899 479 891 464 879 455 872 470 851 450 837 451 847 457 856 484 837 465 827 464 839 471 846 501 830 482 812 478 821 483 830 516 828 512 808 505 809 504 815 306 949 347 944 371 919 381 896 389 882 344 875 363 853 377 848 388 848 323 873 343 851 358 851 369 856 307 879 325 859 340 856 351 860 297 890 312 872 326 868 336 870 
531 885 500 897 476 887 459 873 444 867 469 846 445 833 446 845 453 855 485 831 461 822 461 836 469 844 501 824 480 806 475 815 478 825 517 824 513 804 504 803 499 807 306 948 349 944 373 918 381 895 387 881 346 874 364 851 376 845 386 842 325 871 343 847 358 843 369 846 309 876 323 854 338 849 350 850 298 886 311 867 323 860 333 860 
532 884 501 897 474 885 455 870 438 865 468 847 441 829 437 839 442 850 484 830 456 818 453 831 459 840 499 821 475 801 467 811 470 822 514 819 507 795 496 794 490 799 306 949 348 947 372 920 381 896 389 880 346 873 365 847 377 836 386 831 324 870 343 843 358 837 370 837 307 875 322 850 337 843 349 842 295 883 310 863 323 856 333 854 
535 885 502 899 471 887 447 870 426 864 469 856 435 834 428 841 431 850 483 835 449 820 445 832 451 840 498 822 467 801 458 811 460 822 513 815 503 790 489 790 482 798 306 954 348 952 371 925 381 900 392 884 347 877 367 848 379 835 387 827 325 873 344 843 359 835 370 831 307 877 321 849 335 840 346 836 294 885 304 861 315 851 325 847 
536 889 500 905 467 894 440 876 419 865 465 867 426 841 430 852 441 863 479 843 439 823 439 836 449 845 494 827 458 805 451 814 455 826 509 817 497 789 483 790 476 800 306 961 347 959 371 932 382 904 397 887 349 882 370 850 384 839 394 834 326 876 346 844 362 838 374 839 308 880 321 850 336 841 348 839 293 889 298 863 308 852 317 849 
543 896 506 914 468 906 437 889 413 877 470 884 424 863 408 861 403 863 480 858 431 838 427 848 435 857 494 839 450 817 442 826 447 836 508 826 491 798 475 798 467 807 304 976 345 970 368 940 380 909 395 891 345 893 368 861 383 854 392 854 322 886 347 855 365 855 376 861 304 889 323 858 342 854 354 858 291 896 298 869 310 859 319 855 
551 904 516 928 482 927 457 918 441 908 474 904 421 890 402 881 396 877 482 875 425 857 418 861 427 869 495 852 444 834 435 840 442 850 508 836 484 808 468 810 463 822 299 992 341 986 363 957 376 926 390 906 342 906 371 872 385 881 388 894 319 899 348 867 366 876 371 889 302 902 323 869 341 873 348 884 289 909 298 880 312 873 321 875 
557 910 523 938 481 941 447 930 424 919 485 922 423 910 398 904 389 901 491 889 425 875 415 881 426 889 501 863 443 848 429 857 436 868 512 845 477 820 459 825 458 838 284 1007 329 1005 359 974 377 943 392 922 329 926 371 892 383 913 377 931 310 917 353 886 367 906 361 923 299 917 339 886 353 904 348 921 295 921 328 894 339 906 335 921 
561 916 529 946 488 952 455 942 434 928 492 935 428 928 402 922 394 918 497 903 428 890 417 895 429 901 505 876 444 861 431 870 439 881 515 856 478 830 459 835 456 847 279 1027 322 1025 352 994 376 964 399 945 327 949 371 917 391 935 396 952 313 942 358 920 379 937 385 953 306 945 350 930 369 944 375 958 305 951 340 939 357 948 364 960 
561 924 527 956 484 967 445 963 416 955 493 942 428 935 404 933 401 933 498 908 430 899 418 909 431 917 504 879 442 869 430 882 439 894 512 858 469 838 451 847 450 860 267 1040 311 1039 348 1013 379 984 403 959 326 961 377 935 408 938 429 945 316 960 365 945 395 952 417 963 311 968 356 966 381 973 400 983 309 979 345 977 367 984 382 995 
554 932 520 965 472 974 428 967 393 964 485 939 417 930 405 935 411 939 491 905 424 900 424 915 439 922 497 880 433 871 434 887 450 897 503 861 462 840 447 850 443 862 265 1054 306 1052 341 1028 376 1001 405 975 325 973 386 950 424 956 451 967 318 970 376 948 413 952 442 962 316 977 365 964 398 968 424 978 318 988 354 978 381 982 403 992 
543 943 508 972 463 972 422 959 398 943 472 926 409 912 411 932 428 943 481 898 417 894 421 917 439 923 489 878 428 873 433 894 452 901 496 866 449 856 449 872 464 879 271 1060 314 1057 346 1030 377 1001 406 978 326 976 377 945 407 950 426 961 317 970 366 942 396 947 417 956 315 974 358 952 385 954 406 963 316 982 350 964 375 965 393 974 
529 951 486 973 446 963 411 943 389 925 454 906 401 892 399 913 410 927 467 884 419 887 420 910 430 920 477 877 434 882 435 899 447 908 483 876 449 880 448 893 458 899 276 1067 322 1059 351 1025 379 993 407 972 325 971 372 940 399 947 414 959 308 965 357 943 386 950 405 960 298 971 343 958 370 965 388 977 293 981 326 972 349 977 365 989 
521 956 475 969 435 952 404 933 384 919 448 895 401 885 396 910 403 926 464 883 422 889 416 915 422 927 476 884 438 896 436 915 445 927 482 890 453 899 450 913 457 922 283 1065 330 1053 358 1022 377 986 399 963 330 970 370 938 391 945 400 956 310 961 350 937 371 945 381 957 296 964 331 945 351 952 362 965 287 971 314 955 332 960 342 970 
516 953 469 956 431 937 403 923 388 914 446 886 404 885 395 911 400 928 460 885 420 892 408 919 409 937 469 891 433 905 424 926 426 943 473 899 445 910 437 926 438 938 289 1064 334 1050 361 1019 379 983 401 962 337 971 372 937 390 939 399 947 313 961 352 935 371 939 381 947 295 963 328 942 346 946 356 955 281 969 306 952 322 954 330 960 
520 947 470 942 433 927 406 918 386 913 441 888 407 891 400 911 405 923 452 897 418 900 408 918 411 930 461 911 432 918 423 931 423 943 468 923 446 930 439 939 438 947 296 1067 341 1049 365 1015 380 979 399 958 342 973 367 940 383 937 393 942 316 964 346 935 363 937 373 943 296 965 319 938 336 940 346 948 280 971 297 948 311 948 319 953 
301 1067 345 1053 367 1020 380 984 394 962 343 975 369 937 386 933 397 937 317 967 345 934 361 938 368 946 295 969 317 937 332 939 340 948 279 975 294 950 307 948 314 953 516 945 473 940 437 932 409 932 388 936 445 889 407 894 395 910 393 921 452 899 417 904 405 918 401 929 459 913 430 920 419 931 415 941 463 928 441 933 433 939 431 946 
522 949 474 936 440 921 412 913 388 908 448 886 414 889 400 901 397 911 457 902 426 903 410 915 404 926 465 920 439 921 423 930 414 938 469 936 448 939 438 944 432 947 302 1070 347 1055 368 1022 381 983 397 960 342 977 368 939 386 933 398 936 314 969 344 934 361 939 369 946 293 970 316 938 333 940 340 949 277 977 293 950 308 950 315 955 
519 951 473 946 440 927 413 911 391 897 450 882 410 878 397 894 396 907 460 890 423 891 410 910 410 929 467 901 435 906 423 924 420 940 470 911 447 918 437 930 434 940 296 1074 341 1058 362 1023 372 983 388 957 330 977 356 938 376 930 391 930 305 970 337 935 358 933 372 936 287 973 314 941 334 939 348 944 275 979 294 952 311 947 323 949 
522 950 479 961 443 941 412 921 389 906 456 883 406 869 394 892 397 911 469 874 423 876 412 902 415 918 477 876 436 885 431 905 436 918 479 880 449 889 444 904 450 913 285 1077 331 1058 352 1015 366 975 385 948 311 974 351 937 377 932 397 932 295 971 340 944 368 943 389 945 289 977 331 960 356 960 375 965 288 986 320 973 342 974 359 980 
533 950 496 978 453 967 417 944 389 933 459 909 401 888 385 907 385 926 472 886 411 877 400 906 407 925 480 875 424 863 417 890 426 909 487 871 443 857 432 872 437 886 272 1087 316 1063 340 1019 358 980 373 950 309 971 354 946 377 956 389 966 300 973 346 963 367 984 375 1004 298 986 342 982 356 1002 362 1020 299 998 333 997 347 1011 355 1024 
542 945 510 984 470 990 427 973 394 961 466 939 404 933 401 944 410 952 468 902 412 907 415 922 430 928 471 878 423 881 426 897 440 905 472 864 441 866 441 878 452 883 253 1101 291 1072 325 1035 352 999 373 967 309 984 355 959 375 976 380 993 306 992 349 975 364 992 366 1009 306 1008 344 999 354 1017 353 1031 306 1024 335 1018 344 1031 345 1044 
552 951 525 993 481 1009 435 1003 402 992 495 978 409 973 406 981 419 984 496 938 410 938 421 949 445 950 494 906 419 908 430 920 450 921 493 883 435 882 441 893 459 898 251 1107 287 1076 322 1045 353 1016 375 988 321 996 372 980 396 995 406 1013 328 1009 376 992 384 1015 380 1037 332 1025 370 1018 366 1038 352 1055 332 1041 357 1037 353 1049 342 1062 
552 959 526 999 479 1019 433 1020 398 1012 498 988 419 989 392 995 386 999 497 950 407 949 408 965 428 972 497 917 417 913 421 931 441 938 497 894 437 885 436 903 451 913 239 1111 284 1083 323 1056 355 1030 376 1004 316 1003 367 993 395 1002 410 1015 315 1019 366 1012 380 1032 379 1054 317 1036 361 1032 371 1047 368 1065 318 1051 347 1049 356 1058 358 1068 
545 964 517 1005 472 1019 427 1014 391 1004 494 988 413 988 385 990 379 990 492 949 406 949 405 966 425 972 490 917 413 914 417 934 436 940 490 894 433 889 431 909 446 920 244 1104 286 1084 324 1056 358 1031 388 1015 313 1001 368 984 397 994 415 1006 312 1009 363 996 392 1006 413 1019 314 1024 359 1015 385 1022 404 1035 316 1038 351 1032 372 1038 389 1048 
541 965 512 1006 464 1016 418 1007 383 999 481 980 400 973 414 983 439 984 483 943 402 938 417 954 441 956 484 914 410 908 423 924 446 927 484 894 428 887 433 902 452 909 252 1105 296 1089 332 1056 365 1028 394 1009 312 1002 364 974 395 984 413 1000 308 1006 359 984 390 994 412 1009 309 1017 352 1002 381 1007 403 1020 311 1030 344 1019 367 1022 385 1032 
535 962 499 999 451 998 409 979 377 971 463 954 392 942 397 962 417 970 470 924 400 919 408 941 429 946 476 903 409 895 417 917 438 923 479 891 427 885 429 901 447 906 263 1105 312 1087 341 1052 369 1020 397 1000 310 997 357 964 375 984 378 1003 299 996 345 973 365 994 370 1012 293 1005 334 991 351 1006 356 1023 292 1016 323 1004 339 1016 343 1031 
528 968 481 986 441 973 408 955 381 946 441 918 394 911 383 929 385 944 456 899 410 895 403 918 406 933 471 892 429 885 422 903 427 918 482 892 452 886 442 898 443 909 272 1099 321 1084 347 1048 368 1010 395 988 318 997 358 957 381 964 391 975 298 991 340 962 363 969 377 979 287 995 324 973 347 979 361 989 281 1004 309 985 330 989 342 999 
523 968 476 978 439 963 407 945 381 931 448 904 400 896 385 917 381 935 463 894 418 900 404 924 403 943 474 897 435 910 427 929 428 945 479 901 452 912 444 927 443 940 284 1092 334 1073 358 1039 374 1003 396 981 331 989 364 951 382 953 391 962 308 984 340 951 358 955 365 965 290 988 320 961 336 965 342 976 278 996 301 973 316 974 322 983 
527 964 481 972 443 956 412 939 388 926 449 904 403 897 391 919 391 938 462 901 420 905 405 928 401 947 470 907 433 918 421 938 418 955 475 915 446 924 437 940 435 953 296 1092 344 1072 369 1037 384 1000 406 978 343 993 372 954 391 956 400 965 317 987 347 952 365 955 374 965 296 990 320 958 337 960 347 970 280 998 297 971 313 969 322 975 
534 965 484 965 447 951 415 939 390 931 452 904 411 900 398 920 398 938 463 908 425 908 409 929 403 950 470 918 438 923 422 940 415 958 476 929 452 935 439 947 431 960 304 1093 351 1076 375 1042 388 1005 407 982 352 997 377 959 394 957 404 963 325 989 351 954 369 955 379 963 302 991 322 957 340 956 352 963 285 999 298 970 314 966 324 969 
540 966 490 965 452 952 420 941 393 933 456 904 415 900 403 919 403 936 465 910 429 913 414 934 410 957 473 922 443 929 428 947 421 966 479 934 457 941 445 954 438 967 309 1092 355 1076 376 1042 389 1005 408 982 354 1002 378 961 394 957 403 962 328 993 354 954 370 956 378 964 306 992 326 956 343 955 352 964 287 997 298 966 313 962 321 966 
542 965 492 967 454 956 420 946 391 939 456 902 416 897 404 917 402 936 467 905 429 912 414 936 412 961 476 915 445 925 432 946 429 968 484 926 462 935 450 950 444 966 306 1092 351 1078 370 1043 384 1005 405 982 346 1003 371 959 388 956 395 964 318 993 348 950 365 954 370 964 296 992 320 951 337 952 344 962 279 997 293 963 308 960 316 966 
544 961 497 971 457 960 422 949 393 946 460 901 413 896 401 920 400 940 472 895 431 902 419 928 418 949 482 900 448 911 440 933 441 953 490 908 466 917 457 933 456 949 302 1091 345 1072 363 1037 374 1001 392 979 336 994 362 952 380 954 388 965 310 987 337 946 357 951 364 964 289 989 310 949 330 951 340 963 273 995 282 961 299 960 308 969 
550 958 504 974 463 965 425 954 394 951 463 902 411 898 396 921 390 941 477 889 428 897 415 924 411 947 488 891 447 902 438 925 438 946 496 896 467 905 458 923 456 940 290 1089 333 1070 352 1033 365 994 386 971 320 990 349 949 371 950 382 958 294 982 324 940 344 947 351 959 275 983 298 945 318 949 326 960 262 990 273 957 289 957 298 965 
554 957 509 976 468 969 429 957 398 953 463 905 412 900 396 919 390 938 478 886 429 884 419 908 418 927 491 883 450 881 441 900 440 918 500 886 473 884 463 896 460 909 280 1087 323 1067 341 1030 355 992 376 970 306 988 337 946 362 945 376 953 281 979 313 935 335 943 344 956 265 980 288 940 309 944 318 956 254 987 266 953 283 951 292 958 
560 954 516 976 470 968 429 955 398 950 472 906 418 900 398 916 386 933 483 884 428 884 416 910 415 930 492 877 442 871 432 894 433 913 498 877 462 870 449 883 446 897 277 1087 317 1064 333 1026 346 989 367 967 294 984 327 943 353 941 369 945 271 977 303 936 329 938 344 947 257 981 277 942 302 940 318 946 249 989 257 956 274 948 287 951 
561 951 519 973 473 967 432 954 402 945 477 906 419 899 397 915 385 931 487 883 428 881 415 908 415 927 495 875 442 866 431 891 433 911 501 874 462 863 448 876 447 890 274 1084 314 1059 329 1022 341 986 360 966 287 982 317 942 342 937 358 940 264 978 293 934 319 933 335 942 251 982 268 939 292 934 309 939 243 991 248 956 264 944 277 942 
562 950 519 973 474 965 436 950 407 942 475 905 421 894 402 910 394 926 487 882 431 877 419 902 419 919 498 872 446 861 435 884 436 903 506 871 469 858 454 871 451 883 273 1083 312 1056 325 1019 337 984 357 964 280 982 307 941 330 933 347 934 258 980 282 935 306 931 322 936 245 986 257 944 278 936 294 937 239 996 239 963 251 950 263 945 
560 950 517 972 471 962 433 945 405 938 475 904 420 894 401 909 392 926 486 880 429 876 417 902 416 919 496 870 444 859 434 882 437 900 503 869 466 857 452 871 451 884 272 1083 311 1054 322 1017 333 983 351 966 276 980 301 940 324 932 342 933 253 980 275 935 301 930 318 936 241 988 250 946 270 936 288 937 234 999 231 967 242 953 254 947 
558 951 515 972 471 963 434 946 406 939 471 908 419 898 402 911 395 925 481 884 427 881 416 903 416 918 492 873 442 866 432 885 434 901 500 871 464 860 451 871 449 883 272 1083 309 1053 320 1016 329 983 346 964 275 982 297 942 319 938 333 941 252 982 268 937 290 933 304 940 239 991 243 951 261 943 275 944 233 1004 227 974 236 961 246 957 
556 954 514 975 471 968 435 952 409 942 466 914 412 913 391 926 378 937 476 888 424 886 419 909 424 921 488 877 441 869 434 888 440 901 498 874 465 864 454 875 455 885 275 1085 310 1054 320 1018 327 987 344 968 275 984 298 948 318 942 332 944 252 985 266 940 289 933 305 937 238 995 239 955 256 944 271 942 232 1008 226 978 235 964 246 958 
553 956 510 977 466 972 431 956 403 947 459 921 413 920 395 934 384 945 469 895 421 892 420 913 428 924 482 882 438 875 435 892 443 903 493 878 463 868 455 880 458 889 279 1087 314 1057 324 1022 330 991 347 973 279 984 307 955 326 952 338 955 256 985 270 944 292 934 309 934 241 995 241 958 255 944 269 939 234 1009 226 980 232 965 241 957 
547 959 504 979 462 974 427 959 399 953 455 924 410 926 394 940 385 952 464 899 418 898 418 918 425 928 477 886 435 881 432 897 439 907 489 883 460 874 453 884 456 893 283 1090 318 1061 328 1025 333 996 350 981 284 987 311 963 329 962 340 964 260 987 275 951 294 936 310 931 244 995 246 959 259 945 273 940 234 1008 225 980 230 964 240 955 
541 962 499 982 459 977 425 963 397 956 451 929 406 932 390 946 381 957 459 903 414 903 412 921 417 932 472 891 432 887 427 902 432 912 482 889 455 880 447 889 448 897 286 1093 321 1065 332 1028 337 1001 354 987 290 992 316 971 333 971 344 975 268 993 281 958 297 943 312 936 252 1003 251 967 262 949 275 939 242 1018 229 993 228 975 232 962 
534 965 493 985 453 981 420 967 394 961 446 932 402 936 388 949 380 961 454 907 409 908 403 925 405 937 465 895 426 892 420 906 423 916 474 893 447 886 438 896 439 904 289 1094 326 1067 337 1032 344 1006 359 988 299 997 323 979 339 979 350 983 277 998 290 965 304 948 315 938 259 1007 257 974 265 957 274 947 248 1022 232 1000 226 984 224 971 
529 970 489 990 449 985 416 972 391 966 440 937 399 942 384 956 375 968 449 913 406 913 404 931 408 942 461 901 422 896 419 911 423 921 471 899 444 890 437 900 440 909 294 1095 330 1068 342 1034 349 1008 362 990 306 999 329 984 344 984 353 986 284 1000 296 971 310 955 322 947 266 1010 267 978 276 962 285 952 253 1025 236 1002 229 986 225 973 
522 974 484 994 446 990 416 976 392 971 436 942 396 946 380 960 371 971 445 917 404 916 401 934 405 945 456 906 420 900 414 915 417 926 466 904 440 895 432 904 434 913 296 1095 333 1069 344 1036 351 1010 360 992 307 1003 330 986 343 982 351 982 285 1004 299 975 313 960 324 952 268 1014 270 980 278 964 287 956 255 1028 239 1005 231 988 226 976 
516 978 478 997 440 992 410 980 386 975 430 945 391 949 377 961 370 970 440 922 400 920 393 937 394 949 453 911 416 906 406 920 406 931 463 909 437 900 425 909 422 918 298 1094 334 1072 346 1041 348 1018 352 1002 309 1005 328 983 339 973 347 968 287 1007 298 977 311 962 322 954 269 1017 270 984 279 969 287 961 257 1031 240 1007 233 990 229 977 
512 981 473 1000 436 995 408 982 386 976 427 948 390 953 374 967 364 977 438 924 397 925 391 943 393 956 450 913 412 909 402 924 403 936 462 911 433 903 421 912 418 921 299 1094 335 1070 347 1040 349 1017 348 1003 308 1004 325 981 335 969 342 962 286 1007 299 977 311 962 321 953 268 1017 271 984 280 968 288 959 256 1031 240 1006 233 990 230 977 
508 984 471 1003 433 998 405 985 383 978 424 951 387 957 371 970 362 979 434 928 394 926 384 942 383 956 446 917 410 910 397 923 394 935 457 915 431 907 416 913 410 922 298 1094 334 1070 346 1039 347 1016 343 1004 307 1002 325 979 335 968 342 961 285 1005 298 975 311 960 322 953 268 1016 272 984 282 968 291 960 256 1030 240 1006 233 988 230 975 
504 986 467 1004 429 998 401 985 381 979 422 950 384 956 370 969 362 980 432 927 389 932 378 950 377 964 444 917 404 916 392 931 390 944 454 917 427 909 412 916 405 924 298 1094 335 1070 345 1038 344 1015 339 1005 306 1003 324 979 334 968 342 961 284 1006 296 975 311 959 323 952 268 1017 270 985 280 969 290 961 257 1032 241 1008 233 990 229 977 
502 989 464 1004 428 998 401 986 381 979 419 949 384 956 373 968 367 978 431 929 392 933 380 951 377 964 444 920 407 918 393 931 389 945 456 920 430 911 416 916 409 924 298 1095 335 1070 346 1037 344 1013 335 1008 304 1003 322 978 333 968 342 961 283 1006 297 976 312 960 325 952 267 1017 272 984 284 969 296 961 256 1032 239 1007 232 989 228 975 
502 989 464 1004 429 996 402 984 381 978 422 949 387 955 374 966 367 975 434 929 395 932 383 949 380 962 446 921 410 918 396 931 393 944 457 921 431 913 416 919 409 927 298 1095 336 1070 347 1036 343 1011 333 1008 304 1001 324 977 335 967 343 961 283 1005 299 976 314 961 326 954 267 1016 273 985 286 971 297 965 257 1031 240 1006 233 988 229 974 
503 988 464 1003 431 994 406 982 385 976 425 950 390 951 380 963 377 971 438 929 399 928 389 944 389 954 452 920 416 913 403 925 400 935 463 921 439 908 423 912 416 919 298 1098 336 1072 347 1036 344 1011 332 1011 303 1002 324 978 335 970 343 964 282 1005 300 977 315 965 326 959 267 1017 276 986 290 972 301 966 257 1032 241 1006 235 988 233 974 
507 985 470 1002 437 994 412 981 391 973 429 950 394 951 380 961 371 969 441 927 403 926 391 939 386 949 453 917 419 909 405 920 399 931 464 916 440 905 426 910 418 918 299 1099 337 1073 347 1036 344 1012 335 1008 304 1002 324 979 336 971 344 966 282 1006 299 978 314 964 326 958 268 1017 274 987 287 974 299 968 258 1032 243 1009 237 992 234 980 
513 983 476 999 442 989 419 977 401 970 435 946 398 949 380 959 367 967 447 925 409 922 395 933 386 942 460 914 425 906 410 913 401 922 470 913 447 901 433 905 424 912 299 1099 337 1073 347 1037 343 1012 333 1010 303 1002 324 979 335 970 344 965 282 1005 299 977 315 963 327 956 268 1017 275 986 288 973 300 967 258 1032 243 1009 237 992 235 979 
518 979 480 995 446 988 422 974 404 964 440 943 402 941 387 951 379 960 452 922 413 918 398 931 391 941 466 912 430 902 413 911 406 923 477 910 451 898 435 901 427 909 300 1099 337 1074 347 1038 344 1013 334 1012 303 1003 324 979 335 971 344 966 282 1006 298 977 314 964 326 957 268 1017 274 987 286 974 298 968 258 1032 243 1009 237 992 234 980 
530 975 492 991 456 985 432 970 412 959 446 940 417 937 404 941 397 946 458 920 423 915 408 924 400 932 471 909 438 899 422 907 414 916 482 906 457 894 441 896 432 902 299 1098 337 1073 346 1038 342 1014 331 1012 304 1001 323 978 335 970 344 965 283 1005 299 976 315 962 328 955 268 1017 274 986 287 973 299 967 258 1032 243 1009 237 993 235 980 
539 971 499 987 464 978 439 963 417 952 455 935 425 931 412 936 404 939 467 914 433 909 417 917 409 926 479 905 447 895 431 901 423 910 490 903 465 891 449 892 439 898 298 1099 335 1074 344 1038 340 1013 330 1010 303 1002 323 978 334 970 342 965 281 1006 297 977 313 963 325 957 267 1018 273 987 286 974 298 967 257 1033 242 1009 235 992 233 980 
549 966 509 982 472 971 445 955 424 945 467 929 433 922 420 927 414 932 479 909 441 903 427 912 421 921 491 900 455 888 441 897 436 907 501 898 473 885 456 888 447 895 297 1098 334 1073 344 1038 340 1014 330 1010 301 1002 321 978 333 970 342 965 280 1006 295 976 311 963 324 957 266 1018 271 987 284 974 296 967 257 1034 242 1011 236 994 234 981 
556 959 517 972 482 962 455 947 435 937 481 919 443 912 429 918 423 926 492 899 451 892 437 905 433 916 502 890 464 878 450 890 446 902 510 889 482 877 465 881 457 890 293 1095 332 1071 342 1035 338 1011 328 1007 298 999 318 974 333 966 342 961 277 1003 293 972 310 958 324 952 263 1015 271 984 284 971 297 963 254 1030 242 1007 237 991 236 979 
568 951 530 963 493 948 466 932 449 922 495 901 457 895 439 904 428 912 508 886 468 878 450 891 440 903 519 883 483 869 465 880 457 891 527 885 498 870 479 873 469 880 289 1091 328 1068 339 1031 335 1005 327 996 297 995 317 969 331 961 342 956 275 999 292 967 310 955 325 950 261 1010 270 978 285 965 299 959 251 1024 242 998 241 982 243 969 
575 943 536 949 498 931 471 914 451 906 510 886 471 877 454 886 443 896 522 872 484 860 466 875 458 891 532 870 499 854 483 867 477 881 539 873 514 858 498 863 489 871 283 1083 322 1061 336 1027 333 1003 325 994 296 988 316 963 330 955 340 950 274 990 291 958 309 946 323 939 258 1000 267 969 282 956 295 948 248 1013 245 986 249 971 257 962 
582 935 543 936 510 917 486 899 471 888 525 874 488 860 469 868 456 878 537 863 502 845 482 858 471 872 546 862 517 843 499 853 490 866 551 865 529 848 513 850 503 857 277 1075 316 1053 332 1020 331 993 324 979 291 983 313 955 330 947 342 943 268 983 287 948 307 934 324 928 253 990 265 957 282 946 298 942 245 1000 250 971 261 960 273 956 
588 924 549 926 517 905 495 883 484 867 534 862 497 847 480 854 469 861 547 850 511 833 491 842 480 855 557 848 526 829 509 837 499 848 562 850 541 832 527 831 517 836 270 1067 311 1045 329 1010 331 980 330 962 288 971 313 943 328 937 339 933 267 970 291 937 310 928 325 924 253 977 272 945 290 935 306 931 245 987 255 959 268 949 280 945 
587 917 550 917 520 897 500 876 487 864 539 852 503 839 486 844 473 848 553 840 515 825 495 835 483 845 563 837 530 819 513 828 503 838 568 840 547 822 532 823 522 829 265 1056 305 1034 324 1001 329 970 332 950 282 961 306 929 323 920 337 916 261 960 288 927 309 921 325 920 250 967 273 937 293 929 310 929 245 977 261 950 276 942 290 939 
585 911 548 911 521 891 502 870 487 858 536 848 505 835 489 839 477 843 552 836 518 820 499 828 488 837 564 833 536 814 519 819 510 829 571 836 553 817 540 815 532 820 263 1041 304 1019 323 985 326 956 330 939 280 950 306 914 327 906 343 903 259 950 288 913 311 908 328 910 247 956 273 924 294 919 311 921 243 965 261 941 278 933 292 932 
581 907 544 909 517 889 498 870 486 859 529 846 499 831 484 837 474 843 545 834 512 819 496 829 487 838 558 832 530 813 516 820 508 830 567 835 550 817 538 815 530 820 261 1025 303 1006 324 971 327 939 332 919 283 931 308 898 327 891 343 888 262 931 289 900 310 896 328 898 250 939 274 912 293 907 310 909 247 950 263 926 280 919 295 918 
575 905 540 907 513 890 494 875 483 863 520 846 493 835 479 838 470 843 537 834 507 820 490 827 481 834 551 831 526 813 512 816 503 824 560 835 546 817 534 815 526 819 261 1009 303 990 324 955 330 924 332 909 285 914 313 884 332 877 348 875 265 915 294 887 315 885 332 887 254 924 280 899 300 896 316 900 251 934 270 913 286 909 301 910 
568 905 534 908 506 894 487 879 474 868 511 852 485 839 472 842 464 848 527 838 498 823 483 830 476 839 541 833 517 814 504 818 498 826 553 835 541 817 530 814 524 818 261 991 304 972 327 940 333 912 341 894 292 898 319 869 337 865 352 864 272 897 303 871 324 870 340 873 262 904 289 881 309 879 325 883 258 914 280 896 297 892 312 894 
560 905 527 911 501 897 485 884 474 877 500 856 477 843 466 846 459 850 515 841 489 826 476 833 470 841 530 835 510 816 499 819 493 827 542 837 532 819 522 816 517 819 267 974 308 955 332 927 339 901 345 884 298 885 326 858 346 855 360 856 278 885 309 860 330 860 345 865 267 892 294 870 314 869 330 875 263 902 284 885 301 882 316 885 
555 905 522 913 497 900 482 885 472 876 493 861 470 848 458 850 452 854 509 845 483 828 470 835 464 844 523 839 503 818 491 822 487 831 535 841 524 823 515 822 510 826 272 958 313 942 337 917 347 894 356 879 307 875 334 851 352 848 366 850 287 876 316 855 336 858 351 865 275 883 302 866 321 867 337 875 270 893 291 879 308 879 324 884 
549 905 518 918 496 908 487 894 483 884 486 865 462 853 451 854 448 858 501 848 476 831 465 838 461 846 516 840 496 819 485 825 481 834 529 840 517 824 508 825 505 830 277 944 319 930 345 907 355 885 365 873 319 864 346 846 363 845 376 847 300 865 331 855 348 862 360 871 289 874 318 868 335 874 349 884 283 884 307 880 323 884 336 892 
543 906 513 916 492 907 483 894 478 885 478 867 456 854 447 855 446 858 494 850 470 833 461 839 459 847 511 843 491 822 481 826 478 834 526 845 519 827 510 822 505 823 280 938 323 926 351 903 361 883 372 873 327 859 354 844 371 845 383 850 309 860 338 853 354 863 365 873 298 869 326 865 341 874 352 886 292 880 315 878 330 885 340 895 
538 905 509 915 490 906 480 893 473 885 475 868 452 854 445 855 445 860 490 851 465 833 458 840 459 849 506 843 485 822 478 828 477 836 520 844 514 825 507 818 503 815 286 932 330 920 357 901 370 885 382 875 337 857 363 844 380 846 391 852 318 859 348 855 365 864 376 876 307 869 335 868 352 878 365 891 300 880 324 880 339 887 350 898 
533 904 505 914 487 907 478 895 473 887 467 868 446 854 441 857 444 863 482 851 461 833 458 840 462 850 499 843 481 822 477 827 478 835 515 843 510 824 505 816 503 812 290 930 334 918 363 897 380 885 396 879 343 858 370 845 386 848 397 855 326 859 355 852 373 859 385 870 314 868 340 865 358 871 372 882 308 879 330 878 346 883 357 893 
527 904 499 913 481 905 472 893 464 886 463 869 442 855 439 860 446 866 478 852 457 832 455 840 460 850 494 843 478 821 474 828 476 836 510 843 506 823 502 814 501 808 295 928 339 917 368 899 385 888 400 884 349 858 376 847 393 853 403 862 331 859 361 854 378 864 390 879 319 867 346 868 364 877 376 891 312 878 335 880 350 887 361 899 
523 903 495 912 477 906 467 896 461 889 460 870 438 856 439 863 447 871 474 852 454 833 454 842 461 851 490 843 474 822 473 829 477 837 506 841 503 823 501 815 501 811 299 925 344 914 370 896 387 884 403 877 352 858 379 848 395 855 404 864 334 860 363 854 380 862 392 876 322 869 347 869 365 876 379 889 314 881 335 882 350 887 361 898 
519 902 491 910 474 903 464 892 458 884 457 870 436 857 438 863 447 870 471 852 450 833 451 842 458 851 488 843 470 822 469 829 473 837 504 841 498 820 494 816 494 815 299 923 344 914 372 896 387 882 400 873 354 858 381 849 397 856 406 866 336 859 365 854 382 862 394 875 324 867 349 865 367 872 380 884 316 879 338 878 352 883 363 893 
518 903 489 911 472 906 462 897 455 890 454 873 434 858 439 863 448 870 468 854 448 834 451 841 459 851 484 844 468 823 470 830 475 839 501 841 496 822 495 818 496 817 299 922 345 913 371 896 386 884 399 878 355 859 381 849 397 855 406 864 337 860 366 854 382 862 393 874 325 867 350 867 367 874 379 885 318 879 339 879 352 885 362 894 
516 903 487 912 468 906 459 895 452 888 451 873 431 859 438 865 448 873 464 855 446 835 450 843 458 852 480 845 465 824 468 832 474 840 497 842 492 824 492 823 494 826 300 921 345 911 370 895 385 882 400 875 355 857 381 847 396 852 405 860 338 858 366 853 382 861 392 874 327 866 352 866 368 873 378 884 320 877 341 878 354 884 364 893 
515 903 488 914 470 912 462 906 457 903 449 874 429 860 436 867 446 875 462 856 443 837 447 846 455 855 478 846 463 826 465 834 471 842 495 844 490 826 489 828 491 833 301 920 346 908 371 892 385 881 398 876 354 856 380 846 396 851 405 858 337 859 366 854 381 862 391 874 327 868 353 868 368 876 378 887 321 880 342 881 355 887 364 896 
513 902 486 912 468 908 460 898 457 892 448 875 427 860 435 867 446 874 460 857 441 838 447 846 455 854 476 847 461 828 465 834 471 842 491 843 489 828 489 826 491 826 302 917 345 908 371 892 384 880 396 874 354 855 380 845 396 849 405 857 337 857 366 852 382 859 392 871 327 865 353 865 368 872 379 883 322 876 342 877 355 883 365 892 
511 902 484 913 465 908 457 897 453 889 446 875 427 862 434 869 444 875 458 857 439 839 444 848 452 856 474 846 458 828 461 836 467 843 490 843 485 827 484 831 486 837 305 917 346 908 371 892 385 881 399 876 354 856 381 846 396 851 405 859 338 857 366 851 382 858 393 869 328 865 353 863 369 869 382 880 323 876 344 876 357 880 367 889 
509 901 482 912 463 907 454 896 449 888 445 874 427 862 433 869 443 875 457 856 438 840 441 850 449 858 472 847 456 828 457 837 463 844 488 843 481 828 479 834 481 840 306 916 346 909 371 894 386 883 400 878 355 858 382 848 397 853 406 861 340 858 367 851 384 857 395 868 329 864 354 861 370 867 383 877 324 874 344 873 358 877 368 886 
509 900 480 909 460 901 453 887 452 876 445 873 426 861 432 869 442 874 458 856 437 842 441 852 449 859 473 846 454 828 456 838 462 845 488 842 479 826 477 832 480 840 307 917 347 910 372 895 388 883 403 878 356 860 382 850 398 855 407 863 341 860 369 853 385 860 396 871 331 866 356 863 371 869 383 879 325 875 345 874 358 879 368 887 
509 899 481 908 459 898 450 883 448 873 446 870 426 858 430 866 439 872 458 853 437 841 439 852 447 859 473 843 454 826 453 835 458 843 489 840 482 823 477 828 478 837 308 919 348 912 373 897 388 885 402 878 357 862 382 851 397 856 406 863 341 861 368 856 384 863 395 873 331 867 356 866 371 872 383 881 325 877 346 876 359 880 368 889 
510 896 480 906 458 895 448 879 445 868 446 868 425 854 429 863 439 870 458 851 436 839 439 850 448 858 473 841 452 824 452 834 459 843 489 836 480 820 475 827 476 835 308 922 349 914 376 897 389 884 401 876 356 862 382 850 397 855 406 862 340 863 368 858 384 864 396 875 331 870 356 868 372 874 384 884 325 880 346 879 360 883 370 891 
510 895 481 905 458 894 446 878 439 867 446 868 421 851 425 860 435 867 458 850 434 838 437 849 446 856 473 840 449 822 451 833 459 842 488 834 478 815 474 822 476 830 306 925 350 915 375 901 390 890 402 879 357 864 380 851 395 851 404 854 340 866 366 859 383 862 396 868 330 873 355 872 371 874 384 881 324 884 345 883 359 885 369 891 
511 895 481 906 455 894 437 879 424 868 444 867 417 850 419 857 429 866 456 849 431 836 433 847 443 855 471 837 446 819 445 829 453 839 487 831 475 810 469 814 468 823 306 925 347 920 372 905 389 891 404 876 355 867 377 850 392 847 401 848 339 865 362 850 377 848 390 851 328 868 349 859 364 857 375 860 323 875 340 868 353 866 363 868 
513 895 482 909 456 897 436 881 422 870 442 868 412 850 415 856 425 863 455 848 427 835 430 846 439 854 470 835 442 816 440 826 447 836 486 829 472 806 464 810 462 819 304 925 341 926 369 913 388 901 403 891 353 868 378 849 392 846 401 846 337 864 362 849 378 847 390 849 327 867 348 857 363 854 375 856 322 874 341 864 354 862 364 864 
517 895 485 911 457 900 437 884 423 873 442 869 410 850 404 852 408 857 454 848 423 835 421 846 428 854 469 834 439 817 434 828 438 839 484 828 470 805 460 809 457 818 302 933 340 927 366 909 384 893 398 879 347 868 373 850 389 847 399 847 331 867 356 852 372 849 385 852 321 871 343 860 359 857 372 858 316 879 335 870 349 866 359 868 
518 895 483 911 453 901 431 886 416 875 443 873 405 853 397 854 399 858 455 851 418 837 416 848 424 856 469 836 434 819 429 829 434 840 484 828 470 803 458 805 454 815 294 942 333 930 359 906 380 891 398 878 337 867 367 850 386 851 397 854 324 869 354 858 374 861 388 869 316 877 344 870 363 872 379 878 312 888 336 883 352 884 364 889 
523 898 486 913 454 904 428 889 410 878 446 879 406 861 393 859 390 860 458 856 416 840 408 848 413 858 472 840 434 822 423 829 424 840 487 830 471 804 456 805 449 815 287 952 326 941 352 914 374 894 394 879 328 875 361 852 381 854 394 860 316 876 349 861 370 866 386 875 309 883 339 875 360 877 375 884 307 894 331 887 348 889 361 895 
532 901 495 919 459 912 431 897 413 886 454 891 409 874 390 866 380 862 464 865 415 847 407 855 413 865 477 845 434 826 421 833 422 844 492 832 471 804 455 806 448 817 280 962 319 951 344 921 365 899 384 886 320 884 357 860 379 865 392 875 309 885 346 866 369 872 384 883 303 893 337 882 358 886 373 895 302 904 329 896 347 899 359 908 
542 906 506 927 470 924 444 910 428 898 466 906 416 891 393 883 379 877 472 877 417 861 407 864 413 872 482 854 433 836 419 841 422 851 495 838 468 811 451 813 446 825 270 976 308 964 336 932 358 909 379 898 312 893 352 872 374 882 384 894 304 895 344 880 367 890 381 902 302 905 339 896 360 903 374 914 304 918 333 911 350 915 361 925 
551 913 516 937 477 939 444 931 422 924 475 921 418 908 395 899 382 893 480 890 419 877 411 882 420 890 490 865 436 851 423 858 428 868 502 847 473 822 454 824 446 833 258 994 294 982 325 952 355 930 380 920 303 911 348 891 373 902 384 916 299 916 341 901 366 911 380 924 299 929 337 921 360 926 374 937 302 943 333 934 351 938 364 948 
555 920 521 949 478 956 440 948 415 939 486 939 422 931 394 924 377 919 490 906 418 895 417 901 431 906 498 878 434 867 428 875 439 884 506 859 471 837 452 839 444 848 244 1015 285 1008 322 977 351 954 374 940 303 930 350 913 372 925 380 938 295 934 339 923 359 938 368 954 292 946 331 943 349 955 358 971 292 960 323 957 339 967 347 981 
557 931 527 965 482 978 441 975 409 972 491 960 422 954 399 951 389 949 494 925 421 921 428 927 447 929 499 896 432 891 439 900 459 904 504 872 460 856 448 864 448 875 242 1037 283 1030 320 1000 351 977 377 968 306 949 356 936 381 949 393 963 299 952 347 947 371 962 384 978 296 964 337 967 357 981 367 995 296 978 327 979 343 990 352 1004 
556 945 529 982 488 998 448 998 419 995 497 980 425 979 400 974 391 968 498 944 420 940 421 946 438 948 499 913 429 908 429 919 442 925 502 888 449 878 438 889 442 898 239 1058 280 1052 320 1024 355 1002 385 992 310 971 364 956 393 968 410 981 306 975 356 968 384 982 403 997 304 989 344 993 368 1005 384 1019 303 1004 332 1009 349 1019 361 1033 
548 961 523 999 484 1021 444 1027 413 1023 495 1000 423 999 397 989 388 978 494 963 416 964 418 970 437 972 492 930 422 931 428 941 447 945 493 903 437 899 435 909 447 917 238 1085 283 1066 327 1043 366 1024 397 1011 313 990 365 977 397 991 416 1006 311 1002 359 994 389 1005 408 1023 310 1019 351 1016 377 1023 396 1037 310 1036 340 1034 362 1039 380 1049 
545 971 521 1011 480 1037 437 1038 410 1023 494 1005 423 1006 399 999 394 991 491 969 414 972 415 982 434 985 487 937 417 939 421 952 439 957 486 913 431 907 427 922 437 933 249 1100 295 1084 334 1056 369 1033 401 1019 321 999 375 985 402 999 417 1016 316 1004 364 994 392 1006 410 1024 314 1017 355 1010 381 1020 400 1036 313 1033 347 1026 368 1034 384 1048 
538 973 518 1012 478 1033 438 1030 415 1014 489 994 416 996 415 1005 429 1004 487 960 410 964 418 979 439 980 485 932 414 931 422 947 440 951 485 913 430 905 429 919 441 927 261 1107 305 1094 338 1063 369 1034 397 1019 322 1007 373 983 400 997 414 1014 316 1007 364 989 393 1002 411 1020 315 1016 359 1003 385 1012 404 1028 317 1029 352 1017 374 1024 390 1038 
528 974 501 1011 458 1021 422 1013 401 1000 478 977 410 968 415 981 434 985 480 946 407 943 416 960 437 962 480 923 412 917 422 933 441 935 480 908 428 897 431 909 447 914 274 1113 314 1097 340 1065 367 1031 393 1008 314 1009 364 975 394 985 410 1001 311 1008 360 982 391 991 411 1003 314 1015 357 995 385 1000 404 1011 318 1025 351 1007 376 1010 393 1020 
521 979 489 1008 450 1005 418 985 403 964 462 953 405 935 390 951 390 964 470 928 409 919 408 942 421 951 474 913 416 902 418 924 432 932 478 906 433 894 430 907 442 916 288 1112 331 1092 352 1057 370 1022 396 1000 319 1009 355 968 378 970 391 980 306 1006 344 972 369 973 387 979 301 1012 336 985 359 984 378 990 301 1020 327 999 348 997 364 1003 
517 984 479 1006 443 995 413 972 394 952 445 936 399 915 390 934 394 949 459 918 412 905 402 929 406 944 468 913 425 903 418 923 424 937 473 913 440 908 432 923 436 933 300 1106 343 1089 363 1054 375 1016 396 994 331 1011 355 966 374 952 389 945 310 1005 336 963 357 952 374 949 298 1007 321 969 341 959 359 956 293 1013 312 982 329 972 344 968 
509 990 468 1001 435 984 408 961 390 942 444 930 402 907 388 927 387 944 457 921 414 909 399 932 399 950 466 924 428 921 417 941 419 956 470 929 443 929 433 943 433 955 310 1109 351 1088 369 1051 378 1014 394 988 338 1018 357 971 372 956 385 949 313 1013 336 968 354 959 367 959 297 1015 317 975 335 967 350 967 290 1021 305 990 321 982 333 981 
507 993 462 994 430 973 404 953 387 937 445 925 404 907 390 927 389 945 457 922 417 916 402 938 400 954 464 928 429 928 416 946 416 961 466 936 441 938 431 950 429 962 316 1110 356 1089 372 1051 381 1012 396 986 343 1026 358 974 373 958 384 952 316 1020 336 969 354 964 363 968 298 1021 315 976 332 971 342 975 287 1025 300 991 316 984 326 984 
518 993 467 988 433 968 406 951 390 934 443 928 404 917 394 935 397 948 456 933 419 924 404 940 402 953 464 942 433 940 417 950 411 961 468 951 444 951 430 958 424 966 319 1117 357 1095 371 1056 377 1018 389 991 339 1031 353 979 366 962 376 953 313 1026 332 974 350 968 360 970 296 1028 311 981 328 977 339 981 286 1033 298 998 313 991 323 993 
521 990 472 976 436 960 408 951 388 945 438 927 401 925 384 938 375 952 444 942 411 940 397 953 392 967 451 957 424 959 413 969 408 979 456 971 435 974 427 980 423 985 320 1124 358 1101 371 1063 377 1024 386 997 340 1040 351 988 363 969 371 959 312 1034 330 980 348 978 355 985 294 1035 308 985 326 985 334 993 284 1041 295 1003 309 999 317 1003 
511 987 466 980 432 965 404 953 382 944 433 927 394 926 375 938 366 951 440 937 407 936 391 947 383 960 447 951 419 952 405 961 395 970 451 963 430 967 420 975 413 981 320 1127 359 1104 370 1066 374 1026 387 997 336 1041 348 989 364 972 375 965 308 1037 328 983 349 982 358 990 290 1040 305 990 325 991 334 1000 280 1047 291 1010 307 1006 315 1010 
515 988 470 997 431 980 403 964 379 953 437 930 395 925 386 944 387 957 450 925 411 923 397 940 393 955 461 931 427 931 413 944 409 956 466 938 440 939 428 948 423 959 318 1128 357 1101 367 1063 368 1024 380 995 324 1035 341 985 362 976 377 975 300 1033 324 987 348 983 362 987 287 1037 308 997 330 994 344 999 281 1044 296 1012 313 1007 324 1011 
518 993 475 1013 435 997 402 977 377 969 436 943 390 930 384 953 390 967 452 928 406 921 397 945 400 959 467 926 427 924 420 942 427 955 477 929 445 930 438 942 443 951 311 1127 350 1101 354 1058 355 1020 364 993 309 1031 329 981 355 974 372 978 291 1033 319 991 346 987 364 991 285 1039 313 1006 337 1003 355 1007 286 1047 306 1022 326 1018 342 1020 
526 996 487 1024 447 1017 411 1002 383 997 432 955 387 944 380 965 385 981 447 932 401 924 391 947 393 963 463 925 423 917 413 935 415 950 476 924 446 916 435 927 434 940 306 1128 336 1091 341 1048 345 1012 351 986 301 1022 324 980 352 976 371 982 296 1031 327 996 357 998 375 1010 299 1043 333 1018 356 1022 372 1033 305 1055 331 1038 350 1040 365 1047 
533 994 499 1026 459 1029 420 1017 390 1010 447 981 391 964 378 975 382 986 456 952 396 943 394 961 406 970 465 934 410 921 409 938 421 948 475 923 435 910 430 920 438 929 296 1137 322 1099 332 1056 338 1020 342 992 300 1021 329 982 353 987 366 1002 304 1032 335 1004 357 1018 368 1039 311 1046 340 1029 357 1042 365 1059 317 1061 337 1050 351 1058 359 1072 
543 997 510 1030 467 1040 426 1036 393 1029 469 1008 402 996 374 996 360 997 473 974 402 964 394 978 402 985 478 948 411 935 406 950 416 958 484 931 429 915 419 926 425 935 298 1139 314 1101 329 1060 342 1024 350 997 306 1020 335 985 359 991 371 1005 318 1032 347 1001 368 1012 377 1026 330 1048 354 1030 368 1041 374 1054 338 1065 354 1052 363 1061 367 1073 
551 1001 522 1041 473 1058 426 1054 389 1054 481 1026 409 1018 378 1013 359 1008 483 987 405 983 404 996 418 1001 486 958 415 951 414 967 427 973 489 937 433 927 425 940 432 948 295 1145 319 1108 337 1070 349 1037 354 1012 315 1029 345 995 369 1001 384 1013 322 1041 353 1016 369 1031 374 1050 330 1056 357 1045 366 1060 366 1075 334 1072 351 1066 358 1077 358 1090 
552 1004 524 1046 475 1069 429 1068 395 1064 491 1037 419 1034 389 1034 376 1032 491 999 407 997 405 1010 422 1015 490 966 415 963 417 981 434 989 491 942 433 934 428 950 438 960 294 1144 317 1119 337 1089 351 1061 359 1042 319 1035 350 1004 375 1008 389 1019 329 1040 361 1014 381 1023 390 1036 339 1048 366 1032 382 1045 388 1059 347 1059 365 1041 378 1047 385 1059 
550 1009 522 1049 476 1070 430 1074 394 1075 491 1041 419 1040 388 1040 376 1037 491 1003 409 1005 394 1017 399 1022 489 972 415 972 409 990 420 1000 490 948 434 940 420 956 421 969 290 1144 323 1118 346 1085 365 1055 383 1035 322 1036 360 1007 386 1011 398 1023 324 1045 363 1029 386 1041 395 1057 328 1060 362 1056 378 1068 384 1082 332 1073 358 1072 370 1082 377 1094 
546 1009 521 1050 476 1067 431 1062 398 1056 490 1035 416 1033 391 1036 383 1037 489 999 407 999 409 1011 427 1014 487 970 412 967 418 982 437 986 487 949 429 942 428 955 442 962 291 1144 326 1119 347 1089 365 1064 380 1051 323 1036 359 1005 386 1007 400 1017 321 1043 360 1024 384 1034 395 1049 324 1057 359 1051 378 1061 387 1075 327 1071 354 1066 370 1074 378 1085 
536 1008 510 1041 468 1052 429 1045 399 1036 466 1010 403 1000 409 1014 426 1017 472 981 404 971 410 989 428 993 477 958 412 945 417 962 435 967 483 943 431 928 431 940 446 946 293 1144 324 1122 348 1093 372 1067 393 1056 316 1035 351 999 378 1004 393 1017 321 1041 356 1014 379 1025 390 1038 328 1051 357 1034 376 1042 385 1055 334 1063 354 1051 369 1056 377 1065 
529 1007 495 1032 455 1026 420 1010 397 1000 454 971 398 957 382 976 382 990 464 949 408 940 399 965 407 978 472 940 418 926 412 948 421 961 479 937 438 920 426 930 430 940 293 1141 333 1120 356 1087 379 1058 407 1047 315 1039 341 994 364 990 376 996 307 1040 338 1007 363 1010 378 1016 306 1047 335 1026 357 1030 373 1038 308 1056 330 1041 348 1043 363 1050 
524 1009 482 1024 442 1008 408 990 383 975 450 950 401 935 387 956 386 975 464 937 418 936 407 963 409 982 474 937 431 941 424 964 430 981 479 942 448 944 440 961 444 976 302 1129 344 1110 363 1077 384 1045 412 1028 326 1030 353 984 373 989 383 1001 308 1027 336 989 359 995 371 1007 298 1031 324 1001 345 1005 358 1015 296 1038 315 1013 333 1013 345 1022 
521 1007 478 1017 441 1000 408 982 380 973 446 942 401 933 389 958 388 976 460 936 417 937 403 964 403 984 470 942 432 949 421 972 421 991 476 951 448 958 438 975 436 989 309 1123 351 1100 368 1064 380 1030 403 1011 334 1028 351 981 371 982 382 992 310 1025 333 984 353 988 363 999 295 1030 315 996 333 999 345 1009 285 1038 300 1012 316 1012 325 1019 
527 1002 483 1012 445 997 413 983 389 976 446 945 403 939 394 963 398 978 457 939 416 941 404 962 403 979 466 944 431 950 420 968 420 983 472 950 444 957 437 972 437 984 315 1122 354 1099 370 1064 380 1029 397 1007 343 1032 353 983 368 979 377 983 317 1028 333 985 349 989 356 999 296 1033 311 996 326 999 333 1010 282 1041 293 1013 306 1013 313 1020 
528 999 481 1008 445 994 414 978 388 967 443 944 405 947 401 969 407 982 460 939 424 946 414 967 416 984 473 943 442 953 434 972 436 986 483 948 458 957 451 972 451 983 321 1125 360 1105 375 1069 384 1032 403 1010 345 1039 356 989 372 989 381 997 318 1035 337 989 355 997 362 1008 298 1038 314 997 331 1003 337 1015 284 1046 296 1014 310 1013 316 1020 
531 993 487 1008 449 998 418 984 392 973 445 950 409 954 402 971 403 980 462 940 428 948 418 965 419 978 477 941 448 949 438 964 437 977 487 944 464 949 456 961 454 972 326 1129 364 1108 377 1073 387 1036 402 1012 345 1043 357 993 373 979 384 973 318 1039 339 993 358 997 367 1006 298 1041 317 999 335 1002 343 1013 285 1047 298 1014 313 1013 320 1019 
530 990 488 1007 451 997 421 980 393 971 443 951 411 954 404 968 405 977 461 939 432 947 423 962 424 973 477 938 451 945 442 958 441 968 489 940 467 943 459 953 457 962 326 1129 363 1107 376 1072 384 1036 400 1011 340 1039 352 992 370 984 384 987 313 1037 335 992 357 993 369 1001 295 1041 313 1000 332 999 343 1007 283 1048 293 1015 309 1010 319 1014 
532 989 489 1008 450 997 418 980 390 971 443 947 410 949 407 967 413 977 461 933 436 946 435 963 442 971 479 931 456 944 456 958 463 968 494 932 475 942 473 953 478 961 322 1128 360 1104 369 1068 375 1031 392 1008 326 1032 346 989 369 986 386 993 302 1030 328 994 353 997 368 1005 288 1036 309 1004 331 1006 345 1015 283 1044 296 1019 314 1017 326 1023 
529 985 491 1011 448 1000 412 984 385 984 440 944 398 937 396 956 403 970 458 926 422 924 417 944 420 957 476 922 444 921 438 937 442 950 490 924 463 929 458 940 462 949 312 1126 349 1101 358 1061 365 1023 378 997 313 1032 339 987 365 985 383 991 295 1032 328 995 356 998 373 1006 289 1038 320 1010 343 1013 360 1021 290 1045 312 1023 333 1023 348 1029 
533 986 497 1016 457 1010 420 995 390 997 447 955 400 933 375 937 360 946 461 932 409 917 383 927 368 938 473 921 427 907 401 915 387 927 482 920 446 908 423 911 409 920 306 1123 335 1097 344 1055 351 1017 359 987 305 1021 336 983 362 985 377 995 300 1025 336 995 362 1006 377 1022 303 1034 339 1013 359 1024 372 1038 308 1044 335 1030 353 1034 365 1043 
537 985 502 1015 461 1016 418 1007 384 1014 450 967 395 943 366 946 349 956 461 939 401 921 375 934 363 947 472 925 419 909 397 920 388 934 482 919 444 903 424 907 413 916 299 1124 324 1092 334 1052 340 1015 348 988 298 1020 329 983 354 982 371 988 300 1026 330 999 354 1002 370 1011 307 1037 334 1020 353 1026 366 1035 313 1049 330 1036 345 1040 357 1047 
541 988 502 1021 459 1023 415 1018 380 1025 449 983 390 963 363 969 349 978 458 950 394 931 371 943 366 957 470 929 411 912 390 925 386 938 482 918 437 899 418 908 413 919 297 1121 316 1088 325 1052 333 1017 340 992 294 1016 320 981 340 984 349 997 302 1022 331 996 349 1009 356 1028 312 1033 339 1014 351 1027 355 1044 320 1045 338 1032 347 1042 351 1055 
549 990 508 1021 455 1026 408 1025 374 1032 464 996 394 988 359 988 336 990 469 958 392 948 371 965 370 981 477 933 409 919 390 937 392 953 488 918 435 898 415 911 413 926 290 1121 312 1086 325 1048 334 1015 340 988 294 1012 323 981 343 983 352 995 301 1022 331 998 351 1007 360 1023 309 1036 337 1021 352 1032 357 1045 315 1050 334 1039 345 1047 350 1058 
553 989 512 1021 458 1029 411 1025 376 1031 471 998 400 994 368 994 352 996 476 961 398 952 374 965 372 977 482 934 410 922 392 940 394 954 489 917 434 896 414 908 411 922 284 1126 307 1091 323 1052 333 1018 340 991 294 1013 324 982 346 983 358 995 301 1024 332 998 353 1005 363 1020 310 1038 337 1023 353 1032 361 1043 317 1053 336 1041 347 1048 354 1058 
551 985 512 1018 460 1026 413 1023 379 1031 474 997 401 992 372 992 361 993 480 961 400 952 377 965 378 976 485 932 412 921 393 939 396 953 490 914 432 896 414 909 412 923 288 1124 309 1093 323 1056 334 1021 342 995 295 1012 332 977 353 983 361 999 305 1021 341 997 357 1014 359 1035 316 1034 346 1017 356 1033 356 1050 322 1047 342 1036 349 1047 350 1062 
550 982 514 1016 463 1024 417 1018 381 1020 476 993 404 982 372 986 354 991 481 955 402 946 377 962 374 976 485 929 414 916 394 935 394 949 490 912 436 892 417 905 413 919 286 1126 313 1091 327 1054 336 1017 346 994 288 1014 320 979 347 979 365 988 292 1021 324 992 350 997 366 1010 299 1032 328 1014 350 1019 365 1030 306 1045 326 1033 343 1037 355 1046 
546 981 509 1013 465 1018 426 1008 395 1003 469 977 401 965 376 976 366 987 476 943 401 935 385 955 388 969 481 921 415 908 401 929 405 944 488 909 437 886 419 899 418 914 291 1117 321 1092 332 1056 344 1021 365 1001 288 1016 318 974 347 969 364 973 282 1017 316 980 344 984 359 994 284 1022 315 996 339 998 354 1006 290 1030 313 1009 331 1009 344 1016 
545 982 508 1010 469 1009 429 993 396 989 466 962 406 945 384 955 377 966 475 934 409 920 396 938 399 950 482 918 423 901 411 919 414 931 489 910 445 887 429 895 426 905 291 1111 328 1092 339 1057 349 1022 370 1000 294 1021 320 971 349 967 369 971 279 1016 314 972 344 977 360 988 276 1016 310 981 335 986 350 997 279 1020 304 993 325 993 339 1000 
540 986 502 1008 463 1001 424 983 394 982 463 952 410 933 390 948 381 962 472 928 413 914 398 936 397 949 480 916 426 900 414 919 415 933 486 912 449 890 432 897 427 906 296 1103 332 1086 346 1054 355 1018 371 994 301 1025 327 973 352 966 370 967 278 1017 315 970 342 972 357 978 267 1013 302 976 326 978 340 985 264 1014 291 988 312 987 325 991 
538 989 499 1004 460 993 422 976 391 974 468 937 412 924 391 941 380 959 477 919 420 912 401 935 393 954 483 914 434 904 419 925 414 944 485 916 451 903 436 914 431 927 298 1102 335 1086 351 1055 361 1020 381 998 312 1029 334 976 354 963 369 960 285 1019 321 969 344 970 356 976 269 1014 303 971 324 974 334 983 261 1014 289 984 308 983 317 987 
536 990 496 1002 457 988 422 971 391 968 467 929 416 919 398 936 387 955 478 916 429 912 413 934 405 954 485 916 442 913 429 932 424 950 488 920 456 919 444 933 439 946 301 1100 338 1085 356 1054 366 1018 387 997 319 1029 340 978 359 965 373 960 292 1019 326 969 349 968 361 973 274 1013 307 968 328 970 338 978 265 1012 290 979 307 977 316 982 
536 987 496 995 459 980 425 963 397 957 473 920 421 910 403 931 396 950 481 912 432 910 417 935 412 955 485 915 443 917 431 938 428 956 487 921 458 926 447 942 443 956 303 1098 341 1084 359 1053 370 1016 389 993 324 1029 347 975 365 959 379 952 297 1018 331 964 352 966 360 974 280 1012 311 963 329 968 334 978 270 1011 290 973 305 972 310 978 
537 981 496 986 457 968 422 951 395 944 477 909 424 902 406 923 397 942 483 903 436 907 423 931 420 949 487 908 446 913 437 933 437 951 488 915 459 921 451 936 450 950 303 1098 342 1085 360 1053 370 1016 386 992 326 1028 349 973 366 954 377 943 298 1017 328 959 346 964 351 974 280 1011 306 960 322 966 325 978 269 1011 287 972 301 973 304 981 
538 975 495 979 456 961 419 948 390 944 475 899 423 897 403 919 394 938 483 895 434 904 425 929 426 946 487 899 444 910 438 931 441 948 488 905 458 916 451 932 452 945 302 1098 341 1084 358 1051 368 1014 384 989 323 1025 345 970 363 950 374 938 295 1015 325 956 346 958 354 966 277 1010 303 957 322 960 329 970 267 1010 283 969 299 967 305 973 
536 970 491 975 450 958 413 946 383 943 473 895 417 895 396 918 387 937 482 890 430 905 421 931 422 949 487 894 441 911 434 932 437 951 489 901 455 916 447 934 448 949 300 1097 338 1082 355 1049 364 1012 381 988 320 1022 342 968 359 946 371 932 292 1013 320 953 340 959 346 970 274 1009 297 955 316 960 321 972 264 1010 277 968 293 967 298 975 
532 968 487 974 447 959 410 947 381 945 470 893 414 894 394 918 384 938 479 888 426 904 418 932 420 950 484 892 438 909 432 933 436 952 486 898 453 914 446 933 447 949 296 1096 332 1079 349 1047 358 1011 376 987 312 1021 332 967 351 945 366 933 284 1009 312 954 336 952 347 960 266 1003 289 953 310 952 320 961 256 1002 267 961 285 955 295 961 
530 968 487 975 447 959 410 946 380 941 469 892 412 892 389 914 378 934 477 886 423 903 418 933 424 952 481 890 434 909 432 935 440 954 483 896 449 912 445 933 449 949 292 1097 328 1078 342 1044 351 1009 370 986 303 1020 322 964 342 942 356 931 275 1011 299 951 324 950 336 960 257 1008 275 954 299 953 311 962 248 1009 253 965 271 957 283 962 
530 969 486 975 446 957 409 942 379 936 467 890 412 889 389 911 376 930 477 882 424 894 411 924 410 946 483 887 434 900 427 926 429 947 486 894 451 907 442 927 441 944 286 1097 322 1075 335 1040 345 1004 363 981 295 1011 311 960 328 941 342 931 268 1005 285 950 308 943 322 948 251 1004 260 955 281 947 295 950 240 1008 236 969 251 957 264 958 
534 968 489 975 448 957 411 942 381 937 468 893 413 888 391 910 379 930 480 883 425 885 406 912 398 935 488 885 439 888 424 912 419 935 492 892 456 895 443 913 437 931 282 1097 317 1073 329 1038 339 1004 357 981 286 1006 299 956 316 939 330 932 260 1002 272 948 295 937 312 942 244 1004 249 957 268 944 284 945 234 1010 227 974 237 958 250 952 
537 967 493 975 451 959 414 944 386 938 470 896 417 890 397 909 385 927 482 883 428 883 409 908 400 929 490 883 442 884 426 906 421 927 494 889 459 890 444 906 437 922 280 1099 314 1073 325 1038 334 1004 349 981 280 1004 295 955 313 942 328 941 255 1002 265 950 287 938 304 940 240 1006 238 962 256 946 271 943 233 1014 223 979 231 963 242 955 
540 966 497 977 457 963 422 949 395 942 473 899 419 895 398 914 386 931 485 886 432 886 413 910 404 930 493 886 447 885 431 906 425 926 498 890 465 889 449 903 441 919 279 1100 314 1072 325 1038 333 1005 346 984 278 1004 295 958 315 951 328 955 254 1004 263 952 285 941 302 943 239 1009 235 965 251 949 266 944 232 1019 219 988 223 971 231 961 
544 969 500 981 460 968 424 953 398 946 474 905 423 902 403 919 389 934 485 889 433 894 417 918 409 937 493 886 446 892 434 913 429 932 498 889 465 892 453 907 447 923 278 1102 313 1072 325 1038 333 1008 346 988 279 1006 298 963 317 960 330 969 256 1006 266 956 288 944 305 944 242 1013 238 968 254 951 268 943 235 1025 222 993 222 975 227 963 
544 973 501 985 460 972 425 957 401 951 475 912 424 910 405 924 392 938 486 895 434 899 417 920 408 939 495 891 449 896 436 914 430 932 500 894 468 896 455 908 448 923 281 1105 316 1077 328 1041 338 1014 354 999 281 1003 310 967 331 969 344 980 259 1003 271 959 295 945 314 944 245 1012 242 969 257 953 271 946 239 1025 222 998 217 979 218 965 
543 978 500 989 462 978 429 965 403 958 470 920 422 919 406 931 396 943 483 903 436 905 419 923 411 940 495 899 455 898 441 913 434 930 503 902 477 896 464 903 457 915 286 1108 320 1079 333 1044 344 1018 361 1002 287 1005 315 972 335 976 349 987 265 1005 277 963 299 948 318 945 250 1015 249 972 262 954 276 946 244 1030 225 1006 219 987 216 972 
541 981 499 993 461 983 429 970 406 962 467 927 422 924 408 938 400 952 480 909 434 910 418 927 409 943 493 904 455 902 443 917 439 932 503 906 480 898 468 905 463 916 290 1108 324 1082 337 1048 349 1023 367 1008 294 1008 322 980 341 983 355 994 271 1007 283 967 302 949 320 945 256 1017 254 976 265 957 279 947 249 1033 229 1009 221 992 218 978 
539 983 498 997 463 988 434 976 413 969 463 934 423 929 410 944 404 956 477 916 436 912 424 930 421 943 491 910 456 903 444 916 442 929 504 911 482 897 470 901 466 910 293 1110 327 1083 341 1049 352 1024 370 1009 299 1011 325 985 342 987 355 995 276 1011 287 973 304 956 319 949 260 1021 256 983 265 965 275 955 252 1037 231 1014 221 998 214 985 
536 985 496 999 461 989 434 976 412 968 460 937 423 932 411 943 406 954 475 918 435 914 422 929 419 941 490 912 456 905 444 916 440 928 504 912 483 897 470 900 465 908 297 1108 331 1082 344 1049 355 1022 372 1006 302 1013 326 991 344 991 357 998 279 1014 288 979 303 960 318 951 263 1025 258 988 266 969 275 959 254 1040 234 1019 224 1003 219 991 
535 988 495 1001 461 991 435 977 416 967 460 940 425 933 413 943 408 953 474 921 437 915 425 927 422 938 490 914 457 904 446 914 443 925 504 914 484 896 473 899 469 908 298 1108 332 1082 344 1049 355 1022 370 1006 302 1015 327 994 345 994 357 1000 280 1016 291 982 305 964 319 956 264 1027 261 991 268 971 277 961 255 1042 235 1020 225 1004 220 992 
532 990 493 1003 459 993 433 978 414 969 456 941 423 935 413 945 410 953 471 923 436 917 429 931 430 941 487 916 456 907 447 918 447 928 501 916 482 899 471 904 469 913 300 1109 335 1083 347 1050 355 1022 366 1002 304 1016 327 996 343 996 355 1001 281 1018 292 985 307 966 320 957 265 1029 262 993 268 974 277 963 256 1044 236 1022 226 1006 221 994 
531 992 492 1005 456 994 430 979 412 970 454 942 421 938 410 948 407 957 469 924 435 920 427 934 429 944 485 917 454 909 444 920 445 929 499 917 478 902 467 906 465 914 301 1109 337 1084 348 1049 352 1021 358 1005 305 1015 330 997 346 998 356 1002 283 1018 296 987 310 968 321 957 267 1029 265 995 272 977 280 968 257 1044 237 1023 227 1007 221 995 
529 996 490 1009 454 997 426 981 407 974 452 947 419 942 408 952 405 961 468 929 433 925 423 937 422 946 483 921 452 913 441 922 439 932 497 920 477 906 466 910 462 917 303 1109 339 1084 351 1049 353 1021 355 1004 307 1017 330 996 346 995 356 997 286 1019 299 988 314 970 326 960 269 1029 268 997 277 979 285 969 258 1043 240 1022 230 1007 224 995 
526 998 487 1011 452 1000 426 985 408 977 449 951 418 946 405 954 400 961 464 933 431 928 421 940 420 949 480 925 449 914 437 922 434 931 494 924 476 907 464 909 460 917 306 1108 341 1085 354 1051 357 1023 358 1006 313 1018 334 996 347 989 357 987 290 1020 303 989 317 971 329 962 273 1030 272 997 280 980 289 971 262 1044 242 1022 232 1007 225 995 
522 1002 483 1016 448 1004 422 989 403 981 444 955 413 953 400 962 394 969 460 936 427 933 417 944 416 953 476 928 447 918 436 927 434 936 491 927 473 911 462 913 459 920 307 1108 343 1084 356 1052 358 1026 356 1013 313 1019 331 995 342 985 352 979 291 1021 303 990 316 973 327 963 274 1031 274 997 282 981 291 972 263 1044 244 1023 235 1008 229 997 
516 1004 478 1018 444 1008 418 993 398 983 439 959 407 957 395 965 392 971 455 939 420 936 410 948 410 956 470 929 439 923 427 933 426 942 484 927 461 913 449 917 445 924 307 1108 344 1083 358 1049 358 1023 347 1017 312 1018 330 992 340 981 348 975 290 1021 301 988 314 973 325 966 273 1031 274 998 284 982 295 974 263 1045 245 1023 236 1008 231 997 
514 1005 475 1021 439 1011 412 993 394 982 438 960 400 961 387 971 383 977 453 940 413 940 401 953 400 962 467 931 432 925 417 935 412 945 480 929 456 916 441 919 434 926 308 1109 344 1084 355 1051 354 1026 348 1021 311 1018 327 991 337 979 344 972 289 1021 299 990 313 975 324 968 273 1031 274 998 284 984 295 978 263 1045 245 1024 235 1008 230 997 
511 1009 472 1023 436 1013 409 997 391 987 435 963 398 964 383 972 374 978 449 944 411 944 396 956 391 965 464 935 429 930 415 940 410 950 476 934 452 921 438 925 431 932 306 1109 344 1084 356 1048 353 1022 343 1021 309 1016 327 989 337 978 344 970 287 1019 300 990 314 975 324 968 272 1031 274 999 285 983 296 975 263 1045 245 1023 237 1008 231 996 
508 1010 469 1024 434 1014 408 998 389 987 433 965 399 965 385 972 377 977 446 946 410 945 398 958 394 967 461 938 428 931 416 942 413 952 473 937 450 925 437 929 431 937 306 1107 342 1081 354 1047 353 1022 342 1020 308 1014 327 989 337 978 343 970 286 1018 300 989 314 973 326 966 272 1031 275 1000 286 985 297 978 262 1045 245 1024 236 1008 232 997 
507 1010 468 1024 432 1014 407 999 388 988 432 965 399 965 385 973 378 978 447 946 410 945 399 959 398 968 462 939 429 931 417 942 415 951 475 939 451 925 437 929 432 936 307 1107 343 1082 354 1048 352 1023 342 1019 307 1015 326 989 336 978 344 970 287 1019 300 989 314 974 326 967 272 1031 275 1001 285 986 296 979 263 1046 245 1024 237 1007 232 996 
507 1010 468 1024 434 1014 410 998 391 987 434 967 400 965 386 972 380 977 448 948 411 946 402 959 403 967 463 939 429 931 419 942 419 951 475 939 452 924 440 929 435 936 307 1108 344 1083 355 1049 352 1023 341 1021 308 1016 326 991 336 981 343 974 287 1020 300 991 314 977 325 970 273 1032 275 1002 285 987 295 980 263 1047 247 1025 239 1009 233 998 
508 1011 470 1023 437 1012 413 997 395 988 435 966 402 964 388 972 381 978 449 947 412 945 401 957 398 966 465 939 432 931 419 939 416 947 479 939 458 923 445 925 439 932 307 1110 343 1085 355 1050 354 1025 343 1021 307 1018 326 992 337 981 345 973 287 1023 299 993 313 977 326 969 273 1035 275 1005 285 990 296 983 265 1050 248 1028 239 1012 234 1000 
510 1010 472 1022 441 1011 420 995 406 984 436 964 407 964 396 971 391 976 451 946 416 944 406 955 405 963 466 938 435 931 423 939 420 946 481 937 460 922 448 923 442 929 307 1111 344 1087 355 1051 354 1025 342 1024 307 1019 327 992 338 981 345 973 287 1023 300 993 314 976 326 969 273 1035 275 1005 286 990 297 983 265 1050 248 1028 239 1012 234 1001 
513 1008 475 1021 445 1011 424 994 409 984 438 965 411 963 402 970 398 976 453 945 421 942 410 951 405 957 470 936 440 929 427 935 423 942 484 935 466 920 453 920 445 925 307 1112 344 1087 355 1051 354 1026 342 1025 308 1019 327 992 338 982 346 975 287 1024 300 992 315 976 328 970 273 1036 275 1006 287 991 298 984 265 1051 249 1029 239 1013 234 1002 
516 1007 478 1019 447 1008 424 992 407 983 440 963 413 963 403 970 398 977 455 944 424 942 413 951 408 957 471 934 442 928 429 934 425 942 485 932 465 918 452 918 445 923 306 1113 344 1087 355 1051 352 1025 340 1025 308 1019 327 992 339 982 346 974 287 1023 301 992 316 976 329 969 274 1036 275 1006 287 991 298 985 265 1051 249 1029 240 1014 235 1003 
518 1005 480 1018 448 1007 426 991 410 981 443 961 416 962 406 969 401 973 458 942 427 942 414 950 406 955 473 933 443 928 429 934 422 942 486 931 464 920 451 921 443 926 306 1113 343 1087 354 1051 351 1026 339 1025 307 1020 325 992 336 980 345 971 287 1024 298 992 313 975 325 967 273 1036 274 1005 285 989 295 982 264 1051 247 1028 238 1013 234 1002 
523 1002 486 1017 454 1007 432 991 417 980 447 961 420 961 409 967 403 973 462 942 430 942 417 951 411 957 476 932 445 927 431 934 425 942 489 929 466 920 452 921 445 928 304 1111 342 1085 353 1049 347 1024 336 1023 306 1017 322 989 334 975 343 966 285 1021 296 988 311 969 324 960 272 1033 273 1002 283 986 293 978 262 1048 246 1027 238 1012 234 1000 
527 997 491 1013 458 1003 435 988 418 977 451 957 425 957 414 962 406 966 465 939 434 938 419 947 409 954 479 930 450 925 435 931 427 940 492 928 470 918 457 920 450 927 302 1110 341 1083 351 1048 346 1023 335 1021 305 1015 321 986 332 973 341 964 284 1019 294 986 309 967 321 957 270 1031 272 1000 281 983 292 974 261 1046 245 1025 237 1011 233 1001 
535 989 499 1008 464 997 442 980 424 969 460 952 430 946 416 952 409 958 474 933 440 929 425 940 419 949 487 924 455 916 441 925 436 935 498 922 473 913 458 917 450 925 300 1107 338 1081 349 1046 345 1021 334 1018 302 1011 318 982 330 970 338 961 281 1016 291 982 307 963 320 953 267 1028 269 995 280 979 291 970 258 1043 243 1019 233 1003 229 991 
545 984 507 999 470 986 446 967 430 953 474 938 438 935 425 942 418 947 487 922 450 918 436 930 432 939 499 916 465 907 451 917 447 927 506 916 480 905 466 910 460 916 298 1102 337 1077 348 1041 345 1017 335 1011 301 1006 318 976 330 963 340 954 279 1010 291 976 306 957 319 946 265 1022 269 988 280 972 292 963 257 1036 242 1012 235 996 232 984 
557 974 517 985 478 968 453 949 437 934 487 920 452 916 435 924 426 929 502 908 467 899 452 913 448 926 515 906 483 894 469 905 464 916 524 909 498 896 483 902 477 910 297 1095 335 1070 348 1035 348 1008 343 998 300 1001 319 971 332 957 342 949 279 1005 293 969 308 951 322 939 266 1015 272 980 285 963 298 954 258 1028 245 1004 238 987 235 974 
568 967 528 972 490 952 467 935 452 923 506 905 472 896 452 901 440 907 521 895 489 882 469 891 458 903 533 895 505 880 487 886 476 896 541 900 518 885 500 885 488 890 295 1089 335 1066 350 1030 352 998 353 977 302 994 321 962 334 949 345 941 280 997 293 961 309 943 323 933 267 1006 272 972 286 955 299 946 258 1019 246 995 241 977 238 964 
579 954 538 955 502 931 477 909 460 894 523 885 486 877 467 882 454 887 538 877 504 865 484 872 472 881 547 879 518 866 499 870 488 877 552 885 527 872 510 872 498 876 295 1080 335 1058 350 1020 351 987 353 966 304 984 321 951 333 940 344 933 282 987 295 951 310 935 323 926 267 996 274 960 288 944 301 936 257 1008 246 979 242 959 240 943 
587 939 548 939 514 914 493 891 484 878 539 867 501 856 481 861 466 864 552 860 517 847 497 856 484 868 560 862 529 853 513 862 503 872 565 869 541 863 526 866 516 874 297 1071 338 1050 355 1013 355 982 356 962 307 973 324 940 338 927 348 919 284 976 298 940 314 924 328 915 269 986 277 951 291 934 303 926 260 998 254 968 253 949 255 935 
593 927 556 926 526 904 506 882 495 865 548 859 514 840 494 843 480 848 562 851 532 830 510 834 496 844 572 852 546 830 528 833 516 840 577 857 558 837 543 834 531 837 298 1065 342 1044 359 1005 360 975 365 955 310 965 329 930 343 916 353 908 288 967 305 928 322 911 337 902 274 976 284 938 299 921 313 911 265 988 260 959 259 941 261 926 
598 919 561 916 532 891 513 868 498 850 553 849 520 829 501 830 487 833 569 841 537 819 516 822 501 829 579 843 554 820 535 822 523 829 584 848 566 827 551 824 540 826 306 1057 350 1035 367 995 370 961 379 940 320 956 338 919 352 905 363 897 296 958 312 919 329 902 345 893 281 968 290 931 305 912 319 901 273 980 269 951 269 933 270 919 
597 912 560 908 534 883 517 859 507 843 560 841 526 822 507 821 493 821 575 833 541 811 520 814 506 820 585 834 558 810 538 812 525 818 590 839 570 819 554 814 542 814 317 1046 359 1023 378 985 383 950 390 930 331 946 350 907 364 893 376 885 307 947 324 906 342 890 358 882 291 956 300 918 316 899 331 890 280 969 275 938 274 919 276 903 
599 908 561 904 535 880 517 855 505 837 558 837 524 817 506 817 492 817 574 829 539 808 518 811 504 818 583 830 555 807 537 810 525 817 587 834 571 815 558 810 548 811 326 1036 369 1015 390 976 393 941 390 923 346 937 363 900 376 885 387 875 322 937 338 896 354 879 370 870 305 945 316 906 332 888 347 878 294 957 291 927 293 908 296 894 
595 906 556 902 531 879 513 855 502 841 551 838 521 817 503 816 490 816 566 829 534 807 514 810 500 816 577 829 551 805 534 807 522 814 583 833 567 813 553 809 542 811 340 1026 384 1007 405 970 409 936 411 913 365 929 381 891 393 877 403 869 341 929 355 889 370 872 385 864 324 936 333 898 348 881 363 872 312 947 307 919 308 902 311 890 
588 907 550 905 523 883 506 859 497 845 544 844 514 824 497 821 483 821 558 832 527 811 506 812 492 818 569 829 543 807 525 809 513 816 574 831 557 811 543 809 533 812 356 1023 402 1009 423 973 428 943 438 924 388 926 402 890 413 872 423 862 363 924 373 886 387 870 400 862 344 930 350 894 364 878 378 869 331 941 323 912 323 894 325 881 
582 907 545 910 517 892 498 871 488 855 529 852 500 829 483 829 471 833 544 840 513 816 494 819 482 827 554 836 529 812 512 816 502 824 561 836 544 816 530 814 521 819 378 1017 424 1001 446 967 451 938 453 919 410 922 422 888 430 871 437 861 384 920 394 884 407 869 419 860 365 927 371 892 384 877 396 867 351 938 345 911 343 893 344 880 
576 913 539 916 510 898 491 879 479 867 521 861 491 843 474 841 463 841 535 847 504 827 486 829 475 836 545 842 519 821 503 823 494 830 551 843 534 826 521 823 513 827 398 1016 444 1002 464 968 469 942 475 924 431 921 443 887 450 870 455 859 406 920 415 886 424 870 431 859 388 925 391 894 399 879 407 867 375 935 370 908 370 893 371 882 
567 918 529 924 501 909 486 890 477 877 503 864 479 854 468 857 462 860 519 850 494 836 479 837 468 842 532 845 510 830 496 831 486 837 542 847 527 834 516 833 508 838 414 1018 460 1010 484 977 489 948 495 931 454 926 464 887 469 866 472 853 429 921 440 883 449 869 456 861 410 923 420 890 431 876 439 869 395 931 397 904 404 892 411 887 
562 927 526 931 498 914 481 900 469 888 509 865 487 852 470 853 457 858 521 855 496 842 478 844 465 850 527 853 504 839 486 841 473 846 528 856 508 843 493 840 479 844 424 1025 470 1018 496 987 505 959 514 941 475 937 480 897 482 875 483 859 450 933 453 894 458 875 463 861 430 935 434 901 441 886 447 876 414 942 418 915 424 903 430 898 
439 1025 485 1021 511 992 520 964 531 947 485 939 492 900 495 877 496 861 461 936 466 898 471 879 476 865 444 940 448 905 453 887 458 876 433 948 438 920 442 906 446 899 557 931 530 919 506 901 486 890 470 881 515 863 489 856 470 860 455 866 519 857 489 852 470 855 455 863 517 857 490 849 471 852 455 858 513 862 492 852 476 851 462 855 
451 1027 496 1022 520 995 530 971 539 956 492 944 498 905 500 884 501 869 470 941 475 902 480 883 483 871 454 944 458 910 462 894 466 884 445 951 448 923 452 909 456 902 555 940 523 941 497 931 477 921 465 910 493 904 472 891 456 885 443 882 502 891 480 873 462 867 448 865 514 882 495 861 479 854 466 853 527 876 521 859 510 852 497 850 
454 1031 500 1026 524 999 534 973 543 957 495 953 498 912 499 888 500 871 472 950 474 912 476 890 477 875 456 954 459 921 463 903 466 891 447 962 449 933 452 918 456 909 548 943 517 947 493 939 475 931 461 922 488 913 468 903 452 898 438 896 497 900 478 880 460 871 445 867 508 892 493 868 478 860 464 857 520 887 517 868 508 858 498 854 
454 1033 498 1026 523 1001 533 976 542 961 493 957 495 917 496 896 498 882 471 955 473 917 475 896 477 881 455 959 459 925 463 907 466 894 446 965 449 937 452 922 456 912 544 948 515 952 491 943 474 935 459 928 485 921 466 912 449 907 436 904 492 908 473 891 456 882 440 874 503 899 488 878 475 867 462 860 516 894 512 875 505 863 496 855 
451 1038 495 1032 520 1006 529 981 539 967 490 964 492 926 492 906 493 891 468 963 468 925 468 903 469 888 452 968 454 935 455 916 457 902 443 975 444 948 445 931 447 918 538 951 512 957 488 950 471 943 457 938 481 926 462 918 447 915 434 913 488 912 468 896 451 886 437 878 499 903 483 883 469 870 456 861 512 897 508 877 501 864 493 855 
448 1039 491 1031 516 1006 526 983 536 969 484 968 487 932 489 912 490 899 463 967 463 931 464 911 465 897 448 971 450 939 452 922 454 909 440 977 441 951 443 935 445 924 538 951 513 958 487 953 468 948 455 943 479 928 460 920 445 917 433 915 486 914 467 899 450 890 436 883 498 905 482 887 467 876 454 867 512 900 508 881 502 868 495 859 
446 1040 488 1032 513 1008 524 985 534 974 483 969 485 935 486 916 488 902 462 968 462 935 464 916 465 901 448 972 450 943 452 926 454 914 440 979 441 954 442 940 444 929 538 952 513 961 488 957 470 951 457 947 479 929 461 922 449 917 438 914 486 916 466 901 451 893 438 887 497 906 480 888 467 878 454 870 511 900 506 880 500 868 493 859 
444 1038 487 1034 512 1009 522 986 532 974 481 969 484 933 486 915 488 901 461 968 460 933 461 913 461 899 448 972 449 943 451 925 453 913 441 978 443 954 444 940 445 931 537 953 514 961 490 956 473 951 460 947 480 929 463 921 451 917 440 914 487 916 467 903 453 895 440 890 498 907 481 889 468 880 456 873 511 901 507 881 501 868 495 858 
445 1038 487 1033 511 1009 521 986 532 974 481 970 485 931 487 912 488 899 461 968 460 932 460 910 459 896 447 972 449 942 451 924 453 911 442 978 445 954 448 940 450 931 538 953 515 962 491 957 474 952 462 947 481 932 464 923 452 918 442 915 488 919 468 905 455 899 443 895 500 909 483 892 469 882 457 875 514 902 509 882 503 869 496 859 
446 1037 489 1033 514 1008 524 986 534 974 483 966 488 930 491 911 495 900 463 965 463 930 465 913 467 901 449 969 452 940 455 925 459 916 443 977 446 952 450 939 454 932 542 953 519 962 494 957 476 952 463 948 484 933 468 925 456 920 447 918 491 919 473 906 460 900 448 897 502 909 487 893 473 884 462 879 515 901 509 881 503 869 497 860 
448 1037 490 1033 516 1009 527 986 537 974 486 968 491 929 494 910 497 898 465 966 466 929 469 911 471 901 453 969 455 938 459 923 464 914 447 975 450 950 454 937 459 929 546 954 522 963 498 959 480 953 467 948 489 936 473 925 462 920 453 917 497 922 480 907 468 900 458 897 508 911 492 894 479 886 468 882 521 903 514 884 507 873 501 865 
450 1038 493 1035 518 1011 529 988 540 976 489 969 493 929 495 908 496 894 468 967 469 930 471 911 472 900 455 969 459 938 463 924 466 915 449 975 453 950 457 937 461 930 548 952 525 963 501 959 483 953 470 948 492 937 475 928 465 924 456 921 499 923 482 909 469 903 458 900 510 912 494 894 481 886 470 882 522 903 515 884 508 873 501 865 
552 953 529 964 504 960 487 955 474 949 496 939 479 930 468 925 460 923 503 924 484 909 471 903 461 901 513 912 497 894 483 886 472 882 524 903 517 884 510 873 503 865 452 1041 495 1038 521 1014 533 990 545 977 492 972 497 931 499 909 500 896 471 970 473 932 475 912 476 900 458 973 462 942 466 926 469 916 451 979 455 954 459 941 463 934 
453 1044 496 1040 523 1016 535 992 547 981 495 976 501 936 503 914 505 899 474 974 477 937 479 916 480 901 460 978 464 947 468 929 472 917 453 984 456 959 459 946 463 937 555 954 532 965 507 961 489 955 477 949 499 940 483 930 472 925 464 922 506 925 488 909 476 903 466 901 516 912 500 895 487 887 477 882 528 903 520 883 512 871 505 863 
557 952 534 964 510 959 493 953 481 947 501 937 483 927 473 924 469 924 508 921 487 905 475 902 469 904 518 909 500 890 487 885 479 884 531 901 523 882 515 872 509 867 455 1046 498 1043 525 1019 537 996 550 983 496 977 503 938 506 916 507 902 476 975 480 939 483 919 485 906 462 978 467 948 472 931 476 920 455 984 461 959 465 946 470 937 
563 949 541 961 516 958 498 953 485 948 506 934 485 925 475 922 470 923 513 918 490 905 479 902 474 904 523 906 502 888 489 883 483 884 535 897 527 878 516 869 508 866 455 1046 500 1042 527 1019 539 997 551 984 498 976 506 939 510 920 514 907 478 974 483 939 487 921 491 909 464 977 469 948 474 931 479 920 458 984 463 960 467 946 472 938 
567 944 543 955 519 950 503 945 492 939 509 929 488 919 478 915 476 915 516 912 491 898 481 895 482 898 527 900 506 881 494 877 490 880 539 892 530 873 519 866 513 866 455 1047 499 1044 527 1020 540 997 551 983 498 978 505 941 509 920 511 905 477 976 482 942 485 923 488 909 464 979 470 951 476 935 480 925 458 986 467 965 472 953 477 948 
571 940 545 950 521 943 506 936 495 931 511 920 491 911 481 908 480 909 519 904 496 889 485 887 484 891 530 893 511 874 499 871 495 874 543 887 535 869 525 862 518 861 457 1046 501 1042 527 1019 540 996 553 983 499 976 506 940 509 919 511 905 478 974 482 941 485 922 488 909 465 977 472 949 477 934 482 923 460 984 469 962 475 951 481 945 
576 936 549 946 525 936 512 927 503 920 516 910 494 899 484 897 484 899 525 894 500 878 489 878 489 883 537 885 515 865 504 864 502 870 549 881 538 862 530 858 527 861 456 1046 501 1042 528 1018 542 996 553 981 500 974 506 939 509 919 512 905 480 973 484 939 488 919 492 905 467 977 474 948 481 932 486 920 462 984 472 962 479 949 485 941 
456 1045 500 1043 527 1019 542 995 555 981 501 976 506 937 508 916 508 900 483 973 490 940 494 920 494 906 471 976 480 948 485 930 489 917 465 981 475 957 482 944 487 935 581 928 582 908 571 890 559 883 549 876 559 872 541 855 531 857 529 862 546 874 519 855 508 860 508 869 532 883 504 865 494 871 495 880 519 899 497 892 488 896 490 903 
586 922 566 930 546 923 530 912 521 903 533 888 501 876 494 888 499 897 538 873 504 860 496 873 499 882 544 868 514 849 506 861 508 872 549 870 529 859 521 867 524 877 456 1047 503 1041 531 1018 545 996 558 981 502 973 507 938 509 918 510 903 483 972 489 940 492 921 493 906 471 976 478 950 483 932 486 919 464 982 473 962 478 949 483 941 
457 1048 504 1043 533 1020 546 997 560 983 505 974 509 938 511 917 512 902 486 973 492 939 495 919 496 903 474 976 481 949 486 931 490 917 467 982 476 961 482 947 486 938 593 921 592 897 579 878 566 867 553 860 567 854 544 840 533 851 534 861 555 855 528 840 519 854 521 866 542 863 514 847 505 864 506 879 528 878 502 865 494 876 496 890 
457 1051 507 1043 536 1020 550 998 564 982 507 974 511 939 514 918 514 903 490 973 496 940 499 921 501 905 478 978 486 950 491 933 494 920 472 984 480 962 486 949 491 940 596 919 597 897 586 874 577 857 568 844 572 847 549 831 536 839 533 851 562 849 535 835 523 847 521 859 550 857 522 842 510 856 508 870 536 870 511 855 502 864 500 876 
602 914 568 918 542 901 523 885 506 880 541 855 519 844 508 853 505 864 559 843 534 833 523 844 520 856 574 840 553 825 543 833 539 845 586 842 571 829 562 832 557 841 456 1055 506 1046 537 1021 552 999 566 982 507 975 513 939 516 919 517 905 490 975 497 941 502 922 505 907 478 980 487 952 493 934 498 921 471 986 481 964 488 950 494 940 
607 909 573 913 548 893 529 876 510 872 554 851 531 832 518 838 511 848 571 840 545 822 531 832 526 843 584 838 561 818 548 825 544 836 593 841 577 821 566 821 559 827 455 1056 507 1047 538 1022 552 999 565 981 507 975 513 938 517 917 518 903 490 975 498 940 505 921 509 906 478 980 488 951 497 933 503 921 471 986 482 963 490 949 498 939 
613 910 578 911 553 890 534 870 514 863 565 848 540 825 524 830 516 841 582 837 552 816 535 825 526 836 595 836 568 813 552 817 543 827 602 840 584 818 570 814 560 818 454 1058 505 1048 535 1023 549 999 561 979 504 974 511 935 515 914 517 898 487 973 497 936 505 917 510 903 475 976 490 948 500 934 507 925 469 982 483 962 494 951 504 944 
618 912 583 912 558 889 535 867 511 859 576 846 546 819 528 825 518 836 593 837 559 810 538 819 528 830 604 836 575 809 556 813 545 824 609 840 589 817 573 814 562 817 454 1058 504 1050 532 1021 546 993 556 975 497 971 505 930 508 907 510 890 476 966 493 934 505 919 512 908 463 969 482 943 495 933 504 929 456 974 473 957 487 949 498 948 
624 916 587 916 561 894 537 869 513 859 583 846 550 817 529 823 517 833 600 836 563 807 539 816 526 829 609 836 578 809 556 814 543 825 613 840 592 818 574 816 562 820 452 1056 500 1047 527 1016 538 989 545 974 491 970 497 928 501 904 503 885 472 968 481 927 489 904 495 886 461 970 472 935 481 917 490 904 457 975 469 948 478 931 487 921 
629 922 591 923 563 900 536 873 509 859 588 850 554 818 531 821 518 831 604 840 567 806 542 814 528 827 612 840 580 811 558 815 544 826 614 843 591 820 574 819 562 823 447 1055 495 1048 520 1016 532 984 539 965 483 972 486 925 490 897 492 876 463 968 471 922 480 896 488 876 452 969 461 930 472 908 481 892 448 973 458 941 466 922 474 910 
631 930 592 932 562 909 535 880 506 866 592 858 553 822 528 824 511 835 608 848 567 810 539 819 523 835 614 847 578 816 554 824 539 837 614 850 588 828 568 831 556 839 439 1056 485 1051 510 1019 523 985 530 962 472 975 475 925 479 895 483 874 452 970 458 920 469 893 478 873 441 969 449 927 461 904 472 888 438 971 447 938 456 918 465 906 
633 941 594 943 563 918 534 889 505 875 594 867 553 829 526 830 508 840 609 856 566 818 536 825 519 841 614 854 576 822 550 830 535 843 614 857 586 835 565 837 551 845 433 1058 479 1051 501 1016 514 982 525 957 462 969 465 917 470 888 474 868 442 965 447 915 457 887 467 868 432 967 438 921 450 897 460 880 430 970 437 933 445 913 454 899 
634 950 595 954 562 931 531 901 500 888 594 878 550 839 521 840 502 850 610 864 562 825 530 832 510 848 614 862 572 829 543 836 525 849 613 863 582 841 559 844 544 852 424 1062 472 1053 495 1016 508 980 521 953 455 971 458 916 465 885 470 862 433 967 438 912 448 882 458 861 421 968 427 919 438 893 448 874 418 972 424 933 431 911 439 895 
635 961 595 965 561 942 528 913 495 899 595 885 549 847 517 848 494 857 609 872 559 834 524 840 502 854 612 870 568 839 538 845 517 857 610 872 577 851 554 855 538 862 416 1063 463 1053 485 1017 497 981 510 954 446 969 450 914 457 884 463 862 424 965 429 910 440 879 449 857 412 966 416 917 426 889 436 870 408 970 411 931 417 908 425 892 
635 970 595 978 559 955 526 926 493 910 595 895 546 855 512 857 489 868 608 881 556 841 520 849 498 867 610 877 563 845 531 853 511 868 606 879 570 858 546 862 528 871 407 1067 452 1055 475 1019 486 983 499 957 436 972 442 918 449 889 456 867 414 967 422 913 434 884 446 862 401 968 408 920 418 894 429 875 396 972 401 933 407 911 415 895 
632 979 594 989 558 966 524 935 489 919 595 906 544 861 507 866 482 882 606 891 549 851 511 862 487 881 605 887 554 856 521 866 499 882 598 888 561 868 535 874 516 884 396 1072 441 1059 464 1022 476 983 490 954 421 973 434 922 445 893 455 871 399 968 414 918 431 890 446 872 387 969 398 925 413 900 426 884 382 975 387 938 396 917 406 903 
631 988 591 998 554 975 521 943 486 925 591 911 539 869 503 874 478 889 601 897 544 861 506 872 482 892 599 895 548 866 516 877 494 894 592 897 556 878 531 884 512 895 389 1080 432 1064 451 1025 464 986 481 958 410 981 424 932 440 906 454 888 389 975 405 927 425 905 443 893 377 977 388 933 405 913 422 901 371 983 374 947 384 928 394 916 
629 996 591 1007 554 983 520 950 485 932 588 919 534 877 497 883 472 899 595 905 537 869 499 881 475 902 592 904 540 876 507 888 485 905 585 907 547 890 521 896 501 906 382 1088 423 1067 441 1026 454 987 475 960 399 986 416 940 433 918 446 902 379 984 399 941 419 923 436 914 368 989 374 949 387 930 399 916 365 996 365 960 370 941 376 927 
627 1001 587 1014 551 991 518 956 484 936 583 929 528 887 491 889 465 898 591 912 533 871 494 878 470 893 590 908 537 874 504 882 481 895 584 909 543 886 515 888 495 894 374 1092 416 1074 430 1034 440 997 460 973 389 993 409 945 429 926 446 913 369 992 390 947 411 931 428 924 359 997 367 958 380 940 391 928 358 1004 360 969 365 951 372 937 
623 1005 580 1019 543 997 514 963 483 945 577 948 522 911 487 906 461 906 586 925 526 887 488 891 465 904 587 914 534 878 500 885 479 897 582 911 541 886 514 886 496 891 366 1100 407 1082 421 1041 433 1005 452 981 383 998 404 956 425 941 443 934 362 997 379 956 399 945 416 943 351 1003 359 965 373 952 388 945 351 1012 354 979 363 965 374 956 
619 1007 576 1025 538 1010 510 975 482 953 569 963 513 929 479 923 455 923 579 935 518 901 483 904 463 915 582 921 526 892 496 897 478 907 579 917 536 899 512 900 495 906 357 1106 397 1093 413 1053 426 1016 448 994 374 1010 398 965 422 963 438 968 355 1006 377 962 399 959 415 963 347 1008 363 970 384 966 400 968 348 1014 359 984 374 975 388 972 
615 1005 574 1027 531 1015 499 987 470 971 559 971 500 943 466 940 444 940 571 941 506 909 475 918 463 934 576 924 518 895 491 905 480 920 575 918 532 899 509 905 497 916 347 1114 388 1101 407 1063 423 1027 446 1005 368 1026 391 978 416 968 435 969 349 1020 373 975 399 968 419 970 341 1021 360 982 383 972 404 970 341 1027 354 996 372 985 389 982 
614 1003 575 1027 532 1019 497 996 466 985 555 978 493 952 459 950 438 953 565 947 498 918 468 932 458 949 570 927 510 900 484 915 476 931 570 918 522 896 499 905 491 918 344 1121 384 1107 402 1070 419 1034 443 1013 364 1031 387 986 410 980 426 983 346 1025 370 985 394 981 412 985 338 1027 359 992 382 987 401 990 338 1032 355 1004 374 998 390 999 
611 1003 573 1027 530 1022 494 1000 462 989 553 980 489 956 457 958 440 964 562 948 490 924 466 941 464 957 566 927 501 906 481 925 480 940 565 917 517 896 496 906 491 920 344 1122 382 1111 399 1077 414 1041 435 1021 360 1034 387 988 411 985 425 991 343 1026 375 987 401 987 417 992 335 1025 362 992 387 991 404 996 335 1028 354 1003 373 1000 387 1002 
607 1002 570 1026 528 1022 491 1002 459 990 550 981 486 958 456 961 439 968 558 949 485 929 462 946 459 961 561 928 496 909 478 928 478 942 561 918 513 897 496 908 493 921 341 1126 380 1115 397 1082 408 1046 427 1026 358 1041 382 995 404 986 418 987 337 1032 366 990 391 985 407 987 326 1031 349 992 372 988 389 990 322 1033 338 1002 355 994 369 993 
606 1002 569 1026 527 1023 489 1003 457 994 544 977 481 954 457 964 449 976 553 947 482 931 466 951 468 965 557 929 492 912 481 932 486 945 558 920 508 904 497 917 502 930 338 1127 379 1115 394 1084 401 1050 416 1031 356 1044 382 998 404 989 418 989 333 1034 363 990 389 987 404 993 319 1032 343 990 367 986 383 992 313 1035 325 1000 342 991 356 992 
602 1005 564 1028 523 1023 486 1003 454 996 539 976 480 954 458 966 452 979 548 948 482 932 465 953 464 968 553 931 491 915 477 935 477 949 555 924 506 910 491 922 491 934 333 1129 375 1119 391 1089 397 1055 408 1031 357 1053 379 1000 397 988 410 988 330 1042 359 990 382 987 395 996 312 1037 337 989 359 988 369 997 301 1038 308 1000 325 990 338 992 
598 1008 559 1031 519 1024 482 1003 449 996 535 976 476 953 458 968 456 983 544 949 480 932 464 953 465 968 549 933 489 917 478 937 480 951 551 927 504 914 492 927 495 938 335 1133 373 1120 388 1088 393 1055 403 1032 354 1058 375 1006 390 988 402 982 327 1047 353 994 374 990 386 999 309 1044 325 995 346 989 361 995 297 1045 292 1006 305 987 320 981 
595 1008 556 1031 516 1025 480 1004 447 997 532 976 475 955 453 967 446 981 541 948 478 933 458 952 452 967 546 932 488 920 471 937 468 952 547 926 502 915 487 927 484 939 333 1133 371 1120 385 1087 390 1054 403 1032 351 1056 376 1006 394 986 407 975 324 1046 350 993 371 989 385 997 305 1043 321 995 343 988 359 993 293 1045 284 1006 295 986 310 977 
596 1007 558 1030 517 1020 482 996 451 987 537 972 482 949 456 957 443 970 547 946 484 929 461 946 453 962 553 932 495 914 478 931 473 948 555 926 512 911 496 922 492 935 330 1135 368 1120 381 1085 386 1051 398 1028 346 1058 367 1008 384 985 397 971 319 1049 340 997 362 988 376 992 300 1047 311 997 332 986 348 986 287 1049 276 1011 282 988 292 975 
600 1005 560 1021 521 1008 488 984 458 971 544 961 491 935 465 944 452 957 557 939 497 914 477 932 473 948 564 926 510 901 494 919 492 935 567 922 527 900 511 911 510 923 327 1134 363 1114 374 1075 382 1038 399 1016 335 1049 349 998 365 978 379 967 310 1044 325 993 346 983 362 984 293 1046 301 997 321 984 337 981 282 1049 267 1014 271 992 279 978 
606 1000 567 1014 528 998 495 972 466 956 552 950 500 921 475 929 464 943 565 928 507 901 487 919 484 935 572 917 520 890 503 908 501 924 575 913 538 889 522 898 518 911 321 1130 357 1106 368 1067 376 1034 392 1014 320 1036 331 987 347 967 363 957 297 1035 310 985 333 973 350 973 284 1040 288 994 309 982 326 980 276 1047 264 1014 270 995 279 983 
610 993 570 1005 532 986 501 959 473 940 557 939 505 906 482 917 473 932 572 919 516 891 497 909 494 924 582 909 532 880 517 898 517 914 586 906 548 880 535 890 537 903 317 1124 349 1098 358 1059 368 1027 385 1009 307 1030 305 983 320 965 335 958 287 1033 287 984 307 968 325 966 276 1038 274 998 290 982 306 978 272 1046 264 1016 272 1000 282 993 
612 986 571 996 534 977 505 948 479 930 562 929 510 898 488 907 478 920 577 910 520 881 500 899 494 913 587 901 536 874 520 891 518 906 592 900 554 876 539 885 537 897 310 1122 342 1095 349 1056 360 1027 376 1007 295 1028 295 981 311 962 326 955 278 1031 279 982 298 964 317 961 272 1037 270 995 287 978 303 972 273 1042 269 1008 278 992 290 983 
612 980 570 990 533 971 504 944 480 924 558 922 510 892 489 901 480 915 574 905 522 877 501 893 495 908 585 897 537 871 520 886 517 902 590 896 556 872 541 880 537 892 305 1123 336 1094 344 1055 356 1026 373 1007 290 1027 294 979 310 960 324 952 276 1032 281 984 300 967 318 963 272 1039 275 999 291 984 307 977 275 1045 275 1014 286 999 299 992 
610 979 568 988 533 970 504 944 481 925 553 921 505 892 487 903 481 916 569 903 517 877 501 895 500 910 580 896 533 871 520 888 521 903 585 894 551 872 539 882 541 894 302 1121 330 1091 341 1053 356 1024 376 1004 292 1025 293 980 308 962 321 954 281 1031 286 987 304 971 322 967 277 1039 285 1004 301 990 318 985 281 1046 287 1021 299 1010 313 1005 
608 982 565 991 530 972 502 944 479 927 548 925 499 899 483 910 480 923 563 906 512 881 498 899 498 913 573 899 528 874 516 890 518 904 578 898 547 877 536 886 537 896 301 1120 330 1090 342 1053 358 1027 378 1008 295 1027 299 983 313 965 326 956 284 1033 290 989 306 972 324 966 280 1041 288 1006 302 990 318 984 284 1048 291 1023 303 1011 317 1005 
604 986 560 994 527 976 500 949 476 934 540 929 494 905 478 915 473 928 555 910 507 887 493 904 492 920 566 902 524 880 511 895 511 910 573 902 545 884 533 893 531 904 304 1116 333 1088 345 1054 360 1028 377 1011 298 1024 303 983 317 966 330 958 288 1029 296 987 313 973 330 969 286 1037 294 1002 309 989 326 985 291 1043 298 1018 309 1006 322 1002 
598 986 556 994 522 976 494 952 470 938 534 930 488 908 472 919 467 933 548 910 500 890 486 908 484 924 559 902 517 885 505 900 505 915 566 901 537 889 526 898 524 909 307 1111 337 1086 348 1052 362 1027 377 1010 303 1022 308 983 321 965 333 956 290 1026 297 985 314 970 330 966 287 1032 293 997 307 984 322 979 290 1038 294 1011 304 998 317 991 
597 988 555 996 520 979 491 955 467 942 531 928 484 911 468 924 462 938 545 908 496 894 481 911 476 928 555 902 511 891 501 906 499 921 560 902 530 895 519 906 516 918 310 1107 341 1082 351 1050 362 1025 377 1009 306 1023 311 982 325 964 337 954 292 1025 300 984 317 969 333 963 286 1030 292 995 307 981 322 975 287 1035 288 1008 297 994 307 987 
593 988 551 996 515 978 488 956 464 943 528 930 481 913 465 925 457 937 541 912 494 895 477 912 470 927 551 907 511 891 496 905 491 919 556 910 529 898 515 906 510 916 312 1104 342 1078 352 1045 362 1020 374 1005 306 1018 313 979 329 963 341 956 292 1022 302 981 321 969 337 966 287 1028 294 993 310 981 325 976 287 1033 290 1006 299 994 310 987 
590 990 548 996 513 978 486 956 463 943 526 930 481 914 465 927 458 940 540 915 493 899 476 916 470 931 550 911 510 897 496 912 492 926 557 914 531 903 517 913 512 923 313 1101 343 1076 352 1043 361 1018 373 1003 306 1016 316 977 333 963 347 956 294 1019 303 978 323 965 340 963 290 1024 296 989 312 976 327 971 291 1029 293 1001 302 988 312 980 
589 991 547 997 513 979 484 957 461 945 526 932 481 915 463 927 455 940 539 917 493 901 476 918 469 934 549 914 509 899 495 914 490 929 555 917 528 907 514 916 509 928 317 1100 345 1073 353 1039 363 1014 375 999 307 1014 318 976 338 965 354 962 295 1019 305 979 325 969 342 968 291 1026 297 993 312 981 328 977 292 1033 293 1008 301 996 312 990 
588 992 546 997 512 979 484 958 461 946 523 932 480 916 463 928 455 940 537 918 493 903 476 921 470 937 548 916 511 905 497 920 493 935 556 920 532 912 520 921 514 932 319 1099 346 1073 354 1039 363 1014 375 997 308 1014 319 975 340 966 357 965 296 1019 305 977 327 968 345 970 291 1026 297 991 314 980 331 978 293 1032 293 1006 302 995 314 990 
586 991 544 997 511 979 484 959 461 947 522 932 479 918 463 929 455 941 536 919 493 906 477 924 473 940 547 917 510 907 499 923 496 938 555 920 531 913 520 923 516 935 320 1102 345 1074 353 1039 363 1012 375 995 307 1016 319 976 340 966 357 966 296 1022 305 981 326 971 345 972 293 1030 300 997 317 986 334 983 297 1037 298 1014 308 1003 320 999 
584 990 543 998 510 981 485 961 465 950 520 934 478 918 463 930 457 942 534 919 492 905 476 921 471 936 545 916 509 906 496 920 492 934 552 918 528 911 515 920 510 932 321 1103 344 1072 351 1037 362 1012 375 993 305 1012 317 975 339 967 357 968 297 1020 305 980 327 970 346 970 297 1030 304 998 322 986 340 983 303 1039 305 1016 316 1006 330 1001 
583 989 542 997 509 980 486 961 467 953 516 936 480 917 464 925 458 936 531 922 494 906 478 919 471 932 543 918 511 905 496 916 491 929 552 920 533 908 520 913 515 922 319 1104 342 1071 347 1036 357 1009 371 991 301 1013 313 976 336 968 353 968 295 1021 303 981 324 972 343 972 295 1031 303 999 319 987 337 984 301 1039 306 1017 317 1008 331 1004 
581 987 542 996 510 980 489 962 473 951 516 937 481 918 466 927 461 939 531 922 494 905 478 919 473 931 543 917 510 901 497 913 493 925 552 918 530 904 517 909 512 918 317 1104 339 1074 345 1037 355 1008 369 988 298 1015 310 975 334 968 353 968 293 1020 303 978 327 968 347 969 295 1028 306 994 326 982 345 980 302 1036 311 1013 325 1003 341 1001 
579 984 539 994 509 979 491 959 479 946 516 939 481 919 468 928 465 940 531 922 494 903 480 917 478 929 543 915 509 897 497 908 495 920 552 916 530 899 518 903 514 912 315 1106 335 1074 340 1038 351 1008 364 988 294 1016 308 976 334 967 354 968 293 1021 306 980 332 971 352 971 297 1029 312 997 332 985 352 982 306 1038 318 1015 333 1006 348 1004 
579 984 540 994 509 979 492 960 480 947 514 935 478 917 466 929 466 942 530 919 492 903 479 919 478 932 542 913 509 896 497 909 496 921 552 915 529 898 518 903 515 913 312 1108 332 1075 338 1038 347 1007 360 984 291 1018 307 978 332 969 352 966 290 1024 307 984 333 974 355 972 294 1032 313 1001 334 990 354 986 303 1040 317 1019 333 1011 348 1009 
579 985 540 995 509 981 490 961 479 947 514 936 479 920 467 928 465 938 528 919 493 902 478 912 473 924 541 913 510 894 494 901 487 911 550 914 529 897 516 898 509 905 313 1107 331 1072 337 1034 349 1003 363 981 290 1017 307 978 333 969 352 968 291 1024 312 989 339 980 362 977 296 1033 317 1006 337 995 357 991 304 1042 320 1023 335 1015 350 1013 
579 985 539 996 506 982 484 963 468 952 512 937 478 918 467 924 464 931 527 919 491 900 474 906 467 915 539 912 509 893 491 897 481 904 548 912 528 895 514 894 505 899 314 1109 332 1074 338 1035 350 1003 365 980 291 1019 309 979 336 971 356 970 291 1025 314 990 342 981 365 979 297 1034 320 1007 341 997 361 994 305 1042 323 1024 339 1017 355 1015 
574 987 535 997 502 984 478 968 460 957 505 939 471 921 459 927 455 937 521 921 486 903 468 909 460 918 535 915 505 895 488 898 478 906 545 916 526 897 511 895 502 900 316 1110 334 1075 340 1036 351 1005 366 983 292 1019 310 980 336 971 356 970 293 1025 316 991 343 983 366 981 299 1034 321 1009 342 999 363 996 308 1043 325 1025 341 1019 356 1018 
567 989 530 1001 495 987 468 971 446 964 497 941 459 921 442 927 436 937 514 924 475 903 456 911 449 921 528 918 496 896 477 900 468 908 540 919 518 897 502 896 492 900 320 1109 339 1074 345 1034 356 1002 371 980 293 1019 313 979 340 971 360 971 291 1026 315 989 343 981 366 980 295 1035 318 1008 341 997 361 995 303 1044 321 1026 338 1018 355 1017 
558 992 521 1006 484 992 454 976 430 974 486 948 452 926 433 925 422 929 501 929 464 905 443 910 433 919 515 921 483 894 461 896 449 903 526 921 504 896 486 892 473 894 322 1109 343 1077 347 1039 356 1007 371 985 296 1019 318 979 345 971 364 970 290 1024 312 984 341 976 364 977 292 1032 314 1000 338 991 359 990 299 1040 315 1019 333 1011 350 1010 
549 995 512 1012 473 1000 444 985 421 985 471 954 437 934 419 932 407 933 486 933 449 912 430 917 422 925 500 924 466 901 447 904 439 911 510 922 486 902 470 900 461 904 323 1106 348 1079 353 1042 362 1010 377 989 301 1021 324 981 350 973 369 973 290 1022 310 979 339 973 361 975 288 1026 304 988 328 980 349 980 293 1030 304 1003 320 993 336 990 
536 1001 499 1014 460 1006 427 998 402 998 456 959 419 942 400 943 389 946 471 939 434 918 417 925 409 934 486 930 454 907 436 912 429 922 498 929 475 909 459 910 451 915 326 1108 351 1082 356 1041 365 1007 381 987 305 1022 331 981 357 976 375 978 291 1023 311 977 340 971 361 975 288 1028 301 987 324 977 344 976 293 1032 299 1002 314 990 329 985 
529 1006 491 1022 452 1014 420 1006 395 1007 446 966 405 948 387 951 379 959 461 945 422 923 406 933 401 946 477 935 444 911 428 919 423 932 490 933 469 913 456 916 450 924 328 1113 355 1086 360 1046 366 1013 379 991 310 1023 337 983 364 979 382 980 295 1024 318 979 348 973 370 978 292 1028 308 987 334 979 355 980 295 1033 303 1001 319 990 334 985 
522 1010 484 1027 447 1019 418 1008 398 1003 438 972 397 956 383 961 379 968 452 949 412 929 399 940 398 953 467 938 434 916 421 926 418 938 482 936 461 915 448 918 443 927 331 1112 359 1085 365 1046 371 1012 386 991 313 1024 342 985 370 980 388 983 298 1024 320 977 350 973 370 978 293 1027 305 983 329 974 348 976 295 1030 301 998 316 987 331 983 
516 1015 477 1029 439 1020 410 1008 393 998 434 973 394 961 382 968 379 976 447 950 404 936 396 950 399 963 463 938 427 921 418 933 419 944 476 935 455 917 444 921 441 929 333 1114 361 1087 367 1049 374 1016 387 994 317 1031 343 989 371 985 388 987 301 1028 324 980 354 976 374 981 295 1029 310 985 336 977 355 978 297 1031 304 999 320 988 334 984 
516 1017 473 1030 438 1020 410 1007 392 997 432 973 395 960 386 970 386 979 446 951 405 938 399 953 403 965 461 940 426 923 418 935 420 946 475 939 456 919 444 923 442 930 334 1114 362 1088 368 1050 374 1017 387 995 318 1031 344 990 371 985 389 986 302 1029 325 981 355 976 376 981 297 1029 311 985 337 976 357 978 299 1031 306 999 323 988 338 985 
515 1018 474 1030 439 1020 411 1006 393 996 432 974 395 960 387 969 387 978 445 951 405 940 400 954 404 965 460 940 424 924 418 936 421 947 474 937 454 919 444 924 442 932 335 1116 362 1089 368 1051 375 1017 389 995 318 1031 344 989 372 985 390 987 302 1030 325 981 355 977 376 982 298 1031 311 986 338 978 358 980 300 1033 307 1001 323 990 339 986 
515 1018 474 1031 439 1021 412 1006 393 996 432 973 397 959 389 969 391 981 446 951 407 941 402 956 407 967 462 940 426 927 419 939 424 951 476 938 455 921 445 926 444 935 334 1119 360 1094 366 1056 375 1022 392 1001 316 1033 337 987 363 980 381 981 302 1032 320 982 349 975 370 980 300 1034 311 990 335 979 354 981 304 1036 309 1002 325 990 340 986 
517 1019 476 1033 442 1022 415 1007 395 999 435 972 399 960 391 972 391 985 450 951 410 943 403 959 407 971 465 941 429 928 420 940 422 952 479 939 459 921 447 925 444 933 333 1123 361 1098 370 1061 383 1030 401 1009 319 1031 330 983 353 970 371 969 307 1034 317 984 341 973 362 975 304 1039 313 998 333 985 350 983 309 1044 314 1013 328 1001 342 997 
519 1019 478 1033 443 1021 418 1006 399 997 438 974 402 960 394 973 397 986 452 952 412 944 407 960 413 971 467 942 430 929 423 943 427 954 480 939 459 921 448 927 446 936 332 1124 362 1098 373 1062 388 1033 407 1016 323 1031 328 983 349 967 368 962 311 1034 316 984 339 969 359 967 307 1039 313 999 332 983 350 978 311 1044 315 1013 328 999 341 992 
522 1019 481 1033 446 1022 419 1007 400 998 440 974 404 960 396 974 399 988 456 953 415 944 409 962 414 973 471 944 434 931 426 945 430 957 484 942 462 923 450 929 448 938 333 1122 363 1097 375 1060 393 1034 414 1021 328 1032 329 983 346 964 362 957 315 1035 320 984 342 968 362 966 312 1040 318 998 337 984 355 980 316 1044 321 1013 334 999 349 994 
524 1018 484 1033 448 1023 420 1009 401 999 445 973 406 961 398 976 400 989 459 952 418 944 412 963 416 974 473 943 435 932 428 946 431 958 485 943 462 925 451 931 450 941 333 1113 366 1093 381 1061 397 1039 415 1028 338 1023 338 979 354 960 370 952 324 1025 327 979 346 963 365 959 319 1029 324 990 341 976 357 971 322 1033 327 1001 340 986 353 980 
526 1019 486 1034 451 1024 423 1010 404 1001 447 974 408 962 398 977 399 990 461 953 419 945 411 964 414 977 475 944 437 932 427 946 429 960 487 944 465 926 452 931 448 940 335 1107 370 1090 389 1062 404 1040 421 1030 349 1022 357 982 371 964 383 954 334 1021 344 979 360 963 375 956 328 1023 337 986 352 971 366 963 329 1026 337 995 349 979 361 970 
527 1019 488 1034 453 1025 424 1012 404 1002 448 974 408 963 400 978 402 990 462 953 420 946 412 964 417 976 476 944 438 933 428 947 430 960 488 944 466 926 453 932 449 940 340 1100 375 1086 393 1061 408 1041 423 1032 355 1020 374 985 390 967 401 955 340 1016 361 979 380 964 396 954 334 1017 352 983 370 968 385 960 335 1020 349 990 363 975 375 966 
528 1018 489 1034 454 1026 425 1014 406 1004 448 976 410 965 404 978 408 987 461 955 421 946 415 963 421 972 475 946 438 933 429 945 431 956 487 945 466 927 453 931 450 938 344 1096 379 1083 397 1059 411 1039 425 1030 363 1015 384 985 396 970 404 958 347 1012 367 979 383 965 395 955 338 1013 354 984 368 971 380 964 336 1017 347 992 357 979 367 972 
529 1018 490 1035 454 1029 424 1016 405 1006 449 978 407 968 400 983 403 994 462 956 418 948 411 966 416 978 474 946 436 935 426 948 428 960 486 945 463 928 451 934 447 942 348 1094 381 1079 396 1053 405 1033 415 1028 363 1014 383 986 395 971 403 959 348 1011 368 980 383 966 393 954 340 1013 355 983 368 971 379 963 337 1017 347 991 357 978 366 970 
530 1019 491 1037 453 1029 423 1015 404 1005 448 980 407 972 399 987 399 999 460 958 416 952 408 970 411 983 472 947 433 937 423 951 425 964 483 946 461 930 448 935 444 944 351 1089 381 1072 395 1043 403 1021 413 1011 355 1008 382 982 397 968 407 958 342 1006 368 978 386 965 399 954 336 1009 356 981 372 969 386 962 336 1013 349 988 362 976 374 969 
530 1020 491 1038 455 1031 426 1016 408 1007 447 983 406 975 399 991 400 1004 458 960 414 955 408 974 412 987 471 949 430 940 422 955 426 968 481 948 457 933 445 940 444 949 354 1088 383 1068 395 1035 402 1008 409 993 351 1009 383 982 402 968 414 958 337 1005 366 976 386 962 400 952 330 1006 354 977 372 964 385 956 330 1009 346 983 359 970 371 962 
530 1021 492 1039 455 1032 427 1019 410 1010 446 985 406 979 398 994 399 1006 457 962 414 957 406 974 408 987 469 950 430 941 420 954 421 967 480 949 455 933 442 938 439 947 353 1090 379 1071 394 1039 401 1012 410 998 350 1009 386 978 405 963 418 952 335 1005 370 974 390 959 405 946 328 1005 356 975 375 962 389 954 327 1008 346 983 361 970 372 962 
530 1021 492 1039 456 1033 428 1020 412 1013 446 985 406 981 399 995 400 1007 457 962 413 959 405 977 407 989 468 951 429 943 418 956 418 969 478 950 453 934 439 938 435 946 350 1095 377 1074 390 1042 399 1015 410 1001 346 1013 380 985 399 976 411 970 330 1010 364 981 382 972 393 966 323 1012 347 982 365 973 376 969 323 1016 338 991 352 981 362 975 
532 1021 493 1039 458 1034 429 1023 409 1018 446 987 405 982 397 996 399 1008 457 964 413 961 406 979 409 991 469 952 428 945 419 959 421 971 479 950 454 935 442 940 438 948 345 1101 373 1081 385 1051 390 1028 400 1019 341 1013 383 986 397 995 399 1005 327 1010 369 981 382 989 383 998 320 1011 355 980 368 985 371 992 320 1014 344 988 356 987 360 989 
533 1020 495 1039 460 1034 431 1024 410 1021 448 988 405 983 397 997 398 1007 458 965 413 962 406 979 409 991 470 953 428 945 418 960 420 972 480 950 455 934 441 939 437 947 344 1104 370 1082 381 1051 388 1028 400 1019 339 1017 375 993 395 990 408 990 325 1014 361 985 380 982 392 983 319 1015 347 984 364 980 376 979 320 1018 338 993 352 985 362 981 
534 1020 496 1039 459 1034 429 1023 407 1021 449 988 406 984 400 998 402 1007 458 964 413 962 406 980 411 990 470 952 428 945 419 960 422 972 481 950 455 933 441 939 438 947 342 1105 367 1083 379 1053 388 1028 402 1017 337 1016 376 994 399 993 414 995 324 1012 365 986 385 986 397 988 320 1013 352 985 370 984 381 986 321 1017 344 993 359 987 369 985 
536 1019 498 1038 460 1034 428 1023 404 1019 452 987 408 983 399 998 400 1010 460 963 414 962 406 982 409 995 471 951 427 945 419 961 421 974 482 949 454 933 441 940 438 949 339 1102 366 1081 379 1051 389 1026 404 1017 338 1015 377 991 396 989 407 987 325 1011 367 985 385 983 393 981 321 1011 354 983 370 980 378 979 322 1013 344 989 358 982 367 979 
538 1018 500 1037 463 1033 431 1023 408 1020 454 987 410 983 401 997 401 1009 462 963 416 961 407 980 410 993 473 950 430 944 420 959 421 973 484 947 457 932 443 938 439 947 337 1102 364 1081 377 1052 387 1026 401 1015 337 1018 376 993 393 990 403 989 324 1013 365 986 382 984 389 984 318 1012 351 983 367 981 374 982 319 1014 340 990 354 983 363 982 
540 1017 502 1036 464 1032 432 1023 407 1020 456 986 411 981 405 997 408 1009 464 961 417 961 412 981 418 993 475 949 430 943 424 960 429 973 486 947 459 931 446 938 443 946 337 1101 364 1080 377 1049 387 1023 402 1011 335 1020 373 995 394 983 409 974 321 1015 359 987 382 974 398 964 316 1015 346 985 368 973 384 965 316 1016 337 992 353 981 367 974 
542 1015 504 1035 466 1031 434 1021 412 1017 458 982 415 978 408 994 410 1008 466 958 421 958 416 978 421 991 477 946 434 942 427 958 432 971 487 944 459 931 446 938 443 946 335 1100 359 1080 373 1050 385 1025 402 1014 332 1020 371 996 392 985 407 976 319 1014 357 987 379 977 395 968 314 1013 344 985 365 975 381 969 315 1015 335 991 351 981 364 975 
546 1014 507 1033 470 1028 440 1018 420 1011 462 979 420 976 413 992 416 1003 470 957 426 956 421 976 426 988 481 945 438 940 431 956 435 969 491 943 464 929 450 934 445 942 334 1101 358 1081 371 1050 382 1024 398 1011 330 1021 368 997 390 985 407 977 316 1016 354 987 378 978 395 971 311 1015 341 985 362 976 379 972 313 1017 332 991 348 982 362 976 
549 1012 509 1030 472 1024 442 1014 422 1009 466 976 425 971 417 986 419 997 475 953 431 951 424 972 429 985 486 942 443 936 435 953 438 966 496 940 468 927 454 932 449 939 332 1102 355 1084 367 1053 378 1026 393 1013 326 1024 364 1000 387 990 404 983 314 1017 352 989 376 981 393 976 309 1015 339 986 360 978 378 974 311 1016 330 992 346 983 360 978 
552 1010 513 1027 476 1021 446 1011 426 1007 471 973 430 968 422 982 423 993 480 951 435 950 428 969 431 982 489 939 446 934 437 950 439 964 499 936 471 923 456 928 450 936 330 1104 352 1087 364 1055 376 1028 393 1013 323 1025 361 1000 384 989 401 982 311 1018 349 990 373 983 390 978 307 1016 336 987 357 980 375 977 309 1017 327 993 344 984 358 979 
555 1008 515 1025 477 1019 447 1008 425 1005 475 970 433 965 425 979 426 990 483 947 439 946 432 966 435 979 493 936 450 931 441 948 443 962 502 934 473 922 459 929 454 937 325 1107 348 1090 360 1058 371 1031 387 1016 319 1029 357 1003 380 991 398 984 307 1021 344 992 369 983 387 978 304 1020 332 990 354 982 372 978 307 1021 325 996 341 987 356 981 
556 1006 517 1024 481 1018 450 1008 429 1003 477 968 436 964 427 978 427 990 486 946 441 945 433 965 435 978 496 936 453 930 444 948 445 962 504 934 475 922 461 929 457 938 323 1110 347 1092 358 1060 368 1034 382 1021 317 1030 355 1005 378 994 396 987 305 1023 342 994 368 986 386 981 302 1023 329 992 352 983 370 979 304 1024 321 998 337 988 351 982 
557 1006 518 1023 482 1018 452 1009 432 1001 479 969 438 963 428 976 427 987 488 946 444 945 436 964 438 977 498 935 455 929 446 946 448 959 507 933 478 920 464 928 459 937 322 1113 346 1095 357 1063 367 1036 381 1023 316 1034 354 1008 377 996 394 988 303 1028 339 997 365 987 382 981 299 1027 325 995 347 985 365 980 301 1028 316 1002 331 991 345 985 
559 1006 520 1022 483 1017 451 1007 430 1000 482 968 440 963 430 976 429 987 490 946 446 944 437 963 439 976 500 935 458 929 448 945 449 959 508 933 478 921 465 930 461 939 320 1115 345 1097 356 1065 365 1039 380 1025 313 1035 352 1009 375 998 392 991 300 1028 338 998 363 988 380 981 296 1027 324 995 345 985 362 980 299 1028 315 1002 331 991 345 985 
559 1006 520 1023 484 1018 455 1008 434 1000 482 968 441 964 432 977 431 989 491 946 447 945 438 964 440 977 500 935 459 928 449 945 450 959 509 933 480 921 466 929 462 939 319 1118 343 1100 355 1068 365 1041 378 1027 312 1039 350 1012 373 1000 389 992 299 1033 334 1000 359 989 377 983 294 1031 317 997 339 986 356 981 295 1031 309 1004 324 993 338 987 
559 1006 521 1023 484 1018 455 1007 436 999 482 968 442 963 433 977 433 988 492 946 448 944 440 963 442 975 502 935 460 928 451 945 453 958 510 934 481 922 468 930 465 939 317 1120 341 1101 354 1069 365 1041 380 1027 311 1040 350 1013 373 1002 390 994 297 1033 335 999 360 988 378 982 293 1031 320 997 341 986 359 980 295 1032 310 1004 326 992 341 985 
560 1006 522 1023 486 1018 457 1008 439 1000 484 968 443 963 433 977 433 989 494 946 449 944 440 964 442 976 504 935 462 928 452 945 453 959 513 934 485 921 471 928 466 937 317 1121 340 1102 353 1070 363 1043 378 1028 309 1043 347 1016 371 1005 388 998 296 1035 331 1001 356 990 375 984 292 1033 315 998 337 987 355 982 294 1033 307 1005 323 994 338 988 
560 1007 521 1023 486 1017 458 1007 439 1000 484 968 444 962 435 976 434 988 494 945 450 944 442 964 444 976 505 935 463 928 453 944 454 958 514 933 487 920 472 925 466 934 314 1124 338 1104 350 1071 361 1044 376 1029 307 1043 344 1017 367 1006 385 999 295 1037 327 1002 352 991 370 985 291 1036 312 1001 333 989 352 984 294 1037 305 1009 321 997 335 990 
560 1006 522 1022 486 1016 457 1007 438 998 483 967 443 962 434 975 432 986 494 945 450 943 442 962 444 975 504 934 463 927 453 943 453 957 513 933 487 919 472 924 466 933 312 1124 335 1106 346 1073 356 1044 370 1029 303 1044 341 1017 365 1004 382 996 293 1037 326 1002 351 991 370 985 291 1036 312 1001 333 989 351 983 294 1037 305 1008 319 996 333 989 
560 1007 521 1022 485 1016 456 1006 436 997 483 968 442 962 432 974 430 985 494 945 450 943 441 962 443 975 505 935 464 927 453 942 453 956 514 934 488 919 472 924 466 932 311 1124 333 1106 343 1074 354 1045 368 1029 300 1045 337 1018 361 1006 378 998 290 1038 321 1003 347 991 366 986 288 1038 307 1003 328 990 346 984 291 1039 301 1011 315 998 330 990 
560 1006 522 1022 486 1016 457 1006 437 998 482 967 442 962 431 975 429 986 493 945 450 943 440 962 442 975 504 935 463 926 452 942 452 956 514 934 486 919 471 924 464 933 309 1125 331 1107 341 1075 352 1046 367 1030 298 1047 334 1019 357 1007 375 1000 287 1041 317 1005 342 992 362 985 285 1041 304 1006 324 993 343 985 288 1043 296 1014 309 1001 323 993 
559 1006 521 1021 485 1015 456 1005 436 998 482 966 441 961 431 974 429 985 493 944 449 943 440 962 442 975 504 933 462 925 452 941 453 955 513 932 486 918 471 924 464 932 307 1124 328 1107 339 1075 349 1046 364 1030 294 1047 332 1019 356 1006 374 999 285 1042 314 1005 340 992 361 986 283 1042 301 1006 323 994 341 987 286 1044 295 1015 309 1001 323 992 
560 1004 522 1020 485 1014 456 1003 436 995 483 965 442 960 431 972 429 984 493 943 449 942 440 961 442 974 504 933 462 925 452 941 453 954 513 932 486 918 472 924 465 933 306 1125 327 1108 337 1076 347 1048 362 1032 294 1048 330 1020 353 1007 371 999 285 1043 312 1006 338 993 359 986 283 1044 300 1008 321 995 341 988 286 1046 293 1017 306 1002 321 993 
561 1004 522 1019 486 1012 456 1001 436 993 483 964 442 959 432 972 429 983 494 942 449 940 440 961 441 974 505 932 463 923 453 939 454 953 515 931 489 916 474 921 468 930 304 1128 324 1109 334 1077 343 1049 357 1032 289 1049 325 1022 349 1010 368 1003 281 1045 308 1007 334 994 356 988 281 1047 297 1010 318 997 338 990 285 1050 293 1020 307 1006 321 996 
561 1002 523 1017 487 1011 457 1001 437 993 484 963 444 957 433 970 430 982 496 940 450 939 442 958 443 971 507 930 464 921 455 938 456 951 517 929 491 914 476 920 470 929 303 1129 322 1111 331 1079 342 1050 358 1033 287 1051 321 1024 345 1010 363 1001 280 1045 305 1008 330 995 352 988 281 1046 294 1009 316 996 335 989 286 1049 293 1020 308 1005 324 996 
562 999 524 1015 487 1008 459 998 438 990 486 960 444 955 433 967 429 978 496 938 451 936 441 955 440 968 507 928 465 920 455 936 454 949 517 927 491 914 476 921 471 930 301 1131 320 1112 330 1079 340 1050 355 1033 285 1051 321 1023 345 1010 363 1002 278 1047 302 1009 327 996 349 990 278 1049 293 1013 314 1001 333 995 283 1053 291 1024 305 1012 320 1003 
564 998 526 1014 489 1007 461 996 441 989 488 957 446 953 435 966 432 978 498 936 452 936 443 955 442 968 508 925 465 920 455 936 455 951 517 924 487 914 474 923 470 934 299 1133 319 1112 328 1080 338 1051 353 1033 283 1052 319 1026 342 1012 360 1003 278 1049 300 1010 325 996 346 989 278 1050 291 1013 311 1001 330 994 283 1054 289 1025 303 1012 318 1003 
566 997 527 1013 490 1006 460 993 439 985 489 956 447 953 436 965 434 977 499 934 454 936 446 956 447 968 509 924 467 921 456 937 456 952 517 922 487 914 474 923 470 934 299 1134 317 1112 327 1079 337 1051 353 1032 282 1053 315 1026 338 1011 356 1002 276 1049 297 1010 322 996 343 989 277 1051 289 1014 309 1002 328 996 282 1054 289 1026 303 1013 318 1005 
566 996 529 1011 492 1005 463 993 442 987 491 956 449 952 437 964 434 975 501 934 455 934 446 953 446 966 510 924 468 919 458 935 458 949 519 922 489 913 476 922 472 933 297 1135 315 1114 326 1081 336 1052 351 1034 281 1054 315 1026 338 1011 356 1001 276 1051 296 1011 319 996 340 989 277 1053 288 1016 307 1004 326 997 283 1056 288 1028 300 1015 314 1005 
568 996 531 1011 494 1004 464 992 443 985 493 955 450 951 440 964 437 977 502 933 457 934 448 954 448 968 512 923 469 918 460 935 460 950 520 921 491 912 479 922 475 932 298 1135 315 1114 325 1080 336 1051 351 1032 280 1054 314 1026 336 1011 354 1002 276 1051 295 1011 318 996 339 989 278 1053 288 1016 306 1004 325 997 283 1056 289 1029 302 1016 316 1008 
570 994 532 1010 497 1004 469 992 448 983 494 955 452 949 441 963 439 975 503 933 459 932 449 952 449 966 513 923 472 918 463 935 464 949 522 921 494 912 482 920 479 931 296 1137 314 1115 324 1082 333 1053 349 1034 280 1053 313 1027 335 1012 353 1004 276 1050 296 1012 319 997 338 990 277 1053 288 1016 305 1004 323 997 282 1057 286 1028 298 1014 310 1004 
571 993 534 1009 499 1002 471 989 451 981 496 953 456 948 444 961 440 973 506 932 462 931 451 950 451 964 516 921 475 916 465 932 465 947 525 920 498 909 485 918 480 928 297 1137 314 1115 322 1081 332 1053 347 1034 278 1054 311 1028 333 1014 351 1006 275 1051 296 1012 319 998 338 991 277 1053 289 1016 308 1003 327 996 283 1057 288 1027 301 1013 314 1003 
574 992 536 1006 500 999 472 987 452 979 499 950 458 945 447 958 443 970 509 929 465 928 455 947 454 961 520 919 479 913 469 929 469 944 529 919 502 908 489 916 484 926 295 1139 313 1115 322 1081 332 1053 348 1033 277 1055 310 1027 332 1013 349 1005 274 1054 293 1014 315 999 334 993 275 1058 286 1020 303 1008 321 1001 281 1062 286 1033 298 1019 310 1009 
576 990 538 1004 503 996 474 984 454 976 502 948 462 943 450 956 446 968 513 927 469 925 458 945 457 959 524 917 484 910 473 926 472 940 534 917 509 905 496 912 491 922 293 1139 310 1116 319 1083 330 1054 346 1034 274 1056 306 1029 329 1014 347 1005 272 1053 291 1014 314 999 334 993 275 1055 286 1017 306 1005 324 997 281 1058 287 1029 299 1015 312 1006 
578 988 540 1001 505 992 477 980 458 972 506 944 466 940 454 952 449 964 516 923 473 922 461 940 458 955 527 913 487 907 476 923 475 938 536 913 510 902 497 908 492 917 292 1140 309 1116 317 1082 327 1054 343 1034 272 1059 304 1031 327 1015 344 1006 269 1055 288 1016 312 1002 331 995 271 1056 283 1019 302 1007 319 1000 277 1059 283 1030 295 1016 307 1006 
584 985 545 998 509 990 482 977 462 968 509 941 470 936 458 948 453 960 521 920 477 918 465 937 462 952 531 911 492 905 481 921 478 936 541 911 516 899 503 906 497 915 291 1142 305 1117 314 1083 325 1055 341 1036 269 1059 301 1031 323 1015 341 1007 268 1056 287 1016 310 1002 330 995 274 1057 287 1020 306 1008 324 1001 283 1061 293 1034 307 1022 320 1015 
586 983 549 996 513 987 485 975 466 967 514 939 475 934 462 946 457 957 524 919 481 916 469 934 465 948 534 909 495 903 484 918 481 933 543 909 518 897 505 903 499 913 291 1144 305 1117 313 1084 324 1055 340 1036 267 1061 299 1032 322 1018 340 1010 267 1058 286 1018 308 1003 328 996 272 1060 284 1023 303 1010 321 1002 280 1064 289 1037 302 1024 314 1015 
589 980 551 994 517 985 489 972 470 964 518 938 479 931 466 942 461 954 528 917 485 913 473 931 470 945 538 908 499 901 488 916 486 931 546 906 521 894 508 901 503 911 290 1145 304 1118 312 1084 324 1055 339 1035 266 1061 297 1033 319 1018 336 1009 266 1059 284 1018 306 1004 325 997 270 1060 282 1022 301 1009 318 1002 278 1065 287 1037 300 1024 313 1015 
592 979 554 991 521 983 494 970 475 962 521 936 484 929 472 941 467 953 532 916 490 912 478 931 476 944 542 907 503 899 492 914 490 929 551 906 525 892 511 898 506 908 289 1146 303 1119 312 1085 321 1057 337 1037 266 1062 298 1034 319 1017 338 1008 265 1059 282 1018 304 1004 324 999 270 1060 280 1022 300 1010 318 1003 278 1064 286 1036 300 1023 313 1015 
597 977 559 990 525 980 498 967 479 959 527 934 489 927 477 939 472 951 537 914 495 910 483 928 480 942 547 904 507 897 495 912 493 925 555 903 527 891 513 898 507 908 288 1147 302 1119 310 1086 320 1058 335 1037 264 1062 296 1035 317 1019 335 1009 265 1060 282 1020 304 1006 323 999 271 1062 283 1024 302 1012 320 1004 280 1066 291 1039 305 1026 319 1017 
603 976 565 987 530 977 503 964 483 957 531 931 493 924 482 936 478 948 542 911 500 908 489 925 486 938 553 902 514 896 502 909 500 922 562 901 535 889 521 894 515 902 288 1147 301 1121 309 1087 320 1059 335 1039 263 1065 294 1037 316 1020 335 1011 263 1062 280 1021 303 1006 323 998 269 1063 282 1025 302 1012 321 1004 278 1067 290 1041 306 1029 320 1021 
608 975 570 984 535 972 508 958 488 951 539 928 500 921 489 931 485 942 550 909 507 904 495 920 492 933 560 899 520 891 508 905 505 918 567 898 541 885 526 890 520 898 285 1148 299 1121 307 1087 316 1060 332 1041 260 1065 293 1036 315 1021 333 1012 260 1061 279 1021 301 1007 322 1001 264 1062 278 1024 298 1012 317 1006 273 1066 283 1039 298 1026 312 1018 
612 971 574 979 540 967 515 953 495 945 545 923 507 916 495 927 490 937 556 903 515 898 502 913 498 926 567 895 530 883 516 896 512 908 575 895 550 882 535 887 527 895 282 1148 297 1121 305 1086 315 1058 331 1039 258 1064 291 1035 312 1019 330 1010 256 1061 275 1023 296 1009 315 1003 261 1064 273 1028 292 1017 309 1011 269 1068 278 1043 292 1032 304 1025 
615 967 578 973 545 960 518 945 499 938 550 916 512 910 498 919 491 928 561 898 519 891 507 907 503 919 571 890 533 880 520 893 516 906 579 890 554 877 539 881 532 890 279 1149 292 1121 299 1087 311 1059 327 1039 254 1063 285 1034 306 1020 324 1012 255 1063 272 1025 293 1011 313 1005 261 1067 275 1032 294 1020 312 1015 271 1072 282 1050 297 1039 311 1033 
619 960 581 967 548 955 522 939 503 931 555 912 518 905 503 913 494 921 567 893 524 887 509 901 502 914 576 884 538 875 522 887 514 900 583 884 557 872 542 876 533 884 278 1145 289 1121 296 1088 306 1059 321 1040 249 1064 280 1034 302 1019 321 1011 249 1060 264 1020 287 1008 308 1005 255 1060 266 1025 286 1015 305 1012 264 1063 274 1040 289 1030 304 1026 
620 956 583 964 550 949 524 933 504 927 557 905 518 898 504 908 496 918 569 887 527 882 513 898 507 911 579 880 541 871 526 885 521 899 586 880 561 869 547 874 539 882 273 1139 284 1114 291 1081 303 1053 318 1034 246 1058 275 1027 298 1014 317 1008 246 1054 258 1014 280 1005 301 1005 253 1055 265 1021 286 1013 304 1012 265 1058 275 1036 291 1028 306 1026 
619 952 582 961 549 946 523 929 503 924 558 902 519 892 504 903 496 914 570 884 527 877 513 894 508 908 580 876 541 866 528 880 524 894 587 876 560 863 545 869 538 878 269 1132 282 1109 289 1077 299 1050 314 1033 240 1053 270 1019 295 1008 313 1007 238 1048 251 1005 274 996 295 999 243 1048 252 1012 272 1003 289 1004 252 1049 258 1023 272 1014 284 1011 
619 944 582 955 549 941 525 924 506 918 557 895 516 886 502 898 496 910 569 877 525 871 511 890 507 904 578 869 537 861 525 877 522 891 585 868 557 857 544 864 539 874 266 1126 278 1102 282 1068 293 1039 307 1021 235 1045 259 1008 283 997 301 998 235 1042 245 999 267 989 287 992 242 1044 251 1009 269 1000 285 999 254 1047 262 1021 275 1013 286 1010 
618 936 580 947 547 934 523 915 503 909 555 887 514 879 500 891 495 903 566 869 522 864 508 882 505 896 576 860 534 851 523 867 521 881 581 859 550 848 538 857 536 867 258 1114 275 1091 279 1057 289 1029 303 1013 230 1034 256 994 281 987 298 991 223 1033 234 986 257 977 276 980 225 1035 232 998 251 990 267 991 233 1038 236 1011 248 1003 260 1003 
617 928 580 938 547 924 522 905 503 898 554 881 514 869 499 880 492 892 564 862 522 854 508 870 504 883 573 854 535 842 522 856 520 870 579 854 551 839 537 846 532 855 250 1100 267 1077 271 1044 281 1016 294 1000 225 1022 245 982 271 976 288 980 219 1019 231 974 256 969 275 976 223 1019 230 983 249 976 265 979 230 1021 234 993 247 986 258 987 
613 918 576 928 543 912 519 892 500 884 555 868 513 858 496 869 488 881 566 850 521 842 505 859 498 874 574 842 533 829 519 844 515 859 579 843 548 829 533 837 526 846 244 1087 259 1064 264 1033 274 1005 288 987 218 1007 237 972 261 966 278 971 214 1005 220 965 240 956 259 961 220 1006 225 974 241 966 257 967 231 1009 237 985 248 979 260 979 
609 910 571 917 539 900 515 880 497 872 553 855 513 844 497 855 489 867 565 836 521 829 505 845 498 859 574 828 533 818 519 832 513 846 579 828 550 817 535 824 527 833 240 1073 251 1048 254 1016 269 988 286 971 207 993 218 955 242 944 261 947 207 993 205 950 226 937 246 938 219 998 223 965 240 952 256 950 237 1004 249 983 262 976 275 975 
606 899 569 906 537 889 513 868 493 858 551 844 513 832 494 840 484 851 564 826 521 816 503 830 494 843 574 818 534 805 518 817 511 831 579 818 548 806 532 812 524 820 229 1060 249 1037 254 1002 263 974 277 958 205 980 221 941 245 935 261 940 197 980 198 934 221 924 241 929 197 984 199 948 217 939 234 939 204 987 204 961 216 954 228 955 
603 889 565 896 533 877 510 856 491 848 549 831 509 817 491 829 483 841 563 816 520 804 501 819 494 834 574 810 534 795 518 809 512 824 579 812 549 798 532 804 523 813 223 1047 241 1023 246 988 255 961 269 944 196 963 219 929 239 922 254 924 186 964 190 919 211 909 230 911 185 967 184 932 201 923 217 924 191 970 188 943 198 935 209 933 
599 879 562 885 530 866 507 844 486 836 548 821 508 807 489 816 478 827 562 805 518 793 498 807 489 822 571 798 530 782 514 796 507 810 575 799 543 784 527 789 518 798 218 1035 238 1009 243 972 251 944 264 928 191 946 216 913 237 909 252 912 179 949 186 907 207 895 226 896 177 956 178 921 194 910 210 909 181 961 179 936 187 926 198 922 
595 869 557 873 526 853 503 831 483 824 544 806 506 793 486 804 476 816 559 791 517 779 498 794 489 808 569 787 531 774 515 786 507 800 573 790 544 778 528 783 518 792 213 1021 234 996 239 960 248 932 263 913 187 934 212 899 236 895 252 900 174 937 182 895 203 884 222 888 170 945 171 910 188 900 203 899 174 951 169 925 176 915 186 911 
590 859 551 862 520 840 498 819 478 814 542 794 502 784 482 795 471 806 557 779 514 769 494 785 483 799 567 775 528 763 511 776 502 790 570 779 540 767 524 773 514 781 210 1009 233 983 237 948 246 919 261 901 186 922 211 887 233 882 249 885 171 926 178 881 200 871 219 875 167 934 168 899 185 890 200 890 170 942 167 916 175 908 186 905 
586 850 547 852 517 830 496 809 475 804 536 783 497 774 477 785 465 798 552 771 509 762 488 778 476 792 563 769 525 756 507 769 497 784 569 773 539 761 522 765 511 772 209 997 232 970 236 934 245 905 260 887 184 910 209 875 231 869 247 871 169 914 176 869 199 859 219 863 165 922 166 886 184 876 199 876 169 929 165 903 175 893 186 889 
581 844 542 845 512 821 491 801 471 796 532 777 496 766 478 776 469 786 548 765 509 755 489 768 479 781 560 764 525 749 508 760 498 773 566 769 540 753 523 756 512 762 209 986 232 958 236 923 244 894 260 876 184 898 208 865 230 860 246 862 169 904 176 859 198 849 218 852 165 912 166 878 183 867 198 866 168 921 164 896 174 885 185 881 
576 837 538 838 509 815 489 794 469 789 529 770 493 759 475 768 465 779 545 758 505 748 486 761 475 774 555 756 519 743 501 754 492 767 560 759 532 745 516 748 505 755 209 975 231 948 235 913 243 885 260 867 185 888 213 857 236 854 251 858 170 891 181 849 203 840 223 843 166 899 168 864 184 854 200 853 169 906 166 881 174 871 185 868 
571 832 532 832 504 807 485 787 466 782 526 762 489 754 469 764 455 773 543 752 501 743 480 757 466 769 553 752 517 739 498 750 487 762 558 757 530 743 513 746 501 752 211 967 233 936 238 901 246 875 261 859 188 880 214 849 235 846 250 850 173 883 186 842 208 836 226 842 169 890 174 855 191 848 206 850 172 897 170 872 180 863 191 861 
566 827 527 825 500 800 481 780 463 776 522 756 485 749 465 758 451 767 539 747 498 739 476 752 461 765 549 747 514 736 495 746 484 758 554 752 528 740 511 743 500 749 214 958 234 926 240 893 249 867 264 851 191 873 216 841 237 837 251 841 177 877 189 837 209 832 226 838 173 884 179 851 195 844 209 846 177 891 176 868 186 860 196 857 
559 822 520 821 494 796 476 775 460 770 516 753 480 746 461 755 449 764 533 744 493 736 472 749 459 761 543 744 508 733 491 744 480 755 548 749 522 738 506 740 495 747 218 949 239 919 243 887 251 862 266 848 197 867 219 837 239 834 252 837 182 871 193 833 213 828 229 834 177 878 181 848 197 841 210 841 180 885 179 864 188 855 198 852 
554 818 517 820 489 797 472 777 456 771 505 757 474 748 457 757 448 765 520 745 486 736 467 747 457 758 530 742 499 731 483 740 474 749 536 744 513 731 499 733 489 738 221 944 243 916 249 885 257 861 273 847 204 862 224 832 244 830 258 835 188 866 201 831 221 827 236 832 182 875 187 847 203 841 217 843 182 885 183 864 193 857 204 855 
548 819 511 820 484 798 467 779 452 771 500 760 469 750 453 755 442 760 515 748 482 738 466 748 456 757 526 744 496 732 482 740 474 750 531 746 510 733 497 735 488 741 223 940 246 914 252 882 258 858 272 845 208 859 227 831 246 828 260 831 192 864 206 830 226 826 240 830 185 874 192 846 209 840 222 841 185 885 187 864 198 856 208 854 
546 818 508 819 481 797 464 778 448 773 494 755 464 750 449 756 439 762 510 744 478 738 463 750 453 760 522 742 494 731 480 741 473 752 529 746 508 735 495 737 487 744 222 939 246 912 253 881 259 858 270 845 209 857 228 829 246 827 260 830 193 864 206 830 225 826 240 831 186 874 192 846 208 839 221 839 187 885 188 865 198 856 208 853 
544 816 506 818 480 797 464 778 448 772 489 755 462 748 448 754 440 759 506 744 476 737 461 748 453 756 519 742 492 730 479 739 472 748 528 745 509 733 496 735 488 741 217 935 245 910 252 880 260 859 273 849 209 850 229 824 248 824 261 830 192 858 204 828 222 824 235 828 184 871 190 846 204 840 217 841 183 883 183 865 192 857 202 854 
546 813 507 815 479 795 461 778 445 771 486 750 460 744 447 751 438 758 503 739 472 734 458 745 450 756 516 737 489 728 475 737 467 747 526 741 505 731 491 732 482 738 198 930 232 911 246 882 258 864 271 858 205 847 217 815 231 808 243 807 186 852 197 818 214 811 226 813 177 862 183 834 198 825 210 823 174 874 180 853 189 843 197 840 
547 802 508 809 478 788 459 769 441 765 486 743 459 729 445 729 435 730 504 731 475 717 460 724 451 730 517 729 492 715 477 719 468 725 526 731 505 720 490 720 481 724 182 925 214 907 229 876 242 858 258 846 186 845 200 815 216 798 230 787 175 844 193 812 213 797 231 788 174 846 192 811 211 796 228 787 180 848 194 818 208 803 221 794 
554 792 514 800 481 778 461 758 446 748 495 729 463 710 445 707 432 705 513 718 480 699 460 702 447 707 526 717 498 699 479 701 468 706 533 720 510 705 493 703 483 707 152 915 188 894 206 862 222 843 236 831 166 830 170 798 181 777 192 765 157 832 164 798 178 778 193 764 155 833 163 799 175 779 188 765 156 836 164 803 173 785 182 772 
561 781 514 785 482 759 461 738 441 722 507 709 471 687 447 678 428 673 527 700 490 676 462 672 442 673 538 700 506 678 480 676 461 679 542 703 517 685 495 680 480 681 -1 -1 -1 -1 -1 -1 -1 -1 -1 -1 -1 -1 -1 -1 -1 -1 -1 -1 -1 -1 -1 -1 -1 -1 -1 -1 -1 -1 -1 -1 -1 -1 -1 -1 -1 -1 -1 -1 -1 -1 -1 -1 
582 772 532 778 494 746 468 719 442 699 526 689 486 656 458 642 436 634 545 678 506 648 475 638 452 636 556 678 521 654 491 647 469 647 559 680 530 661 506 655 487 653 -1 -1 -1 -1 -1 -1 -1 -1 -1 -1 -1 -1 -1 -1 -1 -1 -1 -1 -1 -1 -1 -1 -1 -1 -1 -1 -1 -1 -1 -1 -1 -1 -1 -1 -1 -1 -1 -1 -1 -1 -1 -1 
