-1 -1 -1 -1 -1 -1 -1 -1 -1 -1 -1 -1 -1 -1 -1 -1 -1 -1 -1 -1 -1 -1 -1 -1 -1 -1 -1 -1 -1 -1 -1 -1 -1 -1 -1 -1 -1 -1 -1 -1 -1 -1 -1 -1 -1 -1 -1 -1 -1 -1 -1 -1 -1 -1 -1 -1 -1 -1 -1 -1 -1 -1 -1 -1 -1 -1 -1 -1 -1 -1 -1 -1 -1 -1 -1 -1 -1 -1 -1 -1 -1 -1 -1 -1 
-1 -1 -1 -1 -1 -1 -1 -1 -1 -1 -1 -1 -1 -1 -1 -1 -1 -1 -1 -1 -1 -1 -1 -1 -1 -1 -1 -1 -1 -1 -1 -1 -1 -1 -1 -1 -1 -1 -1 -1 -1 -1 686 1009 711 1012 746 1011 772 1009 791 1004 759 987 781 968 790 960 799 953 754 988 779 973 794 967 804 960 750 992 772 983 788 977 800 973 744 998 762 989 774 983 783 977 
-1 -1 -1 -1 -1 -1 -1 -1 -1 -1 -1 -1 -1 -1 -1 -1 -1 -1 -1 -1 -1 -1 -1 -1 -1 -1 -1 -1 -1 -1 -1 -1 -1 -1 -1 -1 -1 -1 -1 -1 -1 -1 675 1008 715 1020 748 1015 771 1011 792 1006 745 980 768 966 781 959 790 955 733 976 755 967 769 966 779 967 723 977 741 974 755 975 764 978 715 983 731 982 743 984 751 988 
-1 -1 -1 -1 -1 -1 -1 -1 -1 -1 -1 -1 -1 -1 -1 -1 -1 -1 -1 -1 -1 -1 -1 -1 -1 -1 -1 -1 -1 -1 -1 -1 -1 -1 -1 -1 -1 -1 -1 -1 -1 -1 678 1012 722 1017 756 1013 778 1010 798 1002 752 982 771 971 782 965 790 960 739 982 758 978 772 977 781 977 729 986 746 988 759 989 769 991 721 994 735 997 746 999 753 1002 
690 1009 727 1016 758 1013 780 1011 798 1006 757 981 779 970 792 966 801 963 747 980 769 973 783 972 794 973 740 983 758 982 772 981 784 983 733 990 750 989 761 990 770 992 813 1099 801 1082 792 1059 783 1042 776 1029 816 1026 812 1001 806 987 800 976 828 1028 827 1002 820 988 812 977 838 1035 841 1010 837 995 831 982 845 1046 855 1032 860 1023 863 1014 
849 1099 816 1086 800 1060 791 1040 781 1028 820 1026 814 998 809 983 805 970 837 1027 831 999 824 984 817 974 849 1034 847 1008 841 994 836 983 856 1044 861 1029 863 1019 864 1010 696 1009 734 1014 764 1011 786 1009 804 1003 762 979 782 968 794 963 802 960 752 980 771 973 784 972 794 972 744 985 761 983 774 982 784 984 738 993 753 992 764 992 771 993 
856 1094 821 1083 805 1058 795 1036 786 1022 827 1024 817 995 812 980 806 969 845 1023 839 994 831 980 825 970 857 1029 854 1004 847 990 842 980 864 1037 868 1021 870 1009 870 1000 699 1007 736 1008 765 1005 786 1004 803 997 764 981 784 968 795 963 802 959 756 984 775 976 787 971 795 967 748 989 765 986 777 982 786 980 742 996 757 993 767 991 774 990 
853 1087 820 1077 804 1052 797 1030 788 1017 825 1017 816 988 810 972 806 959 844 1016 837 988 829 974 822 965 856 1023 854 997 849 983 844 974 863 1032 868 1016 870 1004 870 995 698 1005 734 1006 764 1002 785 1000 804 995 761 974 780 962 792 958 800 955 754 979 773 972 786 970 795 968 747 987 765 986 778 986 787 987 742 997 756 996 766 997 773 998 
850 1082 816 1071 801 1048 794 1027 787 1012 822 1012 813 985 808 971 804 961 841 1012 834 983 827 970 822 962 854 1018 851 992 847 978 843 969 861 1027 868 1014 871 1002 874 993 697 1001 735 1004 765 999 785 997 802 993 760 968 779 957 790 953 799 951 751 971 770 964 782 963 792 964 744 979 760 978 774 979 784 982 738 988 752 989 762 991 769 993 
844 1077 811 1066 796 1043 789 1023 784 1009 818 1008 811 980 805 967 800 958 837 1007 830 978 823 965 817 958 850 1013 848 986 844 972 839 963 858 1023 865 1009 869 998 872 989 697 1000 735 1003 765 997 786 995 805 989 761 967 779 955 790 951 797 949 753 971 771 965 784 966 794 967 745 978 761 979 775 980 785 983 738 988 752 989 762 990 769 993 
839 1075 807 1064 792 1041 786 1022 782 1008 814 1003 809 978 804 966 799 958 832 1004 828 978 820 965 813 957 846 1011 844 986 839 973 834 964 855 1021 862 1007 866 996 869 987 696 1000 735 1003 766 997 787 994 806 987 759 967 777 955 788 952 796 949 750 970 767 965 780 965 789 966 741 976 757 976 769 976 780 979 735 985 748 985 758 987 764 989 
837 1074 805 1063 790 1038 783 1018 778 1004 812 1002 808 977 803 966 798 957 831 1003 826 978 818 965 812 957 845 1011 843 986 837 973 831 963 853 1021 860 1006 864 995 867 986 698 999 736 1003 767 997 787 993 806 986 760 967 779 955 790 952 797 951 751 970 768 963 780 964 789 965 742 975 758 974 770 974 780 977 736 983 750 983 760 985 766 987 
837 1073 804 1062 789 1037 783 1018 777 1004 811 1000 808 975 804 963 798 955 830 1001 826 976 818 963 812 956 844 1009 842 984 837 970 831 962 853 1019 859 1004 863 994 865 985 700 999 737 1003 767 996 786 992 803 983 761 967 779 955 790 952 797 950 752 969 770 965 781 966 790 968 744 974 759 974 772 975 781 977 738 982 751 982 761 984 767 987 
836 1070 803 1059 788 1034 782 1014 777 1000 810 998 807 974 803 962 797 953 830 999 826 973 819 960 812 952 844 1007 842 982 837 969 831 960 852 1017 859 1003 863 992 866 983 701 998 738 1000 767 994 786 989 802 981 763 965 779 953 789 950 796 948 754 968 771 964 782 965 791 967 746 974 761 973 773 975 783 978 740 982 753 981 763 983 770 986 
836 1068 803 1057 788 1033 782 1014 777 1000 809 997 807 972 803 959 798 951 829 998 826 971 818 958 811 951 843 1005 842 980 836 966 831 957 852 1016 859 1001 863 990 865 981 700 997 738 997 768 990 786 986 802 979 762 963 778 951 787 948 794 947 753 968 771 964 782 966 791 967 745 976 760 976 772 976 783 978 739 985 752 985 761 985 768 987 
835 1067 803 1056 788 1031 781 1012 777 997 810 995 807 970 802 958 797 950 830 996 826 970 819 957 812 950 844 1003 842 978 836 965 831 956 852 1013 860 998 864 987 866 978 703 995 738 994 767 987 785 983 801 978 762 960 778 948 788 945 795 944 755 967 773 964 784 965 794 967 748 975 763 976 775 978 786 980 742 985 755 985 764 986 770 989 
835 1068 803 1055 788 1029 781 1009 777 994 812 994 808 969 804 957 799 949 831 995 827 969 820 956 813 949 845 1003 843 978 837 965 831 956 854 1013 860 997 864 986 865 977 704 994 739 990 766 983 785 982 801 978 762 958 778 947 787 944 794 943 757 966 773 961 784 962 793 963 751 976 765 976 777 977 787 980 746 987 759 986 767 987 773 988 
835 1068 804 1054 791 1029 786 1009 782 995 816 994 814 970 809 958 803 950 835 996 832 970 824 957 817 949 848 1003 848 978 843 965 838 956 856 1012 863 996 865 984 865 975 706 992 740 986 768 980 786 981 802 978 762 956 777 946 787 944 794 943 756 966 774 963 785 965 794 968 751 976 766 976 778 978 789 981 746 987 760 986 767 987 773 989 
837 1066 807 1053 795 1028 792 1007 790 993 822 994 819 969 815 958 810 950 841 996 840 969 833 957 827 950 855 1002 856 978 851 965 846 957 861 1010 867 992 866 981 863 973 708 993 743 983 770 976 789 978 804 976 763 954 778 944 788 942 795 941 756 964 772 961 784 962 792 965 749 976 764 976 777 976 787 979 744 987 756 986 762 987 766 989 
841 1067 811 1051 802 1022 804 998 805 982 833 997 828 969 821 956 814 947 853 998 854 970 849 956 843 947 864 1004 870 978 867 963 862 952 869 1010 877 990 878 978 878 968 714 990 749 979 775 971 793 971 809 970 767 950 783 942 794 940 801 939 761 961 779 961 790 963 797 968 755 973 770 977 778 982 783 987 750 985 761 989 762 992 761 996 
850 1065 819 1048 811 1019 814 994 817 978 845 997 845 966 844 948 842 935 866 999 871 967 869 948 865 934 879 1002 885 974 883 955 881 941 883 1006 890 983 890 967 888 954 720 990 751 975 777 965 794 966 808 968 771 945 786 936 797 934 805 934 766 957 785 955 797 958 806 962 762 970 778 971 787 975 795 979 759 982 771 983 773 986 774 990 
855 1065 829 1044 825 1014 830 992 834 979 863 995 869 965 871 948 873 936 881 1001 895 972 901 955 904 940 892 1009 908 987 915 971 921 958 894 1019 912 1008 924 1000 933 993 725 987 756 974 782 962 800 961 814 962 774 941 790 933 801 931 808 931 770 952 790 951 801 954 808 959 766 966 784 970 789 975 793 981 763 978 776 983 776 988 774 992 
867 1062 843 1038 843 1009 849 988 852 973 881 987 894 961 901 947 908 937 900 996 918 973 927 959 933 948 911 1008 930 989 939 976 946 965 913 1020 932 1012 943 1006 952 1002 729 985 761 971 786 959 803 957 816 957 777 937 794 931 805 930 812 929 773 951 794 953 799 959 798 963 769 965 788 975 787 980 783 983 766 978 777 987 772 991 765 992 
874 1059 854 1034 855 1008 860 989 862 974 897 985 914 960 924 947 933 936 914 996 935 974 947 960 956 949 922 1009 944 993 954 981 962 971 922 1022 940 1015 950 1008 958 1002 733 983 764 967 790 956 808 954 821 954 780 935 797 929 808 928 815 927 776 949 795 949 798 953 795 955 771 964 788 971 784 974 779 975 768 976 778 984 772 985 766 985 
883 1061 864 1033 866 1005 871 987 875 973 907 987 923 962 929 947 932 935 924 1000 947 981 956 967 961 956 931 1013 952 996 961 983 966 972 931 1023 949 1011 957 1003 962 995 737 980 767 964 793 953 812 952 825 951 784 934 800 927 812 927 820 928 780 947 800 946 806 949 808 953 777 961 794 965 795 968 795 971 774 973 783 978 781 980 777 982 
889 1059 871 1030 873 1001 877 983 880 971 916 985 933 962 940 948 943 936 930 999 952 979 960 965 964 954 936 1012 955 995 962 981 966 970 935 1023 950 1012 957 1003 961 995 741 977 771 962 797 952 815 952 827 953 790 932 806 927 817 928 823 931 785 945 804 946 811 952 814 958 780 958 796 962 801 966 805 969 776 970 786 973 786 976 784 979 
893 1060 876 1031 877 1002 880 983 883 970 921 989 936 962 942 946 946 934 935 1001 955 978 962 963 965 952 940 1013 958 993 963 979 965 967 940 1022 955 1007 960 996 962 986 743 977 775 962 800 952 817 952 828 952 795 933 809 927 819 928 824 928 788 945 804 945 810 949 813 951 781 960 795 963 797 965 798 966 775 971 783 975 780 975 777 975 
896 1059 878 1029 880 1001 882 981 886 968 922 990 938 961 944 945 947 932 937 1002 954 974 956 957 954 946 944 1014 960 990 961 973 958 962 944 1023 959 1004 961 990 959 981 743 975 777 961 802 953 819 953 830 952 795 931 811 926 821 927 826 929 789 943 806 943 814 948 817 952 783 956 798 960 802 963 805 965 779 967 789 969 789 972 787 974 
900 1060 882 1031 883 1001 886 980 889 966 927 987 940 958 943 940 944 926 942 998 951 966 951 947 949 933 947 1008 956 980 955 963 952 951 948 1015 957 994 958 979 955 969 743 973 779 961 804 952 820 953 832 953 797 929 813 924 822 926 827 928 791 939 807 937 817 940 824 943 785 952 800 951 811 951 821 953 781 964 794 961 799 962 803 964 
901 1061 884 1030 886 1001 887 981 890 967 930 986 940 956 941 940 940 927 944 998 951 968 944 953 936 946 948 1009 956 982 950 970 942 964 948 1018 958 998 956 986 949 980 746 972 780 959 806 950 823 952 836 952 799 928 811 921 819 922 823 921 793 939 806 936 815 936 820 936 787 951 799 949 809 948 816 948 783 963 793 960 797 959 799 960 
901 1062 884 1031 885 1002 886 981 888 968 929 990 940 958 941 941 941 928 942 1001 951 970 946 953 939 943 945 1012 955 986 950 972 944 964 944 1021 953 1002 951 989 946 981 748 968 778 956 803 948 821 950 833 949 795 920 811 916 820 921 822 925 790 931 808 930 815 937 818 943 785 943 799 942 807 946 812 950 781 954 793 951 797 952 800 955 
898 1063 881 1032 883 999 891 974 901 957 926 993 937 961 939 944 939 929 939 1002 947 971 935 959 923 956 942 1010 947 983 936 973 924 970 940 1015 942 996 934 986 923 981 747 964 775 957 798 947 817 946 828 947 791 912 816 917 816 932 807 940 786 922 811 928 810 939 802 946 782 935 803 940 803 948 796 951 778 946 794 949 793 955 787 958 
895 1065 876 1035 877 1002 885 977 894 961 919 996 928 964 930 946 930 932 932 1004 940 974 929 961 918 957 936 1012 942 985 931 974 921 971 935 1017 938 997 932 986 923 981 734 962 766 956 790 945 809 943 822 942 777 912 796 906 809 910 815 917 768 919 787 917 800 923 808 932 762 929 779 930 793 933 803 939 759 941 773 940 782 942 789 947 
891 1071 870 1042 868 1008 873 982 881 967 909 1001 919 969 921 951 922 935 923 1008 929 978 915 969 903 968 928 1014 932 988 920 978 910 976 928 1018 930 998 922 987 914 983 727 963 759 956 783 943 802 940 817 937 767 910 787 901 799 903 807 908 758 916 776 909 790 912 801 919 751 926 768 923 782 923 793 928 748 937 762 934 772 934 779 938 
887 1078 863 1051 860 1014 861 987 871 974 900 1006 909 973 911 955 911 939 912 1012 920 983 918 965 914 952 916 1018 921 993 919 976 916 965 916 1021 919 999 918 984 916 974 722 962 755 954 778 940 796 935 810 930 763 908 783 897 797 901 807 909 752 912 773 906 788 912 800 920 745 922 765 922 780 926 790 934 742 933 759 934 769 938 777 945 
879 1081 857 1055 852 1022 851 996 858 982 894 1007 900 974 901 957 901 943 906 1014 909 984 906 966 901 954 910 1020 910 996 906 981 900 972 908 1024 907 1004 904 992 898 983 713 959 743 957 768 942 786 933 800 927 751 905 773 893 788 899 797 907 740 905 760 892 774 897 785 906 733 910 751 901 765 904 776 911 731 919 746 912 758 914 767 920 
873 1087 850 1061 844 1028 838 1002 841 987 886 1013 891 980 891 962 890 947 897 1019 900 987 897 968 892 955 901 1025 902 997 899 981 894 970 900 1030 901 1006 898 992 894 982 701 954 731 958 756 942 776 932 792 927 744 904 770 892 784 899 790 908 734 899 759 889 774 897 783 906 726 901 749 893 764 898 774 906 723 907 742 899 755 901 764 907 
872 1092 848 1067 838 1033 830 1007 830 990 882 1017 882 982 879 963 876 948 895 1022 888 990 879 972 871 960 898 1027 890 1000 882 986 874 975 897 1031 890 1009 883 995 876 986 693 955 723 958 748 941 770 930 787 926 734 898 766 891 780 900 787 910 724 892 754 885 768 896 776 907 717 894 743 887 757 895 766 905 714 900 736 893 748 898 757 905 
873 1094 847 1068 835 1034 824 1009 819 991 879 1015 875 981 870 965 865 950 893 1020 878 992 864 980 853 973 897 1026 880 1003 866 995 855 991 897 1031 883 1012 872 1005 862 1002 684 954 714 957 741 940 764 928 784 923 731 896 764 889 779 898 787 907 720 888 751 884 766 895 775 906 712 890 739 885 753 893 763 903 709 896 729 889 742 894 751 901 
874 1096 849 1070 835 1036 823 1010 817 990 880 1013 872 979 864 965 856 951 894 1018 875 992 858 981 844 976 899 1025 875 1007 859 1002 846 1000 898 1030 880 1015 866 1011 855 1010 676 953 708 956 735 939 758 925 779 919 726 894 760 888 776 897 785 906 715 886 747 883 763 892 773 903 707 886 733 882 748 889 759 899 702 892 723 884 736 888 746 894 
876 1097 850 1068 836 1032 825 1006 815 986 880 1009 870 976 860 962 851 950 896 1016 872 992 851 989 837 989 902 1026 875 1009 856 1008 842 1009 904 1034 883 1021 868 1018 855 1021 669 949 701 954 729 938 753 922 774 916 724 893 758 887 773 894 783 902 713 883 743 879 757 891 765 903 704 882 729 874 743 883 751 893 700 885 720 875 732 879 740 886 
878 1096 852 1065 840 1028 831 1001 820 979 883 1003 871 972 858 960 848 951 900 1011 873 993 853 993 842 995 907 1023 880 1010 863 1010 852 1011 910 1034 889 1021 876 1020 865 1024 664 942 696 953 725 940 750 922 772 914 722 893 759 885 773 893 781 903 711 880 744 876 757 889 764 902 702 877 730 869 743 879 751 890 697 879 719 870 732 875 740 883 
885 1094 857 1064 845 1023 837 993 828 970 888 999 873 966 859 956 849 948 907 1006 878 985 856 976 838 972 914 1017 884 1002 867 998 853 997 916 1027 894 1013 880 1010 867 1012 660 941 694 953 723 939 748 921 770 915 722 894 759 887 774 896 782 905 710 879 743 874 757 885 764 898 698 875 726 864 741 873 750 884 690 877 712 866 726 870 735 878 
888 1088 861 1062 849 1025 843 995 835 972 892 997 883 958 871 943 862 933 911 1001 889 970 868 962 851 961 918 1009 895 984 877 980 862 981 920 1017 902 997 887 991 873 992 660 938 694 951 722 939 747 922 768 916 723 895 759 889 773 897 779 906 710 878 743 869 758 879 763 891 697 872 724 859 739 866 746 876 686 873 705 858 719 861 726 867 
897 1079 865 1059 851 1026 843 995 835 970 896 993 887 943 881 918 876 899 918 993 909 947 894 927 880 916 927 999 918 962 904 948 891 941 928 1003 921 974 909 961 898 953 655 937 689 952 718 942 743 927 767 921 722 899 761 896 774 902 780 910 712 882 748 872 766 878 776 886 700 875 728 861 747 861 760 865 689 874 707 858 721 854 732 854 
900 1075 867 1054 852 1025 844 997 835 973 891 990 887 944 881 921 875 904 915 989 915 944 903 923 891 912 928 993 927 954 916 935 905 926 932 998 931 969 923 952 913 941 653 934 687 952 719 945 746 931 768 926 725 905 765 900 776 908 779 917 715 886 752 875 770 880 780 887 702 877 730 861 747 860 760 863 691 875 710 857 725 851 737 850 
905 1065 869 1051 851 1026 840 997 829 975 887 988 879 942 870 916 862 896 912 981 904 932 891 905 878 886 926 980 921 937 910 914 898 897 930 982 927 948 920 929 911 915 651 933 684 954 717 949 744 937 767 932 725 910 768 908 778 918 779 926 718 889 758 890 771 902 776 912 707 878 741 869 760 872 773 876 696 874 719 857 736 854 749 853 
907 1062 871 1045 851 1019 838 994 824 976 882 982 870 940 860 916 849 899 907 976 901 932 890 906 878 888 923 978 922 937 915 912 906 894 930 984 939 957 942 938 941 922 648 933 678 957 708 955 730 944 747 938 725 916 765 914 778 922 782 929 718 895 759 894 774 906 779 918 707 884 745 876 766 880 781 886 694 879 719 862 738 858 752 857 
911 1056 872 1044 850 1019 836 994 823 977 879 979 859 939 845 919 834 905 904 970 887 924 871 897 858 878 920 970 916 929 906 903 895 886 928 976 939 950 944 932 947 917 648 933 677 957 709 960 736 954 756 953 724 922 770 922 781 931 783 938 719 900 765 899 779 912 783 924 709 887 750 880 774 886 789 894 698 881 726 865 746 863 761 865 
913 1052 874 1039 850 1014 836 988 826 971 877 975 854 939 838 924 826 917 901 962 878 924 859 908 844 902 919 959 904 919 889 899 876 890 930 963 938 935 941 915 942 901 643 934 670 961 706 964 734 955 754 951 722 928 773 929 782 939 780 947 719 903 768 911 775 928 772 941 712 889 758 887 779 899 790 910 702 881 731 865 753 865 768 868 
917 1052 879 1038 855 1012 840 986 827 970 877 974 853 942 838 938 829 942 900 961 874 926 857 917 843 918 919 958 897 919 881 905 866 901 931 962 939 933 942 913 943 898 639 936 668 964 702 969 722 961 735 959 726 933 771 934 779 943 777 949 722 909 767 914 768 931 760 941 712 894 755 888 776 897 788 905 698 884 725 865 745 862 760 861 
918 1050 879 1039 856 1013 844 985 831 969 878 974 853 941 838 944 832 951 900 961 873 925 854 923 844 927 919 958 899 916 881 895 869 881 933 964 940 936 942 916 944 900 636 937 666 963 699 968 721 964 735 962 724 935 774 937 770 947 757 955 720 912 766 918 765 930 755 940 709 893 750 887 773 888 789 890 693 881 716 860 733 851 746 845 
923 1055 884 1042 860 1014 844 985 830 966 882 977 854 946 843 950 841 956 906 964 877 931 861 935 854 943 926 961 902 924 885 925 874 932 940 966 944 938 944 920 944 907 632 937 664 965 698 968 721 961 735 956 724 936 773 938 769 948 755 956 720 911 764 918 762 932 752 940 708 891 753 885 774 889 787 893 692 878 716 854 734 844 749 835 
928 1059 888 1046 865 1019 851 990 838 971 887 981 861 952 851 954 849 959 910 968 880 934 865 939 861 949 930 964 906 927 891 929 884 938 945 967 948 938 945 920 941 907 628 937 662 963 695 963 719 954 735 947 722 935 772 933 766 942 750 950 717 910 762 914 758 925 745 932 703 890 749 881 769 884 780 886 686 876 709 852 726 841 740 832 
930 1063 891 1050 867 1023 852 994 840 976 890 987 861 957 849 958 846 962 912 973 882 940 867 943 862 952 932 969 910 931 894 930 885 937 947 973 949 943 943 926 936 915 627 937 662 963 694 963 714 951 726 940 721 934 771 933 762 940 746 945 715 909 760 910 755 918 744 924 700 889 744 879 761 879 772 880 683 875 706 851 722 840 735 829 
932 1072 891 1057 867 1028 851 999 841 978 890 995 860 964 851 972 851 984 913 981 882 948 868 954 866 965 934 976 910 937 897 938 891 947 950 978 950 946 941 931 933 922 623 940 659 964 690 964 712 951 724 941 717 936 768 932 765 936 751 942 710 909 758 906 758 912 750 919 695 890 739 877 759 876 771 876 677 876 700 851 715 837 728 826 
932 1082 892 1066 867 1039 853 1009 843 989 889 1006 861 973 852 979 854 989 913 992 883 954 871 962 873 973 934 986 910 946 897 947 892 955 951 989 952 957 943 942 934 935 618 942 655 968 687 966 708 954 719 944 715 936 762 934 764 939 758 944 707 909 755 907 758 916 751 923 692 890 736 875 756 874 768 873 673 877 695 851 709 837 720 826 
930 1095 890 1078 865 1048 849 1015 836 994 888 1017 859 982 852 993 857 1006 913 1003 881 966 870 977 873 990 933 997 907 958 894 965 892 977 950 998 950 965 940 951 930 944 617 948 656 972 688 970 709 957 716 945 711 944 757 940 763 942 760 942 704 916 752 912 756 922 748 929 690 895 738 880 755 884 762 887 672 883 694 854 708 840 717 830 
928 1103 887 1085 862 1056 848 1025 835 1003 886 1026 856 990 846 995 847 1006 910 1012 878 976 867 983 867 994 931 1006 904 968 891 972 887 983 948 1007 946 973 934 958 924 952 616 954 655 976 687 975 706 961 717 951 711 948 757 945 770 941 774 939 702 921 746 910 756 913 760 918 687 902 725 883 745 879 758 879 668 888 686 859 699 842 711 828 
926 1108 886 1093 860 1064 845 1033 832 1011 882 1032 851 996 838 997 836 1004 905 1018 872 984 861 992 863 1002 926 1012 897 974 884 982 884 995 943 1011 939 975 924 961 912 958 616 960 654 982 685 980 704 967 715 958 708 953 754 948 757 946 753 946 700 927 743 914 755 913 758 916 685 907 723 889 743 884 756 883 667 892 684 862 696 845 706 831 
925 1113 883 1098 857 1070 842 1041 830 1022 875 1036 847 1005 833 1004 829 1008 898 1022 866 994 858 1005 863 1016 919 1016 889 983 880 994 883 1008 936 1016 931 982 918 968 907 963 614 966 651 987 682 986 702 972 715 963 706 961 750 955 751 952 743 952 698 935 739 921 753 917 758 917 683 914 720 896 739 888 750 885 665 900 682 870 693 852 702 838 
922 1117 878 1104 850 1075 834 1046 822 1025 868 1043 839 1013 828 1015 826 1018 891 1029 860 1003 855 1015 861 1025 912 1022 882 993 877 1005 882 1018 928 1022 921 989 908 973 898 964 612 975 645 996 676 996 695 984 707 975 707 968 745 961 747 959 741 960 700 942 736 926 753 922 763 921 685 921 718 900 736 894 749 892 666 907 682 877 692 859 700 847 
918 1118 874 1107 844 1080 829 1051 818 1031 863 1048 832 1020 820 1020 816 1021 885 1033 853 1009 850 1022 857 1032 905 1026 874 998 871 1011 877 1024 921 1024 912 994 900 979 892 969 613 980 647 1002 679 1000 699 987 711 978 708 974 743 965 744 965 737 968 701 949 736 932 752 927 763 924 686 929 718 909 735 900 748 896 667 916 680 888 688 870 694 857 
914 1120 870 1112 839 1085 825 1056 817 1037 855 1052 828 1024 815 1020 809 1018 877 1037 849 1013 845 1025 852 1034 898 1029 871 1002 865 1013 870 1024 915 1027 904 995 890 985 881 982 614 987 649 1006 681 1003 700 990 712 981 709 981 744 970 745 970 738 972 702 956 737 940 754 933 765 928 687 936 719 916 738 907 753 901 667 920 682 892 691 875 697 862 
911 1120 869 1115 839 1090 823 1064 812 1046 851 1050 823 1026 806 1018 794 1012 874 1035 844 1016 841 1028 849 1038 895 1029 866 1005 861 1017 868 1028 914 1028 899 998 887 1000 885 1008 615 994 650 1013 684 1009 703 996 716 985 710 987 747 976 744 977 735 980 703 962 738 943 756 936 769 931 688 942 718 920 738 911 753 905 668 926 683 897 692 879 700 865 
909 1121 867 1117 836 1090 816 1064 802 1044 851 1054 822 1026 803 1016 790 1009 874 1039 841 1015 836 1027 842 1038 895 1032 864 1005 857 1017 862 1029 912 1031 895 1000 884 1004 883 1013 615 1000 650 1020 684 1015 709 1003 727 996 712 993 749 981 751 980 745 983 705 968 741 945 760 936 772 929 690 947 721 923 741 913 756 906 669 932 684 901 693 883 701 869 
906 1121 864 1119 833 1093 815 1063 803 1041 850 1055 817 1023 798 1014 787 1011 874 1039 837 1013 830 1025 835 1035 894 1032 860 1005 851 1016 855 1028 911 1030 889 1002 877 1007 877 1017 616 1004 652 1025 687 1020 714 1010 733 1008 716 995 752 984 753 984 744 989 708 970 743 948 762 938 774 931 692 950 721 927 741 916 757 909 671 936 683 906 693 888 700 874 
903 1121 858 1117 825 1091 807 1060 796 1038 845 1052 812 1019 794 1014 783 1017 869 1037 833 1010 820 1018 819 1028 890 1031 856 1005 845 1013 845 1025 906 1031 884 1010 873 1013 872 1020 616 1006 653 1027 689 1024 716 1013 736 1011 716 995 753 987 754 991 746 999 708 970 745 949 764 939 776 932 692 951 723 928 742 918 758 912 671 938 684 909 693 891 701 877 
897 1119 852 1116 818 1089 800 1057 787 1035 837 1048 807 1015 788 1011 777 1014 862 1034 827 1008 817 1019 818 1030 882 1029 849 1004 839 1013 839 1025 897 1029 874 1009 862 1014 861 1022 616 1007 654 1029 693 1027 721 1016 742 1016 718 997 753 990 754 995 748 1002 710 971 746 951 765 941 778 933 694 952 725 930 744 920 759 913 673 940 686 913 695 896 703 883 
891 1114 844 1110 811 1082 795 1050 784 1028 826 1037 796 1005 787 1014 789 1028 852 1024 822 999 815 1013 819 1028 875 1022 846 1002 839 1014 841 1027 891 1026 870 1012 861 1019 862 1030 618 1008 655 1031 692 1031 723 1022 745 1017 718 997 753 990 751 996 742 1003 710 972 748 951 768 941 780 934 694 953 726 931 746 921 762 915 673 942 687 916 697 898 704 885 
882 1105 835 1096 801 1067 779 1041 760 1029 816 1022 787 993 779 1002 780 1013 842 1010 813 994 807 1009 811 1021 863 1011 836 999 831 1011 834 1024 880 1015 859 1006 852 1015 853 1025 620 1009 658 1033 696 1034 727 1025 750 1020 721 999 754 993 751 1000 743 1006 713 974 750 953 770 943 784 935 696 955 727 933 748 924 764 917 675 944 687 918 696 900 704 886 
874 1093 826 1088 795 1061 775 1034 760 1018 807 1010 784 977 773 985 773 998 835 1001 811 990 804 1005 807 1018 858 1004 834 997 828 1010 831 1024 876 1011 856 1005 849 1015 850 1028 620 1011 658 1036 697 1035 727 1026 749 1022 721 1003 755 996 754 1001 745 1006 713 978 751 957 772 947 785 939 696 959 728 937 748 927 764 920 675 947 690 920 699 903 707 890 
865 1081 815 1073 785 1048 767 1022 757 1004 800 998 782 970 775 976 776 989 827 989 808 983 802 996 805 1010 851 992 830 989 825 1001 827 1016 870 999 852 996 846 1006 847 1018 623 1013 661 1037 699 1037 729 1028 750 1026 722 1003 757 998 759 1004 751 1010 714 979 753 958 774 948 787 940 698 960 730 938 750 929 765 922 677 949 691 923 700 906 708 894 
863 1071 814 1062 788 1041 775 1021 767 1008 801 994 781 975 775 980 772 986 826 985 806 973 796 982 794 994 849 986 829 978 821 988 820 1001 867 992 851 985 842 992 839 1003 625 1014 663 1039 701 1039 732 1030 754 1029 725 1003 758 999 755 1006 744 1012 717 978 755 959 775 951 787 942 701 960 732 939 752 930 767 924 680 949 694 923 703 907 710 894 
858 1056 814 1051 787 1036 771 1018 761 1005 800 988 789 981 787 992 789 1002 824 981 808 977 803 986 805 998 845 984 829 979 825 988 827 1000 862 990 849 984 845 991 845 1001 626 1014 664 1039 703 1041 735 1032 758 1030 725 1005 759 999 755 1006 745 1012 717 979 756 961 777 952 790 944 702 960 734 941 754 932 769 925 681 949 696 923 706 907 713 895 
852 1042 810 1043 784 1029 773 1010 769 996 801 985 794 989 794 1000 797 1008 824 979 814 981 812 991 815 1001 844 981 833 983 830 992 834 1001 860 987 851 987 848 995 849 1003 629 1015 666 1040 705 1041 736 1033 758 1031 727 1006 761 999 757 1005 746 1011 719 980 757 961 777 953 789 945 703 961 735 941 755 932 769 925 683 950 698 924 707 908 714 895 
848 1039 814 1042 792 1032 782 1017 781 1005 796 988 793 989 794 998 797 1006 817 980 812 980 812 990 816 1000 837 980 831 979 831 988 834 998 856 984 851 983 850 990 851 999 630 1015 667 1040 705 1041 736 1033 758 1031 728 1006 762 999 758 1006 747 1012 720 980 758 964 777 958 788 954 705 961 736 941 755 932 769 926 685 949 700 923 708 907 715 894 
847 1039 814 1043 793 1034 788 1018 791 1006 796 994 788 992 790 1001 795 1010 815 984 807 984 808 992 813 1001 834 982 826 981 826 989 830 998 852 984 845 984 844 991 846 998 629 1017 668 1041 706 1041 737 1033 759 1032 728 1006 761 1001 758 1008 749 1015 721 982 759 968 780 967 795 966 705 963 737 943 757 934 771 928 686 951 700 926 708 910 714 897 
844 1038 809 1043 785 1031 783 1016 790 1005 794 995 780 990 768 990 760 990 814 986 804 990 803 1000 807 1007 833 986 823 989 821 998 825 1005 850 989 842 992 840 1000 842 1007 633 1019 671 1043 708 1043 737 1034 758 1032 732 1007 762 1000 760 1007 752 1013 724 983 762 969 782 967 796 965 708 963 739 943 758 934 771 927 688 952 701 926 710 909 716 895 
844 1041 808 1047 786 1035 782 1019 787 1009 793 998 777 991 765 990 756 991 812 988 803 992 803 1002 806 1009 832 988 824 992 822 1001 824 1008 850 992 843 995 841 1003 842 1010 633 1020 671 1044 709 1043 739 1034 759 1032 733 1009 762 1002 759 1008 751 1013 725 984 760 968 777 963 787 959 709 964 739 944 758 935 771 929 689 952 703 926 711 909 717 895 
843 1040 808 1049 786 1037 783 1023 788 1014 791 1003 778 999 769 1000 762 1000 810 994 803 1001 803 1010 806 1016 830 995 823 1001 821 1010 824 1016 849 1000 844 1007 841 1015 842 1021 634 1022 672 1046 709 1043 739 1034 759 1032 733 1008 761 1002 757 1009 750 1015 726 984 759 969 776 965 787 962 709 965 739 945 757 937 771 932 689 953 703 927 711 910 717 897 
633 1022 672 1046 709 1043 739 1034 760 1032 732 1009 759 1003 757 1011 751 1018 725 985 758 973 776 975 789 977 708 966 737 945 757 937 772 933 687 954 701 927 710 910 717 897 844 1038 840 1019 826 1006 814 1004 805 1008 813 989 803 1004 807 1016 814 1022 807 1000 798 1013 801 1024 810 1028 803 1015 794 1027 798 1035 807 1037 800 1033 791 1046 796 1052 803 1053 
633 1022 671 1046 708 1042 738 1032 759 1030 732 1007 758 1000 758 1006 752 1012 723 983 752 970 761 971 764 973 706 964 735 944 754 935 768 929 685 953 699 927 708 912 714 899 839 1036 839 1017 826 1005 815 1005 806 1011 811 992 803 1006 808 1017 815 1023 800 1001 794 1012 799 1022 807 1026 792 1014 785 1024 792 1032 800 1033 786 1030 781 1040 788 1046 796 1047 
635 1021 672 1045 708 1042 735 1030 756 1025 731 1005 755 999 753 1003 747 1006 721 981 749 967 758 966 760 965 703 963 732 942 750 932 762 925 683 952 696 927 703 911 709 897 836 1038 835 1023 821 1012 810 1010 802 1013 805 1000 800 1009 805 1019 812 1023 794 1007 790 1016 795 1024 804 1027 786 1018 781 1026 788 1031 796 1032 780 1031 777 1039 784 1044 791 1044 
635 1021 670 1045 707 1041 733 1029 753 1023 730 1004 755 997 751 1003 743 1007 720 980 748 966 756 965 756 965 702 963 730 943 747 934 760 928 682 952 694 927 702 911 707 898 836 1031 828 1028 812 1025 801 1024 795 1025 803 1003 797 1017 802 1028 808 1033 796 1005 790 1018 795 1028 802 1031 791 1012 786 1024 792 1031 799 1032 789 1022 786 1033 793 1039 800 1039 
-1 -1 -1 -1 -1 -1 -1 -1 -1 -1 -1 -1 -1 -1 -1 -1 -1 -1 -1 -1 -1 -1 -1 -1 -1 -1 -1 -1 -1 -1 -1 -1 -1 -1 -1 -1 -1 -1 -1 -1 -1 -1 635 1023 669 1047 705 1042 733 1031 753 1025 731 1004 760 996 774 997 782 999 720 981 747 970 755 972 757 975 702 965 729 944 746 936 759 931 681 955 692 928 700 912 706 898 
-1 -1 -1 -1 -1 -1 -1 -1 -1 -1 -1 -1 -1 -1 -1 -1 -1 -1 -1 -1 -1 -1 -1 -1 -1 -1 -1 -1 -1 -1 -1 -1 -1 -1 -1 -1 -1 -1 -1 -1 -1 -1 634 1027 670 1050 705 1047 732 1036 752 1030 728 1010 753 1006 750 1014 744 1021 718 987 747 977 754 982 756 987 701 970 729 951 748 942 762 936 680 960 692 934 701 917 708 903 
-1 -1 -1 -1 -1 -1 -1 -1 -1 -1 -1 -1 -1 -1 -1 -1 -1 -1 -1 -1 -1 -1 -1 -1 -1 -1 -1 -1 -1 -1 -1 -1 -1 -1 -1 -1 -1 -1 -1 -1 -1 -1 636 1029 671 1052 706 1050 733 1040 753 1033 727 1013 753 1009 750 1017 742 1022 719 990 750 980 768 980 779 981 702 973 730 952 749 942 764 937 681 962 693 934 702 917 709 904 
-1 -1 -1 -1 -1 -1 -1 -1 -1 -1 -1 -1 -1 -1 -1 -1 -1 -1 -1 -1 -1 -1 -1 -1 -1 -1 -1 -1 -1 -1 -1 -1 -1 -1 -1 -1 -1 -1 -1 -1 -1 -1 636 1030 672 1054 708 1053 736 1043 756 1038 728 1016 756 1013 754 1018 748 1022 721 993 752 984 770 985 780 988 704 974 733 955 752 946 767 941 684 963 697 936 706 919 713 906 
-1 -1 -1 -1 -1 -1 -1 -1 -1 -1 -1 -1 -1 -1 -1 -1 -1 -1 -1 -1 -1 -1 -1 -1 -1 -1 -1 -1 -1 -1 -1 -1 -1 -1 -1 -1 -1 -1 -1 -1 -1 -1 637 1031 670 1056 706 1057 736 1047 758 1043 731 1018 757 1016 754 1022 746 1027 724 994 755 987 770 990 778 993 707 974 736 957 756 948 771 943 686 962 699 935 709 917 716 903 
-1 -1 -1 -1 -1 -1 -1 -1 -1 -1 -1 -1 -1 -1 -1 -1 -1 -1 -1 -1 -1 -1 -1 -1 -1 -1 -1 -1 -1 -1 -1 -1 -1 -1 -1 -1 -1 -1 -1 -1 -1 -1 637 1028 669 1058 706 1061 738 1051 761 1046 733 1018 760 1016 758 1023 752 1029 725 993 758 988 773 993 780 998 709 973 739 956 760 949 775 946 688 961 703 933 712 916 720 902 
-1 -1 -1 -1 -1 -1 -1 -1 -1 -1 -1 -1 -1 -1 -1 -1 -1 -1 -1 -1 -1 -1 -1 -1 -1 -1 -1 -1 -1 -1 -1 -1 -1 -1 -1 -1 -1 -1 -1 -1 -1 -1 640 1028 673 1058 711 1060 743 1051 766 1048 734 1016 764 1014 766 1020 761 1024 727 990 763 986 776 993 780 999 712 970 745 952 766 947 780 945 693 958 709 929 720 913 728 900 
-1 -1 -1 -1 -1 -1 -1 -1 -1 -1 -1 -1 -1 -1 -1 -1 -1 -1 -1 -1 -1 -1 -1 -1 -1 -1 -1 -1 -1 -1 -1 -1 -1 -1 -1 -1 -1 -1 -1 -1 -1 -1 643 1023 677 1053 718 1056 750 1047 776 1044 740 1007 770 1009 768 1017 761 1021 731 982 768 980 780 987 783 993 716 962 751 948 771 945 785 945 696 951 713 924 723 908 732 895 
-1 -1 -1 -1 -1 -1 -1 -1 -1 -1 -1 -1 -1 -1 -1 -1 -1 -1 -1 -1 -1 -1 -1 -1 -1 -1 -1 -1 -1 -1 -1 -1 -1 -1 -1 -1 -1 -1 -1 -1 -1 -1 646 1015 681 1045 721 1048 755 1040 783 1037 741 998 777 999 773 1010 762 1016 732 973 772 970 787 978 792 985 716 954 753 939 774 938 789 939 698 944 716 916 728 899 738 885 
920 1061 871 1066 821 1045 790 1032 767 1030 831 991 789 996 767 1011 754 1021 848 982 809 990 788 1005 775 1020 863 986 829 994 811 1006 800 1019 874 992 844 999 829 1009 821 1021 650 1003 686 1032 728 1036 762 1029 790 1025 743 981 786 988 779 1002 766 1008 734 956 781 957 791 971 791 981 719 940 759 927 783 927 799 928 702 933 723 907 736 893 746 881 
934 1055 883 1053 838 1030 806 1017 782 1011 856 975 811 975 796 993 794 1003 874 968 833 981 823 1001 824 1016 889 974 851 988 842 1006 843 1020 898 982 866 993 856 1007 856 1020 656 992 694 1019 737 1021 771 1012 798 1004 753 963 794 966 792 981 781 991 743 939 785 938 795 951 793 962 728 924 767 911 789 914 802 918 710 916 731 891 744 878 754 867 
948 1041 896 1034 854 1008 824 989 805 976 879 950 830 949 821 971 827 984 898 947 852 956 846 979 851 994 911 955 869 965 862 983 867 999 919 965 884 973 877 987 879 999 665 977 704 1001 746 1002 782 990 808 978 756 943 802 938 802 952 792 962 744 920 790 914 802 925 801 934 730 906 772 893 792 897 803 902 715 899 739 875 754 862 765 852 
951 1025 909 1011 873 983 844 967 822 958 902 928 859 917 839 927 828 938 918 921 890 894 876 889 865 889 928 928 903 911 885 911 871 917 933 938 911 925 896 926 883 933 677 961 718 982 760 979 794 964 820 953 765 918 809 908 815 923 809 935 751 897 795 888 809 901 809 914 735 886 775 871 793 878 801 887 720 882 743 857 761 846 772 840 
955 1012 910 990 883 954 859 929 842 913 923 907 883 884 860 897 849 912 942 908 902 889 877 902 861 918 951 919 915 904 894 913 881 927 954 930 926 917 909 921 896 933 689 942 732 959 775 953 807 938 829 930 773 895 811 874 824 880 828 889 757 877 797 858 814 864 822 874 742 868 777 850 796 854 807 862 727 867 751 847 766 839 777 835 
955 996 916 969 893 932 872 906 853 891 939 891 898 868 873 871 854 875 957 893 914 876 886 879 862 887 963 903 924 891 900 891 880 899 963 915 934 906 914 904 896 909 701 926 742 943 781 931 807 912 825 898 782 873 818 846 835 853 839 866 765 857 804 830 822 839 828 853 750 851 782 826 802 832 811 842 738 852 765 832 781 832 790 838 
955 977 918 954 900 920 885 891 871 874 942 879 904 852 880 849 862 848 958 876 921 849 895 849 874 852 965 882 934 856 912 854 894 859 965 889 943 868 925 862 909 861 716 908 759 923 796 907 820 886 840 874 791 851 824 823 841 827 849 837 773 836 808 807 827 812 838 824 759 832 789 808 808 811 820 820 749 835 773 817 790 817 800 823 
950 963 918 942 900 908 885 878 870 857 941 869 914 837 891 834 875 836 961 868 935 834 910 834 893 840 969 874 950 841 929 839 912 845 971 882 957 855 940 848 926 848 728 898 771 908 804 893 826 874 844 864 798 840 826 809 843 803 855 805 778 827 805 792 823 788 836 794 762 824 786 795 804 791 817 796 751 828 770 808 785 805 796 808 
947 952 912 932 894 897 884 867 876 849 937 858 918 822 903 812 890 807 960 858 943 822 924 816 910 816 970 865 958 833 942 825 928 825 973 873 963 849 950 839 938 837 737 886 782 897 815 880 833 861 850 851 806 829 828 797 842 787 852 785 785 818 808 782 824 775 836 778 769 815 790 786 806 781 818 783 758 818 776 799 790 795 800 797 
939 941 903 922 886 889 879 859 870 841 928 854 914 817 902 802 893 793 951 854 941 814 926 801 913 796 963 860 957 825 944 811 931 807 967 868 965 842 955 829 945 823 747 879 791 888 821 871 838 854 853 845 813 822 834 791 847 778 858 772 792 811 810 777 824 767 836 765 775 809 792 781 806 774 816 774 763 813 778 795 791 790 800 791 
935 938 898 919 881 884 875 855 866 837 918 850 908 813 898 796 890 785 942 850 936 810 923 795 910 789 955 856 952 822 939 806 926 801 960 863 958 837 948 823 937 817 753 871 794 882 824 867 838 851 852 842 820 818 840 788 852 773 862 765 798 807 816 775 831 764 842 760 781 804 798 779 811 771 821 769 768 808 784 791 796 786 805 786 
926 932 891 912 875 881 869 854 863 837 910 846 902 809 893 793 884 784 934 847 932 807 921 790 909 783 948 853 946 820 935 805 923 798 953 861 952 836 944 822 935 816 758 868 797 879 826 865 841 849 854 840 824 815 844 787 856 772 866 762 803 804 821 776 835 766 845 761 786 802 802 778 815 770 824 767 773 805 787 789 798 783 806 782 
921 929 885 909 871 878 866 854 859 838 901 844 894 809 887 793 881 783 926 845 926 806 917 790 908 780 941 851 941 819 932 803 922 796 947 859 948 836 941 822 932 816 763 866 801 877 829 863 842 847 853 838 828 812 847 786 858 771 866 762 807 802 828 776 843 767 854 763 789 801 808 780 821 772 831 770 776 805 792 792 804 788 812 788 
916 925 881 906 865 878 858 855 851 839 898 845 890 809 883 793 876 783 923 844 919 806 910 789 901 779 938 849 937 816 927 801 918 795 945 857 945 834 938 821 930 816 765 866 803 876 829 864 841 848 850 838 830 813 849 787 860 773 868 764 810 804 830 779 843 773 853 771 791 803 807 782 820 777 828 776 776 808 790 794 800 791 807 793 
913 923 878 905 864 875 859 853 853 839 893 840 888 807 882 791 876 781 919 840 916 804 907 790 897 784 936 846 935 815 927 802 918 797 944 856 945 837 938 827 931 823 767 866 805 875 832 862 844 848 853 838 831 812 852 788 863 775 872 767 812 801 833 784 845 783 852 785 794 800 810 783 822 782 829 786 781 804 793 790 803 789 809 794 
912 923 877 905 864 875 860 852 855 838 892 841 888 807 883 792 877 783 917 841 913 805 904 792 894 787 934 847 932 814 922 802 913 799 943 855 942 834 934 824 926 822 770 867 806 875 833 863 845 848 852 839 834 810 854 789 864 778 872 770 815 800 835 787 846 788 853 790 797 800 813 786 825 787 832 793 784 804 797 790 807 789 812 795 
910 922 877 904 864 874 860 852 852 838 891 842 887 808 882 795 876 789 916 841 911 805 901 794 892 791 933 846 931 813 921 802 912 800 942 854 941 834 933 824 925 822 770 867 807 875 833 863 844 849 850 840 833 812 854 791 865 780 873 771 814 802 835 789 847 790 855 792 796 802 813 788 825 790 832 797 782 806 795 795 806 795 811 801 
910 920 877 903 865 875 860 853 852 841 889 840 884 807 878 795 873 789 913 839 908 804 898 794 888 793 930 844 929 811 918 803 909 803 939 854 939 833 930 826 923 827 770 867 807 876 833 863 843 849 848 841 832 813 853 792 863 782 871 773 813 803 833 790 845 791 852 793 795 803 811 791 823 792 830 799 782 808 794 801 804 802 809 810 
909 921 877 903 864 875 859 855 851 843 888 841 880 809 873 799 869 796 911 839 903 804 891 798 884 799 928 843 923 809 911 802 902 803 936 850 933 826 924 817 917 817 770 868 807 876 833 863 843 849 847 840 833 813 852 795 862 786 870 779 814 803 834 794 845 797 851 798 796 804 812 796 823 800 828 808 782 809 794 803 803 806 807 815 
910 921 877 901 866 873 859 854 851 845 890 842 881 808 871 803 865 805 914 841 904 805 890 804 883 810 930 847 925 812 911 810 903 815 938 856 935 832 925 827 918 830 769 869 805 878 831 867 842 854 850 846 833 816 852 799 863 792 871 787 814 806 835 795 847 796 855 797 797 806 813 795 825 798 832 805 782 810 795 803 804 805 808 812 
913 922 879 902 866 874 859 854 851 843 893 841 882 809 871 807 866 811 916 839 904 805 889 806 883 813 931 844 923 811 909 810 903 817 938 852 934 828 923 824 916 829 769 870 805 881 829 870 841 858 849 852 832 820 853 803 864 795 873 790 814 810 834 797 845 799 851 802 796 809 811 798 822 801 827 807 781 814 792 808 799 810 801 817 
915 924 881 904 868 877 860 858 852 847 897 840 885 812 873 812 867 816 921 840 908 810 893 810 885 815 936 848 929 816 915 813 907 818 942 859 938 836 927 830 920 833 769 871 804 883 829 872 841 860 850 855 832 823 854 806 865 798 875 792 813 812 834 797 846 798 854 801 796 811 813 798 826 799 834 805 782 815 796 806 805 806 810 812 
917 927 883 906 871 878 864 857 854 847 901 842 890 812 877 810 870 814 925 844 913 811 898 810 889 815 940 853 934 821 922 816 913 819 946 866 944 848 934 842 926 844 769 872 803 884 829 873 841 860 851 856 830 825 854 807 867 798 876 793 812 814 835 795 847 797 853 803 795 812 813 796 825 798 831 804 781 816 794 806 804 807 809 813 
918 929 885 909 873 878 867 856 856 847 905 843 892 811 879 808 871 812 928 845 915 810 898 810 888 816 943 854 935 822 920 819 911 822 949 866 945 847 933 841 925 843 768 871 802 884 828 873 841 860 851 855 830 826 854 806 868 798 877 793 812 814 836 792 850 793 858 800 795 810 813 792 827 793 835 798 781 814 794 804 805 804 812 810 
921 934 887 914 874 883 868 860 857 848 907 847 895 813 882 807 872 808 931 848 916 812 898 811 888 816 945 856 936 822 920 818 910 821 952 866 945 843 933 834 924 835 767 871 802 885 828 873 841 860 853 855 830 824 855 806 869 797 878 792 812 812 834 790 849 791 858 796 794 809 811 789 825 787 834 791 780 813 794 798 806 796 813 799 
924 937 890 918 875 888 867 864 856 849 912 850 899 813 883 809 872 812 935 851 920 814 900 814 889 820 949 860 938 824 920 821 909 827 954 870 948 842 934 835 923 836 764 871 801 884 829 872 843 859 852 853 830 822 855 804 868 797 878 794 811 810 835 790 851 790 860 797 793 808 812 788 826 787 836 791 779 811 794 797 807 796 815 799 
927 943 893 924 878 892 868 866 855 852 917 856 905 818 889 811 875 812 939 856 924 819 903 816 889 820 951 863 939 828 920 824 907 828 954 871 948 843 933 835 921 836 760 871 797 883 827 872 842 858 850 851 826 820 853 804 869 798 879 796 809 809 836 791 852 792 862 797 792 805 815 786 830 785 840 789 780 807 798 789 810 785 820 787 
932 951 896 931 881 897 868 869 853 851 923 858 909 820 892 814 877 817 944 859 927 824 907 820 892 825 954 866 940 833 922 828 907 832 956 874 947 846 933 838 920 839 754 871 792 883 822 871 838 859 847 854 822 819 851 803 866 799 878 797 804 807 833 793 849 795 858 800 787 805 811 789 825 789 835 792 774 808 793 796 805 795 814 800 
933 958 899 935 883 900 870 872 855 854 933 868 916 825 898 816 882 818 951 870 933 829 912 823 896 827 958 876 942 840 923 833 907 834 957 881 947 852 933 844 919 843 748 872 787 883 819 870 838 859 854 856 816 817 847 803 864 801 876 804 798 805 831 792 847 797 858 805 783 803 809 790 825 793 835 800 771 806 790 797 803 798 811 805 
934 963 901 940 887 905 874 875 859 854 940 872 924 827 903 819 886 821 957 874 937 834 914 832 897 839 962 881 942 847 922 846 906 851 960 887 945 861 930 858 916 862 743 872 781 882 812 870 833 860 849 859 810 816 843 802 860 803 872 808 793 804 827 791 843 798 853 807 779 802 807 790 823 795 832 803 769 805 789 797 802 799 811 805 
938 971 906 948 892 913 879 880 866 856 948 879 932 831 907 823 887 825 962 883 937 841 908 840 888 847 964 889 939 856 916 855 898 862 962 893 943 869 926 867 911 872 736 870 774 881 806 869 829 861 846 864 802 815 837 800 855 803 868 809 787 804 823 790 839 797 850 807 775 803 805 790 821 795 831 802 769 807 791 797 805 798 814 803 
942 981 910 957 895 920 883 887 868 862 954 886 938 835 913 828 893 830 966 891 942 849 914 847 893 855 966 897 940 866 918 866 900 874 963 902 942 880 925 879 911 884 730 870 767 881 799 869 825 863 845 866 796 815 831 798 852 802 865 809 781 805 817 789 836 795 848 805 770 804 800 791 818 795 830 803 764 808 787 797 802 797 812 801 
943 989 913 961 900 925 888 892 874 866 959 893 948 841 923 832 902 835 968 898 947 855 917 856 898 866 966 905 943 872 919 876 902 888 962 911 944 888 927 888 912 896 721 873 760 881 795 869 823 864 844 867 789 812 825 796 847 801 862 810 773 804 810 790 830 797 844 808 763 806 794 795 813 799 827 808 757 813 783 804 800 805 812 811 
946 996 917 968 905 931 894 897 882 871 963 901 956 847 930 838 908 841 971 905 962 856 933 851 911 858 970 912 957 876 932 873 912 880 965 918 955 894 936 888 918 890 710 875 753 879 790 866 820 863 846 867 780 808 817 794 840 800 854 810 766 805 802 793 823 802 837 816 755 809 786 802 805 809 819 820 749 818 774 813 790 818 801 827 
946 1005 920 977 909 939 898 904 886 876 966 907 961 854 933 843 911 845 971 911 960 864 931 854 907 858 967 919 953 882 927 874 905 876 959 925 948 900 929 892 911 891 702 877 746 881 783 867 814 864 840 868 771 807 810 791 834 799 849 811 759 806 799 797 822 809 837 823 750 812 784 811 806 820 819 833 746 823 773 824 789 832 799 843 
947 1015 921 986 910 946 897 911 883 885 966 913 960 859 934 849 912 851 973 918 962 870 933 861 910 866 969 926 952 891 927 886 905 890 961 934 948 911 929 906 910 907 693 881 738 882 777 869 809 867 836 871 765 807 805 792 830 800 846 811 755 810 794 802 817 816 830 832 748 819 781 817 802 827 815 840 743 832 771 833 787 840 798 851 
948 1025 922 997 908 960 894 925 880 898 963 922 955 868 929 854 903 852 968 924 953 874 926 861 900 862 963 930 948 894 925 886 902 888 956 937 944 914 927 908 909 908 685 885 729 889 769 874 803 871 833 874 758 811 801 794 827 802 844 814 748 811 791 802 815 815 831 829 741 818 777 815 800 824 814 837 738 829 767 828 784 836 796 847 
950 1027 920 1008 904 972 886 935 866 909 964 925 943 868 912 854 883 852 972 922 941 870 908 854 876 851 969 926 942 883 913 870 885 867 962 930 941 901 920 891 898 886 678 891 722 894 764 879 799 875 829 878 752 816 796 797 822 804 838 814 741 816 786 805 811 816 828 830 735 823 772 818 796 825 812 837 732 835 761 834 780 840 792 851 
947 1040 915 1017 896 979 875 943 854 920 956 940 931 881 903 859 877 846 967 936 935 882 904 861 875 851 966 937 939 893 913 879 887 872 960 940 942 909 923 897 903 892 670 898 714 902 758 886 794 880 826 883 744 821 792 802 819 810 835 820 733 819 781 809 808 822 825 836 725 825 766 823 792 831 809 844 721 836 754 836 774 843 788 855 
945 1045 910 1021 887 984 866 952 846 934 946 945 922 893 898 868 876 851 958 940 930 891 902 871 878 862 959 941 935 899 909 886 887 884 954 945 937 913 918 900 899 895 664 907 712 914 756 897 791 890 823 893 738 829 789 808 818 819 833 833 726 826 777 812 805 826 819 845 719 831 762 823 788 833 803 847 716 840 749 835 770 843 782 855 
941 1045 904 1026 879 990 856 956 834 939 934 948 903 898 880 876 861 862 949 941 915 893 888 874 865 868 952 941 922 898 897 886 876 884 948 942 926 907 906 893 888 887 659 913 707 921 753 905 793 897 825 898 740 838 793 818 821 832 838 847 726 831 780 820 806 838 820 860 717 834 760 829 785 842 800 861 712 843 745 838 765 848 777 863 
938 1053 897 1034 869 998 846 966 827 948 920 955 889 910 869 889 853 872 938 948 905 903 879 884 858 875 943 948 915 908 891 892 872 886 941 951 921 915 903 899 886 889 654 921 703 930 752 916 791 908 823 908 741 847 793 833 820 845 837 861 726 837 779 829 802 849 814 871 715 839 759 834 781 849 794 869 710 846 743 841 762 851 774 867 
934 1057 894 1041 864 1008 839 978 818 960 914 960 880 920 858 903 842 890 932 952 898 910 875 892 857 880 939 952 909 916 889 898 871 888 937 956 918 925 901 909 885 900 647 928 695 940 740 929 781 922 815 928 736 860 789 841 817 849 836 860 722 846 775 834 801 851 815 872 711 843 754 834 777 848 791 867 705 848 736 840 756 849 769 862 
929 1061 889 1049 859 1016 835 984 813 965 911 969 878 924 853 908 835 899 929 960 896 913 871 897 852 887 935 961 907 922 884 905 866 896 934 965 912 935 893 922 876 914 640 937 689 948 733 936 775 925 811 924 726 870 776 849 805 853 826 861 711 855 762 838 789 849 806 865 700 852 741 838 765 847 781 861 693 857 724 843 745 847 760 857 
924 1067 885 1054 856 1021 831 987 807 968 908 974 879 931 855 917 837 910 927 966 897 919 873 901 854 892 933 967 906 928 883 912 864 903 931 971 911 942 892 929 875 922 635 941 681 954 725 939 766 927 801 926 716 873 767 851 796 859 814 871 703 858 755 843 783 857 801 875 693 854 738 842 763 854 780 871 689 858 723 849 744 855 760 867 
924 1079 884 1064 856 1028 833 994 811 976 907 984 879 935 856 923 840 920 926 976 895 929 869 923 850 925 933 977 905 939 881 933 862 936 932 981 910 953 891 947 875 947 628 947 675 959 716 942 758 927 794 925 705 878 754 854 779 866 793 883 691 863 742 847 766 864 780 883 681 859 724 847 747 860 761 878 676 863 708 852 728 861 741 875 
920 1083 882 1066 856 1033 834 1002 813 983 907 988 884 939 861 932 843 934 925 982 896 936 870 930 850 934 932 983 905 945 882 942 863 946 931 987 911 959 892 954 876 955 620 955 667 969 710 951 747 932 778 925 701 890 752 868 771 886 775 905 686 873 739 854 760 873 767 891 673 867 717 848 739 863 748 879 664 869 696 850 715 857 724 868 
918 1091 880 1073 856 1038 835 1007 814 989 907 996 886 948 865 938 848 939 924 993 898 947 875 940 855 943 930 995 905 958 884 953 867 955 929 998 909 970 891 963 876 964 616 962 663 976 706 962 742 944 771 935 701 900 745 895 759 911 763 923 686 880 736 869 759 884 769 900 671 871 716 854 741 868 753 883 658 871 692 854 713 860 724 869 
917 1100 879 1082 855 1046 834 1016 817 998 906 1004 884 955 862 944 846 943 922 1001 897 957 874 946 855 946 927 1005 903 971 883 962 864 961 926 1009 907 983 890 975 873 973 613 973 661 991 707 979 742 963 769 949 702 917 746 921 757 937 759 949 688 895 734 889 758 901 772 915 670 886 708 868 734 874 752 883 652 887 673 864 691 859 705 860 
913 1108 874 1088 849 1054 829 1026 815 1007 901 1012 881 965 859 958 844 960 917 1011 892 969 870 964 852 967 921 1016 897 981 877 976 861 979 919 1021 901 992 884 987 869 989 610 980 657 1003 702 995 733 980 755 970 714 938 748 939 764 942 774 943 699 915 735 909 757 910 772 914 678 902 710 883 732 880 749 881 654 896 669 873 682 861 692 854 
905 1112 867 1092 843 1060 821 1032 802 1013 889 1017 869 972 849 963 833 962 906 1015 879 977 858 972 840 974 911 1019 885 988 866 984 849 987 910 1025 890 999 874 993 858 996 613 988 659 1010 702 1004 734 990 755 981 713 953 735 958 737 970 736 974 698 931 730 922 749 919 762 918 677 917 705 896 724 888 737 885 655 911 665 883 673 868 679 856 
894 1110 856 1093 830 1062 808 1033 787 1015 874 1022 854 976 833 968 816 969 893 1016 867 976 845 969 827 972 900 1018 873 985 853 980 836 983 899 1023 878 997 862 993 847 995 616 994 659 1016 700 1009 726 993 746 984 711 959 730 960 732 971 731 976 697 937 725 924 742 918 754 912 676 923 700 902 717 893 729 888 653 917 661 890 667 875 672 864 
883 1109 843 1093 817 1063 798 1035 781 1018 856 1021 834 980 816 975 801 979 877 1015 849 980 829 976 813 979 887 1017 858 990 840 986 825 990 889 1023 865 1003 850 999 837 1003 619 998 662 1018 698 1007 721 989 736 977 710 960 729 952 729 959 725 965 694 939 719 919 735 912 744 906 672 926 694 902 708 892 718 887 648 921 655 894 660 878 664 867 
872 1108 832 1095 806 1065 791 1035 778 1018 842 1020 819 979 799 977 786 984 865 1014 834 982 815 984 802 991 878 1016 846 995 831 996 820 1004 883 1022 857 1006 843 1006 833 1012 622 1002 666 1018 701 1004 720 984 733 971 708 957 725 947 726 953 723 958 690 938 715 916 730 907 738 900 669 927 687 900 700 889 708 883 645 923 651 895 657 878 661 866 
863 1099 820 1087 795 1059 783 1031 775 1013 827 1014 809 973 792 974 782 983 853 1009 826 974 809 979 802 990 868 1012 840 986 826 991 821 1001 876 1017 851 1000 839 1003 835 1011 621 1001 665 1016 698 1001 716 982 728 967 706 955 726 944 729 946 728 949 689 937 713 915 727 905 736 899 666 927 684 902 696 893 704 887 643 924 650 899 655 886 659 877 
856 1092 814 1079 791 1052 781 1027 773 1013 818 1006 802 966 788 974 785 989 843 1003 821 976 809 987 807 999 861 1008 837 990 829 998 828 1010 871 1015 852 1001 844 1007 843 1016 625 1000 668 1015 699 1001 718 980 731 966 709 954 730 940 738 938 741 939 690 936 713 913 728 903 737 896 667 927 684 902 695 894 705 891 643 925 650 903 657 896 663 894 
849 1087 809 1074 789 1046 781 1022 773 1009 809 1002 797 962 787 972 787 988 834 998 816 971 807 983 807 995 853 1002 833 985 825 994 825 1006 864 1009 847 995 841 1002 841 1012 627 999 670 1015 703 1001 717 979 721 962 710 953 730 938 738 935 741 934 691 936 714 913 729 905 739 899 668 928 685 902 698 896 708 894 644 927 652 910 659 907 664 910 
844 1081 803 1068 782 1039 777 1012 772 998 799 993 790 957 781 967 781 983 825 990 809 966 798 978 799 990 845 995 827 981 818 989 818 1000 859 1004 844 993 836 998 835 1007 629 999 671 1017 703 1002 715 979 717 963 709 955 733 934 741 927 745 925 690 938 714 912 730 902 741 897 667 931 685 905 698 897 707 895 645 932 655 918 662 917 667 921 
838 1071 796 1058 776 1029 774 1002 773 989 792 984 781 951 774 965 776 981 817 981 801 961 793 974 794 986 837 987 821 973 813 983 814 994 851 995 837 983 830 990 830 999 631 1000 673 1017 706 1002 716 979 714 963 711 955 736 934 748 924 755 919 690 937 716 912 732 903 743 899 668 930 687 906 701 901 711 900 648 932 661 924 671 928 676 934 
832 1062 790 1052 771 1025 768 999 767 987 784 978 774 948 768 961 770 976 810 975 795 956 787 969 788 981 830 981 815 967 807 977 809 988 845 990 831 977 824 983 824 993 631 1002 672 1021 704 1008 717 989 717 975 712 956 738 933 751 923 760 916 692 939 717 914 734 904 746 899 670 932 690 909 704 903 713 902 650 934 666 926 676 928 682 934 
822 1053 781 1041 758 1017 749 995 746 982 776 974 765 944 759 957 762 972 801 969 786 953 781 965 783 977 822 974 807 965 802 974 805 985 838 981 826 972 821 978 821 988 631 1006 672 1024 704 1011 719 994 718 980 712 959 737 937 749 926 757 919 691 942 717 916 734 905 745 899 669 935 690 912 701 911 708 914 650 936 666 928 675 932 680 939 
816 1045 774 1033 749 1008 735 988 725 976 771 967 751 941 743 957 746 971 794 963 771 946 763 959 766 971 812 967 790 956 784 967 787 980 826 974 807 965 802 973 805 984 631 1007 671 1025 703 1013 719 996 717 981 711 960 737 938 750 926 759 917 691 943 717 918 735 907 747 901 669 937 690 914 701 913 707 917 651 938 667 929 677 933 682 940 
810 1040 770 1031 747 1008 740 987 737 976 763 964 741 945 724 945 716 948 783 957 759 940 743 940 734 943 800 959 776 943 763 944 756 951 812 965 793 952 781 952 774 958 631 1007 670 1026 701 1015 717 999 718 985 711 962 737 937 749 924 758 914 691 945 717 917 734 906 746 901 670 937 692 913 705 908 714 909 651 938 670 928 681 930 687 936 
804 1033 763 1027 739 1004 727 985 722 974 755 956 731 945 713 945 704 947 776 950 750 939 732 940 721 944 792 951 767 940 752 943 745 949 802 958 780 948 768 949 761 955 632 1007 671 1025 703 1014 717 996 715 982 710 961 736 936 749 924 757 915 689 944 717 917 734 906 745 901 668 938 690 913 704 909 712 910 650 939 669 929 680 931 687 937 
800 1025 760 1024 735 1007 723 990 719 979 745 962 724 951 710 952 703 951 761 951 741 941 727 941 719 943 777 946 757 937 746 940 742 944 789 946 772 937 763 938 759 942 631 1008 670 1025 702 1015 716 996 716 981 708 962 735 938 748 926 757 916 688 945 716 918 733 907 745 902 667 938 690 913 703 909 712 909 650 940 669 927 680 927 687 932 
796 1021 757 1022 731 1004 723 983 722 969 741 963 722 955 709 955 701 953 757 951 738 943 724 941 716 942 773 946 754 938 742 938 736 941 786 945 769 937 758 937 753 939 630 1008 670 1026 701 1016 714 999 714 984 708 964 735 939 748 926 757 917 688 947 716 918 733 907 745 902 667 940 690 915 703 913 710 915 650 941 669 929 680 931 687 937 
792 1015 757 1019 732 1004 723 985 722 973 740 963 723 951 711 946 701 941 755 954 739 942 725 937 716 934 770 949 753 939 741 935 733 934 783 949 769 939 758 935 752 934 629 1010 668 1028 700 1017 715 1000 717 985 707 965 734 940 747 927 756 916 687 948 715 920 733 909 745 904 667 941 690 916 705 910 715 909 650 943 670 929 682 927 689 931 
629 1011 669 1028 701 1018 714 1000 716 986 708 966 734 941 747 927 756 917 687 949 715 922 733 912 745 905 667 943 690 917 705 911 714 910 650 944 671 928 683 925 690 927 791 1013 765 1012 742 998 729 984 723 976 743 961 727 953 716 953 708 952 750 957 734 949 723 949 717 952 760 957 743 950 736 953 733 958 769 960 756 954 751 954 749 957 
789 1010 760 1015 737 1002 727 984 722 971 739 969 723 956 709 950 698 945 749 957 734 944 720 939 709 936 761 948 746 937 731 932 721 929 772 944 757 934 744 929 734 927 629 1012 668 1029 701 1020 715 1001 717 987 708 968 734 942 746 929 755 919 688 951 716 923 733 912 745 906 667 944 690 918 704 912 713 911 651 945 671 929 683 927 690 930 
629 1012 668 1030 700 1021 714 1004 716 990 708 968 734 941 747 928 757 918 688 951 716 922 733 911 746 905 667 944 690 919 705 915 713 916 650 946 670 934 681 935 688 940 788 1008 762 1009 741 996 728 981 721 972 747 958 728 951 714 951 703 950 754 952 735 947 720 947 710 949 761 951 742 947 728 948 720 952 767 954 750 949 739 950 732 952 
628 1012 668 1030 701 1020 713 1002 714 987 708 967 734 941 747 929 756 919 688 951 716 923 733 912 745 907 668 944 690 919 705 913 714 912 650 946 670 930 682 928 690 931 786 1007 783 993 770 974 757 962 746 959 754 951 738 948 726 948 717 947 747 956 733 951 723 949 715 948 743 964 730 958 721 954 715 953 741 973 729 967 723 962 719 959 
628 1013 668 1030 700 1020 712 1001 712 987 709 967 734 941 746 928 755 919 688 951 715 924 732 913 744 907 667 945 690 920 704 915 712 915 650 946 669 933 681 933 687 936 786 1006 793 986 784 966 771 954 759 954 760 948 745 942 732 940 722 939 748 958 733 951 723 948 715 946 739 970 725 963 716 959 710 956 733 983 721 976 713 971 708 967 
627 1013 667 1030 699 1020 711 1002 711 987 707 968 733 943 746 930 755 920 687 952 715 924 732 913 744 907 667 945 690 920 704 914 714 914 650 946 670 929 683 927 691 930 783 1005 767 1002 749 986 740 971 735 962 747 961 732 950 717 944 706 940 748 960 733 949 719 943 709 939 750 961 735 952 723 946 714 942 753 965 738 956 728 951 720 947 
785 1008 756 1015 732 1002 722 986 718 976 737 966 724 960 713 957 704 955 751 957 737 950 725 949 717 948 766 952 753 947 740 945 733 945 781 953 770 948 760 949 755 950 627 1013 667 1031 699 1021 712 1002 714 988 707 968 733 942 746 930 756 921 687 952 715 924 732 914 744 908 666 945 689 921 704 916 712 916 650 947 670 935 682 934 689 939 
626 1013 666 1031 698 1022 711 1003 713 989 707 969 733 943 746 931 755 922 686 953 715 925 732 915 744 910 667 946 691 921 706 914 716 912 651 947 672 930 685 925 694 927 786 1008 758 1012 738 999 735 983 738 972 740 967 731 963 728 967 725 968 751 959 740 955 735 958 734 961 765 955 754 952 748 956 747 960 778 955 769 953 765 956 763 959 
-1 -1 -1 -1 -1 -1 -1 -1 -1 -1 -1 -1 -1 -1 -1 -1 -1 -1 -1 -1 -1 -1 -1 -1 -1 -1 -1 -1 -1 -1 -1 -1 -1 -1 -1 -1 -1 -1 -1 -1 -1 -1 626 1014 665 1032 698 1022 711 1004 714 990 707 970 732 943 745 931 755 922 687 954 715 925 732 915 744 910 666 947 690 922 705 916 715 915 650 948 670 934 683 931 691 933 
-1 -1 -1 -1 -1 -1 -1 -1 -1 -1 -1 -1 -1 -1 -1 -1 -1 -1 -1 -1 -1 -1 -1 -1 -1 -1 -1 -1 -1 -1 -1 -1 -1 -1 -1 -1 -1 -1 -1 -1 -1 -1 625 1014 665 1033 697 1023 711 1004 713 990 706 971 732 944 744 932 752 923 686 954 715 926 732 916 744 911 666 947 690 922 705 915 715 915 650 948 670 932 682 930 690 932 
-1 -1 -1 -1 -1 -1 -1 -1 -1 -1 -1 -1 -1 -1 -1 -1 -1 -1 -1 -1 -1 -1 -1 -1 -1 -1 -1 -1 -1 -1 -1 -1 -1 -1 -1 -1 -1 -1 -1 -1 -1 -1 624 1014 663 1033 696 1023 710 1005 713 991 705 970 731 944 744 931 753 921 685 954 713 926 731 917 743 912 665 948 689 922 704 916 714 914 649 949 669 932 682 928 691 930 
-1 -1 -1 -1 -1 -1 -1 -1 -1 -1 -1 -1 -1 -1 -1 -1 -1 -1 -1 -1 -1 -1 -1 -1 -1 -1 -1 -1 -1 -1 -1 -1 -1 -1 -1 -1 -1 -1 -1 -1 -1 -1 623 1014 663 1032 696 1021 710 1001 710 986 704 970 730 944 743 931 752 922 684 954 712 927 730 917 742 912 664 947 688 921 704 914 715 912 649 948 669 930 682 925 691 926 
-1 -1 -1 -1 -1 -1 -1 -1 -1 -1 -1 -1 -1 -1 -1 -1 -1 -1 -1 -1 -1 -1 -1 -1 -1 -1 -1 -1 -1 -1 -1 -1 -1 -1 -1 -1 -1 -1 -1 -1 -1 -1 621 1014 661 1032 695 1022 710 1003 709 989 702 970 728 945 741 933 750 924 682 954 711 927 729 917 741 912 663 947 687 921 703 913 714 910 648 948 669 931 682 926 692 926 
-1 -1 -1 -1 -1 -1 -1 -1 -1 -1 -1 -1 -1 -1 -1 -1 -1 -1 -1 -1 -1 -1 -1 -1 -1 -1 -1 -1 -1 -1 -1 -1 -1 -1 -1 -1 -1 -1 -1 -1 -1 -1 621 1013 660 1031 694 1021 709 1002 709 988 702 970 729 947 743 935 753 927 683 953 711 927 729 918 741 913 663 946 686 922 702 914 713 912 647 948 668 933 681 929 691 930 
-1 -1 -1 -1 -1 -1 -1 -1 -1 -1 -1 -1 -1 -1 -1 -1 -1 -1 -1 -1 -1 -1 -1 -1 -1 -1 -1 -1 -1 -1 -1 -1 -1 -1 -1 -1 -1 -1 -1 -1 -1 -1 620 1012 659 1031 694 1022 710 1003 709 988 701 970 730 948 745 937 755 930 682 952 711 927 730 919 743 917 661 945 685 921 701 915 712 915 645 947 666 935 679 935 687 938 
-1 -1 -1 -1 -1 -1 -1 -1 -1 -1 -1 -1 -1 -1 -1 -1 -1 -1 -1 -1 -1 -1 -1 -1 -1 -1 -1 -1 -1 -1 -1 -1 -1 -1 -1 -1 -1 -1 -1 -1 -1 -1 618 1010 658 1029 694 1019 711 999 712 983 700 969 731 949 746 941 757 935 681 950 712 927 731 919 744 917 661 942 685 921 701 916 712 916 644 943 664 936 676 939 683 945 
-1 -1 -1 -1 -1 -1 -1 -1 -1 -1 -1 -1 -1 -1 -1 -1 -1 -1 -1 -1 -1 -1 -1 -1 -1 -1 -1 -1 -1 -1 -1 -1 -1 -1 -1 -1 -1 -1 -1 -1 -1 -1 617 1007 657 1026 693 1016 712 997 714 981 698 965 732 948 747 942 759 939 680 945 712 925 732 919 744 919 659 938 684 918 701 912 711 912 640 940 660 937 671 943 677 951 
-1 -1 -1 -1 -1 -1 -1 -1 -1 -1 -1 -1 -1 -1 -1 -1 -1 -1 -1 -1 -1 -1 -1 -1 -1 -1 -1 -1 -1 -1 -1 -1 -1 -1 -1 -1 -1 -1 -1 -1 -1 -1 612 1005 654 1022 692 1011 713 993 718 977 695 960 727 946 744 942 756 941 677 942 708 923 728 918 740 918 656 935 681 916 699 909 711 908 638 937 659 932 672 937 680 943 
-1 -1 -1 -1 -1 -1 -1 -1 -1 -1 -1 -1 -1 -1 -1 -1 -1 -1 -1 -1 -1 -1 -1 -1 -1 -1 -1 -1 -1 -1 -1 -1 -1 -1 -1 -1 -1 -1 -1 -1 -1 -1 609 999 652 1016 691 1006 714 988 721 973 692 954 724 943 740 942 753 943 674 936 706 918 726 915 740 917 654 928 683 909 702 906 716 907 638 929 663 920 678 922 689 927 
-1 -1 -1 -1 -1 -1 -1 -1 -1 -1 -1 -1 -1 -1 -1 -1 -1 -1 -1 -1 -1 -1 -1 -1 -1 -1 -1 -1 -1 -1 -1 -1 -1 -1 -1 -1 -1 -1 -1 -1 -1 -1 609 990 650 1008 690 998 713 980 728 966 692 946 722 936 736 937 746 942 673 928 704 910 725 907 739 911 653 921 678 903 693 904 703 909 635 921 657 914 669 918 676 925 
-1 -1 -1 -1 -1 -1 -1 -1 -1 -1 -1 -1 -1 -1 -1 -1 -1 -1 -1 -1 -1 -1 -1 -1 -1 -1 -1 -1 -1 -1 -1 -1 -1 -1 -1 -1 -1 -1 -1 -1 -1 -1 605 982 647 999 687 989 713 972 730 959 688 935 720 931 730 941 734 951 670 917 703 902 723 903 735 908 651 911 676 894 691 896 701 901 634 912 657 902 669 904 677 910 
-1 -1 -1 -1 -1 -1 -1 -1 -1 -1 -1 -1 -1 -1 -1 -1 -1 -1 -1 -1 -1 -1 -1 -1 -1 -1 -1 -1 -1 -1 -1 -1 -1 -1 -1 -1 -1 -1 -1 -1 -1 -1 602 973 645 989 686 977 713 962 732 951 687 921 719 923 729 933 733 941 669 904 701 894 721 896 733 903 649 898 675 883 693 886 705 892 632 900 654 893 667 896 676 901 
838 1028 790 1035 755 1019 736 1005 723 999 758 967 722 959 703 963 693 966 775 959 738 951 721 958 712 965 789 960 757 956 742 964 736 972 799 965 772 963 758 968 753 976 604 963 646 977 688 964 717 948 736 936 686 908 718 909 725 919 726 927 667 891 698 878 719 882 731 891 647 886 671 869 687 874 697 881 631 889 653 881 665 885 672 893 
848 1021 806 1033 775 1019 752 1003 733 996 768 972 729 960 709 959 697 958 780 958 741 948 720 949 705 950 790 954 755 945 735 945 722 946 797 957 768 947 750 944 737 945 604 948 646 962 689 950 719 934 740 922 684 892 719 890 726 904 725 916 666 876 702 861 718 872 724 887 648 871 679 855 696 863 705 874 633 874 660 861 675 865 682 873 
865 1017 819 1027 784 1013 759 1000 739 998 785 965 745 962 725 964 709 963 797 953 756 950 733 956 715 961 807 952 773 952 753 959 740 967 814 957 788 957 772 961 762 970 604 934 649 948 690 935 719 918 739 905 684 873 721 867 729 887 726 901 665 858 704 845 718 861 720 878 646 855 679 841 697 853 703 867 632 860 659 849 675 855 682 864 
878 1010 835 1022 795 1008 767 994 748 993 798 960 756 959 732 964 715 964 809 949 766 952 741 960 722 967 817 949 780 956 760 965 746 973 822 954 793 958 776 964 765 973 606 921 652 932 693 918 723 899 737 884 685 857 722 848 732 867 732 883 666 842 705 831 718 848 718 866 648 839 682 825 698 838 701 854 634 843 662 831 676 839 681 850 
891 1004 847 1011 804 997 774 986 751 983 813 947 768 950 744 960 726 965 824 939 782 948 756 958 736 968 832 943 795 955 774 964 759 973 836 949 806 957 789 966 777 976 612 907 659 917 699 900 727 881 750 870 688 840 724 829 736 846 737 861 668 826 706 811 722 827 725 844 650 824 683 810 700 822 706 835 637 830 663 819 678 824 684 832 
905 995 862 998 820 981 788 972 763 970 828 931 780 934 757 947 741 957 837 927 792 935 767 947 747 961 843 933 804 943 782 952 766 963 847 941 815 949 797 959 784 970 621 892 665 900 703 883 729 865 751 855 693 825 728 806 741 818 743 832 675 813 710 797 725 810 729 825 659 812 688 796 704 805 710 818 648 817 670 803 684 806 691 813 
911 994 872 982 831 963 795 955 769 952 842 916 794 918 771 934 756 948 844 923 804 929 781 943 764 960 845 935 813 942 793 953 778 965 847 946 822 951 808 961 796 972 632 882 679 886 715 867 739 849 757 840 700 810 734 792 748 801 751 812 681 801 715 786 731 798 737 812 666 802 694 789 711 796 719 808 656 809 677 796 692 798 701 805 
913 987 874 973 839 948 810 931 788 921 855 899 807 897 784 912 771 925 859 905 815 907 794 926 782 945 860 916 824 921 807 937 796 953 861 925 836 930 824 943 816 957 642 869 689 872 723 855 747 838 768 830 708 801 739 782 754 787 761 797 689 792 722 779 740 788 749 801 675 793 703 782 720 789 730 801 666 799 688 790 702 792 712 801 
910 982 874 961 844 931 819 911 801 899 865 886 820 877 797 891 784 905 868 894 823 893 804 913 793 935 867 906 828 907 814 926 807 945 866 916 840 921 830 934 826 948 654 862 700 863 731 847 752 834 770 826 718 794 743 777 757 779 764 785 698 788 724 774 740 779 751 789 683 790 705 780 721 783 731 792 674 798 692 789 705 791 714 799 
906 977 870 954 844 921 823 898 806 881 872 883 827 864 800 865 783 870 875 891 828 883 806 901 795 921 873 903 833 900 816 919 809 937 872 911 843 913 831 925 825 936 663 855 708 857 739 842 760 832 775 826 727 790 748 773 761 773 768 777 708 785 729 772 743 775 754 782 693 788 712 779 727 781 737 788 684 796 701 788 713 789 722 795 
902 972 866 946 843 910 824 885 809 868 876 874 835 852 809 853 790 855 882 881 838 867 811 879 792 897 881 892 843 884 820 896 805 911 880 901 852 899 834 907 821 917 674 853 716 854 745 840 764 831 777 827 734 790 751 771 762 769 769 773 715 786 733 770 746 772 755 777 700 789 715 777 728 777 736 782 691 796 705 787 715 786 722 791 
895 968 863 939 844 903 826 877 810 859 875 869 836 845 811 845 793 846 880 876 841 858 815 864 794 879 879 887 844 875 820 881 802 891 875 897 849 892 831 896 817 903 681 850 723 852 751 838 767 830 779 828 740 788 753 770 762 769 768 773 720 786 733 770 744 771 751 776 704 790 716 779 727 779 733 784 694 799 704 791 713 792 718 799 
890 965 859 936 842 901 824 875 809 857 871 865 835 841 811 840 793 843 876 873 837 855 811 864 792 880 875 885 840 871 818 878 802 890 872 894 846 889 829 894 816 901 688 849 728 852 754 838 772 830 784 828 743 791 754 770 762 766 767 768 723 788 732 769 741 769 747 773 708 791 718 779 728 779 733 784 698 799 707 792 715 793 720 799 
885 962 853 935 837 901 821 876 806 859 867 863 833 840 810 839 793 840 873 870 836 853 810 860 791 873 871 881 839 868 816 876 799 887 868 890 844 885 827 890 813 897 694 849 735 850 759 836 775 830 785 831 745 792 753 772 759 765 763 766 724 790 731 773 737 770 741 772 709 795 717 785 725 783 730 786 700 803 707 796 714 796 718 800 
879 959 848 934 832 901 816 875 800 858 861 863 827 840 803 841 785 844 866 870 830 852 804 859 783 871 865 880 833 866 810 873 791 883 862 889 837 883 820 887 805 893 701 848 737 850 762 837 779 830 793 833 746 792 752 770 758 764 762 765 725 791 730 772 736 771 740 775 710 796 718 785 725 785 729 790 700 804 707 797 713 799 716 804 
872 957 840 934 824 900 808 873 792 857 856 863 820 839 795 841 777 845 862 868 824 852 799 859 779 871 862 878 827 866 805 872 787 882 859 886 834 881 816 885 801 892 706 847 739 850 762 838 780 831 796 837 748 795 754 771 758 764 761 765 728 793 731 771 735 770 740 776 714 797 719 784 725 786 728 792 703 804 708 797 713 799 716 804 
866 957 836 935 817 901 800 874 784 854 850 865 813 841 787 839 770 839 857 870 820 853 796 858 777 867 857 878 822 867 802 871 786 878 853 886 827 881 810 884 797 890 707 846 740 851 763 838 781 831 796 835 750 795 754 771 758 764 761 764 730 792 732 771 736 771 741 776 715 796 720 782 726 784 729 790 704 802 710 794 716 796 719 801 
860 956 830 933 811 901 793 874 780 855 844 864 810 839 786 836 768 834 852 869 816 853 792 855 772 860 853 878 820 869 799 870 782 874 850 887 824 881 808 883 793 888 710 846 743 851 762 841 773 834 780 831 750 794 754 771 758 764 761 763 730 792 732 770 736 771 740 777 715 796 719 781 725 783 728 790 704 803 709 793 715 795 718 801 
856 956 825 934 807 903 790 879 776 860 839 865 808 840 784 836 768 835 848 869 816 848 792 846 772 851 850 877 820 861 800 860 783 863 848 885 825 874 808 873 793 876 709 846 742 851 761 841 770 833 777 831 750 794 754 773 757 764 759 762 730 791 731 770 734 769 737 772 715 795 718 779 723 780 725 786 704 802 708 792 712 794 715 800 
853 954 821 933 803 903 787 879 772 863 836 865 804 840 782 835 765 832 847 869 815 848 791 847 772 851 849 877 819 861 799 861 783 866 848 885 826 873 808 872 793 877 713 845 745 849 762 838 772 832 779 829 750 791 755 771 757 763 759 763 730 789 731 766 734 767 737 772 714 793 716 777 721 778 725 784 703 802 705 792 711 793 714 799 
851 953 818 933 800 903 784 879 770 862 834 865 801 840 779 833 763 829 846 869 812 847 789 847 769 852 849 876 817 861 797 862 780 867 848 883 824 873 806 873 791 877 714 842 744 845 761 834 773 829 783 830 750 788 756 767 758 760 760 761 730 786 730 762 732 765 736 772 714 791 716 776 721 778 724 784 703 800 705 793 710 795 713 801 
851 953 816 934 798 904 783 879 769 864 832 867 802 841 781 833 765 829 846 869 815 845 793 842 774 845 851 876 821 859 801 858 784 863 851 884 828 871 811 869 796 873 715 842 744 844 759 833 767 827 774 826 751 788 756 766 758 758 759 758 731 785 730 761 732 761 735 768 715 789 717 773 721 774 724 778 704 798 707 788 711 789 715 793 
849 953 814 934 795 904 780 878 766 863 833 869 803 840 783 832 766 828 848 870 818 844 796 841 778 845 853 877 824 857 804 856 788 862 852 885 830 871 814 867 799 870 715 842 746 843 759 831 765 824 769 819 751 785 756 763 759 757 761 758 731 783 730 760 733 762 735 768 715 788 716 773 721 774 724 779 704 798 705 790 709 791 712 796 
851 951 814 935 794 905 780 879 765 863 830 869 801 840 781 832 765 827 847 869 818 841 796 838 779 840 853 875 827 853 808 850 792 854 853 883 833 867 818 862 804 863 713 840 746 842 761 831 767 823 768 819 750 786 754 762 758 755 761 755 730 784 730 760 734 761 738 767 715 788 716 771 722 772 726 778 705 797 707 787 712 787 715 792 
848 951 813 935 794 906 781 879 766 863 829 871 803 839 784 831 769 826 846 869 820 840 800 839 787 843 853 874 831 849 814 847 801 850 854 881 839 861 825 856 813 857 711 838 744 839 761 826 770 822 777 826 746 782 752 756 757 751 761 755 727 781 729 759 734 762 738 771 713 788 716 773 722 776 725 783 704 797 706 789 711 791 714 798 
848 949 813 937 796 907 784 881 772 864 826 869 805 839 789 830 776 826 845 867 823 836 804 831 791 832 854 871 836 843 820 836 806 836 856 876 844 853 830 844 818 842 709 838 744 839 763 824 771 815 776 815 744 781 747 755 754 750 760 754 726 781 730 763 737 764 742 767 713 787 719 775 726 775 731 780 706 795 711 787 717 787 721 792 
850 950 815 937 797 907 788 879 777 862 831 871 811 839 795 828 783 822 850 868 830 834 811 826 797 824 859 871 843 841 826 832 813 830 861 876 850 852 837 842 826 839 707 834 743 835 767 820 776 809 780 809 743 778 746 751 756 747 764 752 727 778 736 761 746 761 754 765 716 783 725 770 735 769 742 773 710 790 717 779 727 778 733 783 
852 953 817 937 802 907 794 880 787 861 836 875 815 840 800 826 789 817 857 871 841 833 823 822 808 817 868 873 854 840 838 828 823 824 870 878 861 853 849 841 838 835 708 831 744 831 769 815 780 807 782 809 743 775 745 747 757 745 766 755 728 776 741 763 752 768 758 775 718 783 731 775 742 779 748 786 712 791 723 783 732 786 737 793 
858 956 820 940 805 910 800 882 795 862 840 877 820 841 806 827 795 817 862 872 845 833 827 819 812 811 874 873 862 837 845 824 831 818 878 877 870 851 858 838 846 832 705 828 743 826 769 811 781 803 784 803 740 773 746 744 763 745 773 757 726 775 747 761 763 768 771 778 718 781 741 778 757 786 764 796 715 790 734 785 747 790 753 800 
861 959 825 944 809 913 802 882 796 860 842 881 825 841 811 824 801 814 865 875 849 832 833 815 820 807 878 874 868 835 853 821 841 815 884 877 880 850 870 835 860 828 703 829 743 822 768 805 783 797 784 796 740 768 756 750 774 755 783 767 727 772 749 759 766 768 776 780 719 781 743 777 760 784 771 795 716 793 736 790 750 793 758 801 
865 962 828 946 813 916 807 884 803 861 845 885 828 841 816 820 808 804 868 878 853 833 839 813 827 801 883 878 878 837 866 817 854 806 888 883 893 857 889 843 882 834 700 830 736 819 762 802 781 797 788 801 745 769 764 756 782 763 791 776 736 776 765 777 774 794 773 811 730 788 757 794 765 807 767 819 727 800 747 805 754 812 757 822 
868 963 832 947 815 919 808 889 800 869 845 885 829 840 818 817 809 800 870 879 854 831 841 806 829 790 887 879 880 836 871 812 860 796 894 883 901 856 900 838 896 824 701 833 733 814 760 799 778 794 786 799 742 770 770 763 787 772 795 785 740 783 767 780 775 789 775 800 740 798 763 802 769 809 768 817 740 813 757 815 759 820 757 827 
874 965 837 950 817 923 806 894 794 876 846 887 830 843 819 819 810 800 870 879 856 833 843 807 830 788 887 879 883 838 873 812 864 793 896 884 904 855 905 835 903 819 696 838 727 818 755 801 775 795 786 798 743 775 771 771 789 781 796 794 741 788 766 787 771 797 768 808 740 804 761 806 764 812 761 820 739 818 753 819 754 823 751 829 
876 967 838 951 817 922 804 891 790 871 843 889 829 848 819 825 811 807 868 881 855 837 843 810 831 791 885 880 882 839 873 813 864 794 896 883 905 854 908 834 909 817 690 843 722 824 750 806 773 798 789 797 741 780 769 778 786 790 793 802 738 796 765 794 778 803 785 813 736 813 756 815 764 821 767 827 733 829 746 831 748 835 747 840 
876 968 839 954 818 925 804 895 790 876 842 893 824 851 812 828 801 811 867 884 853 840 840 816 827 800 885 882 880 841 871 816 861 798 896 885 905 854 909 832 910 814 683 847 711 839 739 822 762 811 779 806 733 788 765 787 784 798 792 808 734 790 765 788 782 800 792 811 736 799 767 793 783 803 792 814 739 813 767 808 780 813 786 820 
876 969 838 955 815 925 800 896 785 877 840 897 820 853 807 831 795 817 866 887 849 842 833 820 817 809 884 884 878 842 865 819 851 806 895 887 906 856 907 834 906 816 671 850 694 845 721 831 741 824 756 819 725 796 757 796 772 804 778 811 729 794 763 793 775 804 780 812 734 799 770 796 781 806 784 814 741 813 772 808 782 813 783 819 
877 972 838 958 816 929 804 897 790 876 840 901 820 856 806 832 795 815 867 890 848 844 830 827 815 822 886 886 877 843 861 824 846 817 896 888 905 856 903 834 899 817 665 861 705 847 739 824 764 812 786 803 734 803 764 806 779 817 786 825 726 816 754 821 765 831 769 839 717 831 740 838 746 848 748 856 710 847 726 851 729 859 728 865 
877 975 838 961 815 932 803 900 792 877 839 907 821 861 808 836 797 820 866 894 848 847 831 833 817 832 886 890 876 846 859 833 844 832 897 891 906 859 901 837 893 823 661 871 707 857 740 833 764 815 784 798 733 814 760 812 778 817 786 819 719 820 746 820 760 825 771 829 707 830 730 831 745 835 756 839 700 843 717 843 727 846 732 851 
876 977 837 964 814 935 803 903 793 883 840 910 821 861 808 837 797 821 867 897 848 847 830 833 817 832 886 893 876 846 859 834 845 835 897 895 906 861 900 840 891 827 659 874 699 866 730 849 753 837 770 823 725 820 757 823 776 828 785 830 720 819 751 821 766 827 778 831 718 825 747 821 764 823 776 825 718 839 746 827 760 820 770 815 
874 979 836 965 814 936 802 905 793 886 839 910 824 862 811 838 799 823 867 898 849 848 830 833 817 832 887 893 875 847 857 834 843 835 899 894 905 858 896 838 884 830 668 876 705 858 737 842 762 832 781 823 734 820 764 825 783 834 791 840 728 833 756 840 769 851 779 857 723 848 749 858 758 868 764 874 718 866 739 874 746 879 747 884 
873 981 835 966 812 937 799 905 787 884 839 911 825 862 812 839 801 825 867 899 849 850 832 837 820 836 886 894 876 849 859 837 845 837 897 895 906 860 898 840 888 829 669 884 704 881 740 871 767 863 788 853 738 831 769 826 783 839 786 854 733 841 762 848 772 868 773 885 728 853 750 864 758 880 759 894 723 863 740 869 746 880 747 892 
873 982 834 966 809 936 795 902 785 878 839 911 823 863 809 841 798 828 867 900 846 852 829 842 819 843 886 896 873 850 856 840 844 840 898 897 905 862 898 841 889 830 660 895 700 896 740 886 772 885 797 882 735 836 771 830 790 844 800 860 725 841 758 845 778 860 791 877 715 850 743 859 763 870 777 886 707 863 729 868 743 877 753 889 
873 985 834 972 809 943 798 911 788 890 837 916 820 868 807 847 796 833 864 904 842 854 824 845 814 848 883 899 869 852 851 843 838 845 896 899 904 865 896 844 886 832 659 901 703 903 742 892 773 888 800 887 730 838 766 831 786 845 796 861 719 839 756 839 776 854 790 871 710 847 742 852 762 862 778 876 705 858 730 863 746 870 758 881 
873 990 833 976 810 948 800 916 794 896 837 920 818 871 805 849 793 835 863 907 840 859 822 850 811 852 883 902 867 856 849 847 835 848 895 902 901 868 895 847 886 833 659 906 702 906 739 892 770 885 797 882 726 840 764 834 784 851 792 868 716 840 753 841 774 856 787 873 708 847 739 852 759 863 774 877 704 858 729 861 745 869 756 880 
873 994 834 981 810 954 800 925 796 905 835 922 816 874 803 851 792 836 862 911 838 861 821 854 811 858 882 906 865 858 848 848 834 850 896 906 901 872 896 849 888 834 656 911 698 908 735 893 767 886 794 882 721 843 759 836 780 851 789 867 713 846 750 844 773 857 787 873 707 854 738 857 759 865 774 878 703 866 727 868 744 874 756 885 
873 998 833 987 810 960 795 928 785 905 835 928 813 877 800 852 791 834 863 914 839 865 822 854 811 856 883 909 868 861 850 848 835 846 894 908 901 876 899 853 893 836 653 914 696 911 731 896 762 888 788 883 716 847 756 840 776 855 785 870 709 848 747 845 768 858 782 872 703 856 735 857 755 865 770 877 701 868 726 867 742 873 754 882 
871 1001 829 992 801 970 780 947 762 933 828 925 811 878 799 854 789 838 856 913 838 867 820 851 805 847 877 910 868 865 851 849 836 844 891 913 901 881 900 859 895 841 652 917 694 914 730 898 762 889 789 883 715 847 756 841 776 857 785 873 707 848 745 847 767 860 781 876 700 857 733 859 754 868 768 882 697 869 723 869 739 876 751 887 
868 1009 827 998 799 975 776 951 756 934 827 932 809 884 796 859 786 843 855 920 840 872 821 854 806 850 875 916 866 870 848 852 831 846 887 917 897 883 895 858 890 840 648 921 688 920 725 904 757 895 784 890 714 850 755 846 773 862 780 878 707 853 746 855 768 868 781 883 702 864 736 869 758 879 773 893 700 877 727 882 744 890 757 902 
866 1015 823 1005 796 978 777 947 758 927 824 940 803 892 789 867 777 848 852 927 834 878 815 859 799 854 872 922 863 875 845 859 830 855 884 922 893 886 892 861 888 842 648 924 689 921 728 908 759 898 781 893 717 853 756 851 777 868 786 885 711 859 746 864 769 879 783 896 705 873 736 884 757 897 772 911 702 888 726 897 743 906 755 919 
861 1022 819 1009 794 980 778 947 761 926 824 950 803 899 789 873 778 854 852 936 831 886 811 869 796 865 871 929 860 881 843 866 829 863 881 929 890 894 888 869 882 851 647 930 689 928 728 913 761 904 785 898 716 857 757 857 776 877 784 894 709 863 746 872 767 890 781 908 703 875 734 891 754 906 768 922 698 890 724 902 740 914 752 929 
862 1026 820 1013 796 981 786 947 778 925 829 956 808 905 792 880 779 862 857 942 835 890 815 874 800 871 876 935 864 887 848 868 833 862 886 935 895 899 890 875 882 858 646 934 687 930 727 916 760 909 786 907 718 862 760 864 778 886 785 905 713 868 749 876 770 894 782 912 707 881 738 893 757 906 770 922 703 896 727 903 743 914 753 927 
863 1029 823 1018 800 987 791 954 785 936 834 963 810 911 794 885 781 867 862 948 835 895 816 882 805 881 881 940 864 890 849 872 837 864 892 937 896 902 889 879 879 865 647 939 686 933 726 921 761 918 790 918 720 866 764 871 785 893 796 912 717 877 756 886 779 904 795 922 713 893 747 905 767 918 782 934 710 909 736 918 752 927 765 940 
864 1030 825 1019 802 991 795 957 786 937 836 969 813 916 797 891 784 873 864 953 836 898 817 887 808 890 884 945 865 893 849 876 837 871 895 942 898 904 890 884 878 872 646 939 687 938 727 930 762 928 792 927 725 870 769 873 796 889 814 904 719 879 759 886 785 900 805 917 714 893 747 901 771 912 790 926 709 907 737 913 756 920 772 930 
865 1033 827 1021 804 989 796 956 790 937 839 970 815 919 798 895 785 879 867 955 838 900 818 888 807 887 887 946 868 893 851 874 839 865 898 944 898 902 888 881 875 869 644 943 685 942 727 934 764 933 796 934 727 874 772 879 802 896 822 912 721 882 763 891 792 906 814 923 716 895 752 904 777 914 798 928 711 908 742 913 763 920 780 929 
867 1035 828 1024 805 992 800 958 796 942 842 973 814 921 796 897 782 881 870 957 837 901 817 889 806 889 889 948 868 894 850 875 838 867 900 944 897 903 885 883 872 872 642 946 684 945 727 937 765 935 797 937 727 878 774 884 805 901 826 918 723 887 766 896 795 912 817 929 719 900 755 909 782 920 803 933 714 913 747 918 769 925 787 935 
869 1039 828 1027 803 995 794 961 789 939 842 978 815 926 798 901 785 883 871 961 839 907 817 897 805 899 891 950 864 898 843 889 830 890 900 945 892 901 876 882 862 873 641 950 684 948 725 938 762 933 793 934 722 878 770 885 795 908 809 929 717 885 760 895 785 915 804 934 713 898 748 909 772 922 788 939 708 911 738 918 758 927 773 940 
867 1045 826 1032 798 995 784 960 770 941 836 978 810 924 794 899 781 881 865 963 836 906 812 893 797 894 885 955 861 901 838 894 825 898 896 952 888 907 872 889 858 883 645 955 685 949 724 936 759 930 788 934 718 879 764 884 788 906 801 926 717 890 759 898 784 916 803 934 717 906 751 916 774 927 791 941 716 921 745 928 764 936 778 948 
863 1052 822 1037 795 1002 779 968 761 949 830 982 807 927 793 898 783 876 860 966 834 908 810 892 794 891 880 958 859 906 836 894 820 894 891 954 885 910 871 889 856 879 644 956 685 950 723 937 757 929 785 928 712 879 756 882 776 901 785 918 709 888 748 894 771 910 787 926 707 902 739 911 760 922 775 936 705 918 731 923 749 931 761 942 
861 1058 820 1042 793 1007 778 973 761 952 827 988 808 929 795 898 786 877 857 975 838 914 816 893 800 888 878 967 863 910 841 893 823 890 889 962 885 916 871 895 856 884 644 955 686 951 724 937 757 930 784 929 711 879 754 880 774 898 783 914 705 885 744 891 765 906 780 922 700 897 733 906 754 917 768 932 698 911 723 916 740 924 753 936 
859 1061 816 1045 792 1008 780 974 764 955 827 992 808 934 795 903 785 882 858 979 839 918 818 896 802 889 878 971 867 912 848 891 831 884 887 968 883 924 869 903 855 894 643 957 685 953 723 939 756 933 784 933 710 882 753 882 773 899 783 915 705 888 744 892 766 907 780 922 701 900 734 907 754 918 769 933 699 914 725 917 742 925 755 936 
858 1064 816 1046 792 1006 783 969 771 947 830 997 810 938 795 908 783 886 862 983 843 919 818 904 801 905 881 975 872 914 848 903 832 906 888 972 884 927 865 912 849 910 642 962 682 955 723 942 759 938 787 939 712 888 756 888 777 907 788 925 710 898 749 903 773 919 790 936 707 914 740 922 762 933 779 947 705 930 731 935 748 943 762 954 
857 1066 815 1047 794 1009 790 971 787 951 838 1001 816 945 798 919 786 900 868 986 846 924 821 917 807 925 887 977 874 919 850 912 836 919 893 973 885 931 865 920 852 924 643 968 683 961 724 949 761 947 790 949 712 892 756 891 779 909 791 928 710 904 750 906 774 922 790 939 707 919 740 926 762 936 778 951 706 935 732 940 748 946 760 957 
861 1068 819 1050 797 1014 794 975 792 950 842 1008 816 954 797 927 784 905 874 991 844 928 821 929 813 940 892 980 873 919 851 916 842 925 898 973 888 933 870 924 859 927 639 971 682 966 725 957 761 959 792 961 718 901 760 897 786 913 801 929 713 911 751 915 778 928 796 945 707 925 739 933 762 944 780 958 702 941 729 947 746 954 760 964 
862 1069 822 1052 798 1018 794 979 790 955 844 1008 816 953 794 926 780 907 875 992 843 931 817 927 807 933 893 982 872 921 849 918 839 926 899 976 884 932 865 925 855 930 638 978 683 972 725 962 761 963 792 966 719 901 764 904 792 920 810 936 714 915 753 924 781 941 801 959 708 933 740 944 764 957 781 972 702 951 729 959 747 967 761 977 
862 1071 822 1054 796 1018 791 979 785 954 842 1010 815 956 794 930 780 910 873 994 839 935 816 933 807 942 891 982 867 924 846 925 838 936 898 975 880 934 862 930 853 938 639 983 682 977 724 965 761 964 791 967 714 903 762 908 790 927 807 945 709 916 753 924 781 942 802 960 705 934 742 943 768 955 787 970 702 952 733 958 753 965 769 976 
863 1076 822 1060 796 1024 789 986 782 961 841 1015 814 962 794 935 781 914 871 998 839 939 814 935 803 942 889 987 868 930 845 928 835 937 894 981 881 938 860 931 848 938 639 987 682 981 723 967 760 963 788 965 709 906 757 910 780 931 791 951 705 913 748 922 772 941 790 960 702 926 738 938 761 951 777 968 700 941 728 949 746 958 760 971 
863 1080 821 1061 793 1023 782 986 770 963 834 1015 809 961 792 935 778 915 864 999 835 940 810 929 795 930 884 989 864 931 843 927 831 935 892 984 878 941 860 935 848 941 641 988 681 982 720 968 755 962 782 962 709 909 753 910 776 926 789 942 706 916 746 923 771 938 790 954 703 929 738 938 761 949 778 964 701 944 729 950 747 957 761 969 
860 1086 819 1067 791 1031 776 996 759 977 828 1014 806 961 792 933 781 913 858 1000 835 941 811 926 793 924 878 994 865 937 843 928 828 932 886 993 879 952 862 940 847 940 643 986 683 983 721 969 754 961 780 958 709 909 752 910 774 925 787 940 701 912 741 919 765 934 783 951 696 923 730 933 753 945 770 961 692 937 719 943 737 952 752 965 
853 1086 812 1067 787 1031 774 995 757 978 825 1018 807 963 791 937 779 919 855 1005 835 943 811 929 793 930 874 997 862 939 839 931 823 936 881 995 875 952 857 941 843 941 642 987 681 983 720 968 754 964 781 964 708 909 751 912 774 929 788 946 702 914 742 922 768 938 786 955 698 926 733 937 757 950 775 965 694 940 723 948 741 957 755 970 
852 1089 810 1069 788 1033 781 997 774 974 826 1019 805 970 790 945 779 927 854 1006 833 948 810 938 797 942 873 999 861 945 839 938 826 944 881 997 878 958 861 948 849 951 641 987 680 985 721 972 755 971 779 972 712 912 755 919 779 938 792 956 707 918 747 928 773 945 791 962 703 931 739 944 762 958 779 974 700 946 729 955 747 965 761 978 
853 1090 812 1074 791 1041 784 1006 781 986 830 1023 805 974 786 952 774 937 858 1008 831 951 809 952 801 964 876 1001 858 946 835 946 826 957 884 999 876 957 857 952 845 958 638 990 680 991 722 982 757 982 786 985 714 924 758 927 784 942 802 956 706 927 748 938 774 953 795 969 700 938 736 952 760 965 779 981 694 951 725 961 744 971 759 984 
853 1089 814 1075 792 1045 786 1012 785 991 832 1023 805 972 786 951 775 937 860 1008 830 954 810 955 805 965 877 1001 856 947 834 947 825 956 885 999 874 958 855 951 844 955 635 994 678 997 721 990 756 991 787 991 721 934 761 931 787 945 803 959 713 942 752 947 777 961 796 978 705 954 738 964 761 975 779 990 697 969 725 976 743 983 757 994 
856 1091 817 1078 793 1047 786 1014 783 992 835 1024 805 975 784 953 771 938 862 1009 829 956 808 955 801 964 878 1001 852 949 830 947 820 954 883 998 864 961 845 955 834 959 632 999 675 1004 717 999 753 998 786 996 720 938 763 930 792 940 811 951 712 944 754 943 781 954 802 970 706 953 742 957 766 966 786 979 700 966 731 969 752 974 769 983 
858 1093 819 1081 797 1052 788 1021 780 1003 836 1021 805 974 786 955 774 943 862 1007 829 956 806 956 796 964 876 1001 852 950 828 949 818 957 881 999 860 961 841 956 830 961 629 1001 675 1010 717 1004 751 1003 781 1003 719 942 761 933 787 942 803 953 706 942 748 943 773 956 793 972 695 948 730 958 753 969 771 985 686 960 714 967 732 975 746 987 
858 1094 817 1080 796 1050 787 1019 779 999 834 1016 805 971 786 956 773 947 860 1003 827 955 804 954 793 961 874 997 848 950 826 948 814 955 878 996 858 962 840 957 829 961 625 1002 675 1013 718 1007 754 1009 786 1015 718 940 757 931 781 938 796 948 701 936 740 935 765 946 783 962 687 939 721 945 744 954 761 968 677 949 703 953 723 960 737 971 
857 1094 816 1079 794 1047 784 1015 775 993 830 1012 801 968 782 952 768 944 856 1000 824 952 802 952 792 959 870 995 846 948 825 946 813 953 875 995 858 961 840 955 829 958 621 1001 671 1015 712 1009 747 1012 774 1020 711 941 748 929 769 931 781 936 692 932 729 924 750 929 766 937 677 933 709 926 730 929 746 935 666 940 692 933 711 933 724 938 
856 1093 814 1076 791 1045 779 1011 767 988 824 1009 800 968 783 951 771 941 850 997 821 953 799 948 786 951 866 993 842 951 821 946 809 950 872 994 855 961 839 952 827 953 623 998 668 1014 708 1009 741 1009 769 1014 708 943 743 928 764 924 776 923 690 932 724 918 743 918 759 920 677 930 707 917 726 915 741 916 668 935 693 923 710 919 723 920 
856 1093 811 1075 787 1040 777 1005 768 980 816 1006 795 963 781 950 770 943 842 995 815 954 797 950 787 953 859 993 836 953 818 948 807 951 867 996 851 965 835 955 824 955 621 999 664 1013 705 1009 739 1009 767 1014 704 945 737 928 756 923 768 921 688 935 721 921 739 920 754 922 675 933 705 921 723 918 738 918 666 937 692 926 709 923 721 924 
853 1091 809 1075 785 1042 771 1011 757 992 811 1004 790 960 776 950 765 948 837 993 809 957 793 959 784 967 854 993 830 961 814 961 805 968 863 997 846 973 832 968 823 973 621 999 663 1014 705 1009 740 1010 769 1015 703 946 737 928 755 921 767 917 688 936 722 923 741 923 756 927 676 933 706 924 725 923 739 924 667 937 693 929 710 928 722 929 
852 1090 806 1079 781 1047 765 1015 752 996 807 1001 788 957 774 953 764 958 834 993 811 958 795 962 786 971 852 995 831 966 815 969 807 977 863 1000 847 978 833 978 824 984 620 1002 666 1015 708 1008 745 1008 775 1012 705 947 739 930 758 923 770 918 689 938 722 926 743 926 759 929 676 936 706 928 726 927 741 928 667 939 693 933 711 932 723 934 
850 1088 804 1077 777 1048 757 1022 741 1011 803 1000 783 958 770 965 765 978 830 992 804 958 791 969 787 982 849 994 825 966 812 975 809 988 859 1000 841 978 829 982 824 994 624 1003 667 1017 707 1011 744 1006 775 1007 707 952 744 933 764 928 778 925 693 940 729 928 750 928 767 930 681 937 713 927 732 925 749 927 673 939 700 929 718 927 731 928 
849 1086 801 1075 776 1044 760 1018 747 1002 802 999 781 960 772 977 772 994 828 990 804 960 793 975 794 988 847 992 823 967 813 978 812 990 857 997 838 976 828 982 827 993 628 1003 671 1018 710 1011 745 1003 776 1001 709 956 746 937 767 931 781 928 695 944 731 930 752 928 769 930 684 940 715 928 736 926 752 928 676 943 702 933 721 930 734 932 
844 1087 798 1075 770 1044 753 1018 739 1004 799 996 778 963 769 979 770 995 826 989 803 962 792 976 793 989 844 991 823 969 812 979 811 991 855 998 837 978 828 984 827 994 631 1004 674 1020 714 1012 748 1000 778 995 714 957 750 941 772 935 786 932 699 944 735 932 756 931 774 932 687 941 720 931 740 929 757 931 678 944 706 934 725 932 739 935 
841 1084 799 1076 771 1051 752 1029 738 1016 789 997 771 970 762 981 761 991 815 988 794 960 781 970 778 982 834 988 816 961 802 966 797 976 848 994 834 968 821 966 814 972 632 1005 675 1022 716 1013 749 1000 780 993 714 961 751 943 773 938 788 936 699 948 736 934 759 931 777 933 688 944 721 932 742 929 760 931 679 947 707 935 726 932 741 934 
837 1083 796 1075 772 1050 760 1028 751 1013 787 999 766 979 756 985 754 989 811 989 789 963 776 969 772 978 831 989 813 962 798 962 793 968 845 996 835 968 822 962 815 965 634 1006 676 1025 715 1016 749 1002 779 994 714 963 753 945 775 941 790 939 700 949 740 936 763 935 781 939 690 945 726 934 748 934 765 937 683 947 713 937 732 936 747 940 
834 1080 793 1073 773 1048 764 1024 759 1008 787 1000 764 980 751 979 746 978 812 988 795 960 781 958 774 960 832 988 822 958 810 951 802 949 846 995 840 970 831 964 824 965 635 1007 677 1027 717 1016 750 1002 779 995 716 964 755 947 778 943 794 941 702 950 742 937 765 937 783 940 692 946 727 937 748 937 765 941 684 950 714 940 733 940 747 943 
831 1077 791 1067 774 1040 770 1017 766 1001 789 996 765 976 750 975 745 975 814 986 798 954 785 956 780 962 833 987 827 955 815 956 809 961 847 996 844 974 835 972 829 977 637 1008 679 1027 719 1017 752 1004 781 996 717 966 756 950 778 946 793 944 704 952 742 939 764 938 780 941 692 948 726 938 747 938 762 941 685 950 713 941 732 940 745 943 
827 1075 790 1063 776 1037 772 1016 772 1001 786 997 768 971 758 963 753 958 810 987 798 953 786 948 779 948 830 987 824 956 814 951 807 950 845 993 844 970 836 963 828 963 637 1010 680 1029 719 1019 753 1004 783 996 718 967 757 952 778 948 793 945 705 952 743 940 765 939 781 941 693 948 728 938 749 937 765 941 686 950 715 940 734 939 748 942 
635 1010 678 1030 717 1019 751 1005 780 998 719 968 758 954 779 950 793 948 705 953 743 941 764 940 778 942 693 949 727 938 747 938 763 941 685 952 714 941 731 940 745 942 831 1077 801 1063 787 1035 783 1016 780 1004 807 999 785 973 771 965 762 960 819 989 802 958 786 950 775 948 828 987 814 959 800 949 791 945 833 992 825 977 817 971 810 970 
828 1076 789 1064 774 1033 774 1012 777 999 790 995 770 972 756 965 749 961 812 988 798 958 782 949 772 946 831 989 819 963 806 955 797 951 844 996 837 975 827 967 818 965 636 1012 678 1031 716 1020 750 1005 780 998 719 969 758 954 779 950 793 948 705 953 743 941 764 941 778 944 693 949 728 938 747 939 762 942 685 951 714 940 731 940 745 943 
829 1077 789 1062 775 1033 775 1012 778 1000 789 995 773 973 761 969 756 968 812 990 799 963 786 958 779 958 831 993 819 969 807 963 800 961 845 1000 838 981 829 973 821 970 635 1011 678 1030 716 1020 749 1005 778 997 718 969 758 954 779 950 793 947 704 954 742 941 763 941 777 943 692 949 726 938 746 939 760 942 684 952 712 941 729 940 743 942 
829 1075 789 1062 776 1035 777 1016 779 1004 792 995 774 976 762 976 758 977 814 990 799 964 787 964 780 967 833 993 821 971 809 968 802 969 847 1001 840 982 831 977 824 978 636 1011 678 1030 717 1019 750 1004 781 996 720 967 759 953 780 950 794 948 706 953 744 941 765 941 780 943 694 948 727 938 748 939 763 942 685 951 713 940 731 939 745 942 
636 1012 679 1030 717 1019 750 1004 781 996 718 968 758 953 779 951 793 950 705 953 744 942 765 943 779 947 694 949 728 939 748 940 763 945 685 951 714 941 731 941 744 945 834 1075 848 1046 841 1017 828 1004 813 1000 844 994 822 978 806 974 796 972 827 990 804 974 788 974 780 978 809 995 783 984 768 988 761 994 791 1007 770 1013 762 1020 758 1028 
636 1012 680 1030 717 1019 750 1004 781 996 717 968 757 953 779 952 793 951 704 953 744 942 766 943 781 947 693 949 728 939 749 941 764 946 684 952 713 942 732 942 746 945 833 1073 844 1047 838 1017 826 1002 812 997 838 989 816 980 804 983 799 986 824 989 803 980 791 986 787 994 808 996 786 991 778 1000 777 1008 790 1009 771 1017 769 1027 771 1035 
828 1068 790 1054 778 1024 784 1008 792 1003 804 988 795 976 787 981 785 986 823 989 813 977 803 980 799 987 839 998 826 989 816 992 813 999 848 1008 836 1004 827 1008 823 1014 636 1011 679 1030 717 1020 751 1004 781 996 718 968 758 954 780 953 794 952 705 953 746 942 768 944 783 949 694 949 730 939 751 941 766 947 685 951 715 942 733 942 747 946 
636 1011 679 1031 717 1020 751 1006 781 997 719 969 759 954 780 953 794 953 705 954 745 942 767 944 780 950 694 950 729 939 749 941 764 946 685 952 715 941 733 941 746 945 831 1066 810 1045 801 1016 802 1003 802 999 815 986 801 977 793 986 794 993 820 990 805 979 796 987 796 997 821 1001 804 995 796 1004 798 1013 820 1016 800 1018 795 1026 796 1034 
831 1069 793 1055 781 1025 789 1010 797 1005 805 991 799 977 792 984 793 992 822 992 812 981 804 989 803 998 835 1002 821 996 812 1003 812 1012 844 1013 827 1014 819 1020 818 1029 637 1011 680 1031 719 1021 752 1006 781 997 721 969 760 955 781 954 795 953 707 955 746 943 766 944 780 949 695 950 729 940 749 941 763 946 686 953 714 942 732 941 744 945 
829 1067 794 1055 783 1028 788 1012 795 1004 800 995 791 982 786 992 788 1001 815 992 806 976 798 985 799 996 829 996 818 984 811 992 812 1002 840 1004 829 998 822 1004 822 1012 637 1011 680 1031 719 1021 753 1006 783 997 720 970 760 955 782 953 796 952 707 955 747 943 768 944 782 950 695 950 730 940 751 942 765 947 687 953 715 943 734 943 747 948 
832 1068 799 1055 786 1030 789 1015 794 1009 804 996 793 986 786 996 787 1003 817 995 804 983 795 992 796 1001 827 1001 812 994 804 1002 807 1011 834 1011 819 1011 812 1019 813 1027 637 1012 680 1031 719 1021 753 1006 783 997 721 970 760 955 781 952 796 951 707 956 746 943 767 945 781 950 695 951 729 942 749 943 764 948 686 955 713 946 731 947 744 952 
833 1069 792 1063 775 1038 778 1020 787 1010 790 1001 780 999 777 1010 780 1018 810 997 799 991 793 1001 795 1010 828 1000 816 993 809 1002 812 1010 843 1007 832 1003 825 1008 826 1015 635 1011 679 1030 719 1019 752 1004 782 996 721 969 760 953 780 950 794 950 706 955 745 944 766 946 781 952 694 952 729 945 749 949 764 956 685 955 712 951 730 955 743 962 
832 1065 792 1063 773 1043 774 1025 783 1014 787 1002 778 1004 775 1015 777 1023 808 997 797 997 793 1005 795 1012 827 1000 816 996 811 1003 813 1010 842 1007 832 1003 826 1007 826 1014 631 1008 677 1027 718 1015 751 1001 780 993 720 966 757 952 777 950 791 951 704 954 741 945 763 947 780 952 691 951 725 950 745 954 760 963 681 957 708 958 726 963 737 972 
834 1063 795 1065 776 1045 779 1026 789 1014 779 1003 775 1010 777 1022 782 1030 801 996 794 999 793 1010 798 1019 822 997 814 997 810 1008 815 1016 841 1004 832 1005 827 1013 829 1019 631 1005 675 1024 716 1012 748 997 777 987 717 965 755 949 776 946 791 947 702 952 740 941 762 941 778 947 690 949 724 943 745 945 761 952 680 954 708 952 726 955 740 963 
836 1061 800 1067 775 1051 766 1036 762 1027 779 1000 770 1013 774 1027 782 1034 802 993 790 1006 790 1019 797 1026 823 996 810 1003 807 1015 813 1022 840 1003 828 1007 824 1016 827 1023 630 1001 673 1019 713 1007 747 992 776 983 716 958 756 945 777 943 791 944 701 944 740 936 760 940 776 946 689 941 724 937 744 940 760 947 680 945 709 942 728 946 741 953 
839 1058 803 1065 777 1050 764 1036 753 1029 778 999 769 1004 772 1017 778 1026 800 992 789 996 789 1008 795 1018 821 992 810 992 807 1003 812 1012 840 998 829 997 824 1006 828 1013 626 997 673 1013 714 998 746 984 775 974 713 948 755 937 775 941 791 944 697 938 736 939 758 950 773 964 683 939 717 948 737 963 749 979 672 946 699 956 715 969 725 984 
848 1053 809 1062 781 1049 772 1035 769 1027 784 992 777 1003 782 1016 789 1023 807 985 798 993 799 1005 805 1012 829 987 819 993 817 1003 822 1009 846 995 838 1000 835 1008 839 1014 627 991 673 1005 713 992 747 977 775 968 712 940 755 931 776 935 790 940 697 928 738 926 758 938 772 953 685 927 721 930 741 943 755 958 675 934 703 938 722 948 735 962 
853 1046 815 1057 784 1043 768 1031 753 1025 784 990 769 990 767 1002 771 1011 805 980 791 983 787 993 790 1001 826 981 813 982 808 991 811 998 844 987 831 987 826 993 828 1001 626 985 672 997 713 983 747 967 775 956 713 928 756 921 775 926 789 932 698 918 738 920 757 935 770 952 684 919 720 925 739 939 752 957 673 926 701 932 720 943 733 958 
860 1044 820 1052 787 1036 767 1021 748 1014 796 985 774 979 762 985 754 993 817 975 793 972 780 979 773 987 836 974 813 972 801 977 797 984 851 979 832 976 822 981 818 990 625 980 675 989 716 972 749 956 775 944 709 917 752 911 773 917 787 923 693 910 734 916 753 933 766 950 680 913 716 926 735 941 747 958 671 922 699 934 716 947 726 963 
870 1041 827 1043 793 1024 768 1008 747 1001 810 972 775 970 759 985 752 998 830 964 796 966 782 983 776 999 846 966 815 967 802 980 798 995 858 972 833 972 820 980 815 992 624 971 673 978 713 962 746 945 772 932 704 911 747 900 769 905 785 912 690 905 731 905 753 917 769 931 679 909 714 916 736 926 751 939 671 919 700 926 717 934 729 947 
877 1038 835 1037 799 1016 772 998 752 986 824 960 781 959 762 975 756 989 842 953 800 962 789 985 789 1002 853 956 814 966 804 985 805 1003 859 963 827 969 817 983 816 998 627 962 672 969 711 952 741 935 766 926 702 901 744 890 766 893 782 899 689 895 730 896 752 910 767 926 680 898 715 905 735 918 749 932 674 906 701 914 718 925 729 938 
880 1034 835 1030 805 1001 781 976 761 962 834 952 789 943 771 958 766 972 852 947 809 947 796 967 795 982 863 950 823 951 813 968 814 985 868 957 835 958 826 970 825 982 629 953 672 956 710 939 739 922 761 910 703 888 743 878 764 882 780 888 690 885 730 887 750 900 765 915 681 892 715 898 735 909 751 922 676 902 702 907 719 916 732 928 
882 1030 837 1019 808 988 785 964 764 950 846 940 798 933 775 941 763 950 864 936 819 932 793 942 778 955 874 942 831 940 810 948 798 960 876 950 843 949 825 954 813 964 631 944 677 946 714 926 740 907 761 892 701 879 741 867 762 871 777 876 687 876 724 875 744 885 760 896 677 883 709 888 728 898 743 910 672 893 696 898 712 907 725 919 
881 1024 838 1007 813 974 794 948 777 931 854 930 810 918 783 927 769 935 872 931 824 930 796 944 779 961 879 940 832 942 807 953 792 969 881 950 845 951 825 958 811 970 632 935 679 932 715 912 741 892 762 879 698 869 736 855 759 860 775 866 686 869 722 862 744 870 760 881 678 877 709 876 730 882 745 892 674 888 698 889 714 894 728 904 
883 1012 842 997 817 966 800 940 785 923 854 922 814 901 792 910 780 921 874 922 837 906 814 917 800 930 883 930 852 916 832 924 819 937 887 939 861 929 844 933 831 942 635 927 676 925 709 904 736 883 758 868 694 863 731 846 754 848 769 853 684 863 720 850 741 854 759 861 679 870 709 863 730 865 746 872 676 880 700 874 717 875 731 882 
880 1005 841 989 817 960 801 936 787 922 851 914 814 896 795 901 784 906 870 911 834 894 813 901 798 910 880 917 851 902 833 904 820 913 883 926 863 912 850 911 837 916 636 920 680 914 711 893 736 876 757 862 695 855 729 840 749 841 763 845 683 855 716 844 736 847 752 853 675 862 704 856 723 858 739 863 671 873 694 868 710 869 723 875 
878 997 839 984 815 955 800 932 788 917 845 908 813 890 795 894 784 897 866 906 836 886 817 893 806 902 877 913 853 894 837 896 825 903 882 922 865 906 852 904 841 908 637 914 681 909 712 889 735 872 755 858 694 850 727 834 747 835 760 839 681 849 714 837 734 839 750 846 673 855 702 849 721 850 737 855 669 866 692 861 708 861 721 867 
874 990 835 978 810 951 795 929 784 913 839 904 810 884 794 888 784 893 860 902 834 878 818 886 808 896 872 908 852 886 837 888 827 895 878 917 863 899 850 898 840 903 639 910 683 904 712 885 735 868 754 854 698 845 726 831 743 831 753 834 684 843 711 829 727 830 741 836 675 848 698 837 715 837 729 841 670 857 689 847 703 845 714 848 
867 984 830 974 807 948 793 927 781 912 834 903 808 881 793 881 784 884 855 900 830 873 815 879 806 888 868 905 848 880 832 882 823 889 874 913 859 892 846 890 837 895 640 907 684 902 713 884 735 868 753 855 700 844 726 829 742 828 752 831 686 843 710 827 726 827 739 832 677 847 697 834 713 833 726 837 672 855 688 844 701 842 712 844 
864 980 826 970 804 945 791 925 781 913 831 902 806 879 792 878 783 880 852 899 831 870 816 877 808 887 865 904 848 881 832 883 824 889 872 913 860 895 846 894 838 900 644 904 687 901 716 884 736 868 753 855 703 844 727 828 741 828 750 831 689 840 712 824 727 825 737 830 680 842 698 828 713 828 724 831 674 849 690 836 701 833 710 835 
860 977 823 968 800 945 788 925 780 912 825 902 803 876 790 873 781 875 846 898 825 869 810 874 803 882 861 903 844 874 828 875 820 881 869 911 857 888 843 884 835 887 649 901 694 898 722 881 739 866 754 855 705 841 727 827 740 827 748 829 690 839 710 823 723 824 733 829 679 842 696 827 709 826 719 830 673 849 687 836 697 833 706 836 
856 975 819 966 794 941 781 920 770 908 819 899 801 873 789 869 780 869 841 896 822 866 808 866 800 872 856 901 841 874 827 871 819 873 865 910 855 889 842 882 834 883 652 900 695 898 723 880 740 867 754 855 707 841 728 828 740 829 748 831 691 838 710 824 723 825 732 830 679 842 696 827 709 827 719 830 673 849 687 836 698 833 706 836 
851 972 814 963 791 940 781 922 771 910 813 896 798 872 787 867 779 867 836 894 820 866 807 865 799 868 851 899 840 875 828 869 820 870 860 908 853 888 844 881 836 880 656 899 697 898 724 881 740 867 753 856 707 843 727 830 739 829 747 831 691 839 710 824 723 825 732 830 680 841 696 825 709 825 719 829 674 848 687 834 698 830 707 833 
844 968 808 961 788 940 779 922 770 910 807 897 794 871 784 864 775 862 829 892 816 863 803 860 796 863 846 895 837 870 825 865 818 866 857 903 851 882 842 876 836 876 657 898 696 898 724 881 739 867 753 857 707 843 727 830 739 829 747 831 692 838 710 825 724 826 733 831 681 840 697 826 710 826 720 830 675 847 688 833 699 830 708 832 
839 966 804 960 785 941 776 924 768 912 801 898 791 870 782 861 775 858 824 894 813 863 801 862 795 868 842 897 835 870 824 867 818 871 855 904 852 884 844 879 838 880 658 899 698 898 726 881 741 866 754 856 708 842 728 831 739 831 746 833 692 838 710 826 722 827 731 833 680 841 695 827 708 827 718 832 673 848 686 835 696 832 705 834 
834 964 801 958 783 939 775 923 766 913 797 897 787 870 779 859 774 854 820 892 811 863 800 862 794 867 839 895 833 869 823 868 818 872 852 902 849 881 840 876 836 879 660 899 699 898 727 881 742 866 755 856 708 845 728 832 738 832 745 835 692 841 709 827 722 829 730 835 680 843 694 830 706 830 715 835 673 851 683 839 692 837 699 840 
831 964 797 957 779 937 774 919 768 910 794 897 785 870 778 858 773 852 818 892 808 862 798 865 794 873 837 895 832 869 822 871 818 878 851 903 848 882 840 879 836 882 660 898 700 898 728 880 743 867 756 857 711 843 730 831 740 833 747 836 694 840 713 829 725 831 734 836 683 843 698 831 710 832 720 836 676 850 688 839 697 837 705 839 
826 963 791 955 775 934 774 917 775 907 791 895 782 868 776 858 771 852 814 891 806 862 797 866 795 875 833 895 828 871 820 873 817 879 848 903 844 885 837 885 834 889 661 898 700 898 728 880 744 867 757 857 711 844 731 831 742 832 748 836 696 841 714 830 727 831 736 836 684 844 700 833 713 833 722 837 678 851 690 840 700 838 708 841 
824 961 790 955 772 936 768 919 765 910 787 895 780 868 774 858 769 853 810 891 804 863 797 868 794 879 830 895 824 872 817 876 815 885 844 903 840 887 834 890 832 897 661 898 700 898 728 880 744 867 757 856 711 843 731 829 742 830 749 833 695 841 715 830 729 831 738 835 684 844 702 835 714 834 724 838 677 851 691 842 701 840 709 843 
822 958 787 952 770 936 766 921 765 913 785 894 778 865 771 855 767 852 809 890 804 861 797 867 794 878 828 893 822 869 815 875 813 883 843 901 839 884 833 886 831 893 662 898 700 898 727 881 743 868 757 858 710 844 730 829 742 829 749 833 695 841 715 829 729 830 739 835 684 844 702 834 715 834 725 838 677 851 691 841 702 839 710 843 
820 956 787 951 768 936 759 924 752 916 784 893 776 862 770 854 767 854 807 889 803 859 796 865 793 876 827 892 821 867 813 873 811 883 842 900 838 884 831 887 829 895 662 898 700 898 726 880 742 867 755 857 710 844 730 829 742 828 749 830 695 840 715 829 728 830 738 834 684 843 701 833 713 833 723 837 677 850 690 841 701 839 708 842 
818 955 787 949 769 935 760 922 752 916 783 891 776 860 769 853 766 854 806 887 802 858 795 863 792 874 826 891 820 867 813 873 811 883 841 899 837 883 831 887 829 894 660 897 700 896 726 879 742 866 756 855 710 844 728 828 740 826 747 828 695 841 714 828 727 828 737 832 684 844 701 834 713 833 723 836 678 851 691 841 702 839 710 842 
817 954 786 947 769 933 760 920 752 914 782 889 775 858 769 850 766 851 805 885 801 856 794 861 792 871 824 889 820 866 813 871 811 881 839 897 836 881 831 885 829 893 660 897 700 896 726 878 742 865 756 853 709 844 729 828 741 826 749 828 695 841 715 828 728 829 738 833 684 843 702 833 714 833 724 837 678 850 692 840 703 839 711 841 
815 953 784 947 766 933 757 920 748 913 781 888 772 854 769 850 769 857 803 884 800 854 794 861 792 872 822 888 818 865 812 872 810 881 837 896 833 881 828 886 826 895 661 897 700 896 726 878 743 865 757 852 709 844 729 827 741 825 749 828 695 841 715 828 729 828 739 832 685 844 703 834 716 833 726 836 679 850 694 841 706 839 714 841 
815 951 783 944 766 930 757 916 749 908 780 885 773 852 768 850 767 857 803 882 798 852 791 858 789 868 822 886 816 863 809 870 807 879 836 895 830 879 825 884 824 893 661 897 700 895 727 877 743 864 758 852 710 844 730 828 742 826 750 828 695 841 716 829 730 829 740 833 685 845 704 835 717 835 727 839 679 851 694 843 706 842 714 845 
814 949 781 942 764 927 757 913 752 906 780 883 773 850 771 852 772 863 803 880 798 850 792 859 791 870 822 884 816 862 809 870 808 881 836 893 829 879 824 885 823 893 660 898 701 894 727 877 744 864 759 851 710 844 730 828 743 826 750 829 696 843 717 831 731 831 742 834 685 847 705 839 719 838 729 843 679 854 695 848 708 848 717 852 
815 947 783 942 766 928 758 914 751 905 780 882 775 850 774 856 776 867 803 879 800 850 795 858 793 869 822 883 817 861 811 868 810 878 837 892 830 878 824 883 824 891 659 898 701 894 729 877 746 864 761 852 711 844 732 829 744 828 752 831 697 844 717 831 732 831 742 835 686 849 706 841 719 840 730 843 680 856 696 850 708 849 717 852 
816 946 784 940 767 926 759 912 754 904 782 881 779 851 779 857 780 868 805 878 803 850 798 858 797 869 824 883 820 860 814 867 813 877 838 891 832 876 827 881 826 889 659 898 702 894 730 876 747 864 762 853 712 844 733 828 746 827 754 829 697 844 718 832 733 831 744 835 686 849 707 842 720 840 731 844 681 858 697 852 709 851 719 854 
819 946 787 940 770 926 762 913 753 905 783 881 782 852 782 858 783 869 806 878 805 850 801 859 800 870 825 883 822 860 817 867 816 878 839 891 835 876 831 880 829 888 658 898 700 895 728 878 746 865 762 853 712 844 734 829 748 827 756 829 698 844 720 831 735 830 746 833 688 849 708 841 722 839 733 841 682 858 699 852 711 850 721 852 
822 946 790 941 774 926 764 914 753 906 786 881 782 852 780 860 781 872 809 878 806 851 800 860 798 871 828 883 823 861 816 868 815 878 843 891 836 875 830 879 829 887 656 900 700 896 728 878 745 865 760 853 711 845 733 829 747 827 756 829 696 845 719 832 734 831 746 834 686 850 707 843 722 841 733 844 680 859 698 854 711 853 720 857 
827 947 796 943 778 928 768 914 759 906 791 882 786 854 780 854 778 863 814 879 808 853 800 858 797 867 833 883 825 863 816 867 813 874 847 892 840 875 832 876 830 883 655 900 696 899 725 882 743 869 758 857 709 845 734 830 748 828 757 828 695 843 720 832 735 831 747 833 685 847 707 840 722 839 734 841 680 855 698 849 711 848 721 852 
831 951 798 946 778 931 767 917 760 908 795 883 787 857 779 854 775 860 818 881 810 856 801 859 796 865 836 885 828 864 818 865 813 870 849 894 843 876 835 874 831 879 657 900 694 905 722 891 739 879 752 871 711 849 737 835 752 830 763 829 696 842 722 828 737 828 748 830 686 842 708 829 721 829 732 832 679 847 695 835 707 833 716 836 
835 951 802 947 783 932 771 919 762 908 798 885 787 858 780 856 777 859 820 882 812 856 802 859 799 867 838 886 830 863 821 864 816 870 851 894 847 874 840 872 836 875 655 902 690 915 719 904 735 891 740 883 715 856 741 840 757 835 769 833 700 846 719 825 734 822 744 826 686 845 703 826 718 825 728 829 677 848 689 832 699 829 707 833 
837 952 804 948 785 934 772 921 762 911 799 884 788 860 781 855 777 855 822 881 813 855 803 859 800 867 840 885 832 862 821 863 816 869 853 894 849 874 840 872 835 877 656 905 691 920 719 912 731 901 734 896 722 863 749 850 764 844 775 841 704 851 724 828 738 819 749 817 688 847 704 825 716 819 726 817 676 849 690 831 701 825 709 824 
843 952 809 951 787 935 773 921 764 910 803 884 788 858 776 852 768 850 826 881 813 853 803 858 799 867 843 885 831 860 820 863 815 869 854 893 847 872 836 870 830 875 655 906 691 925 718 918 728 905 726 896 727 871 755 860 769 854 780 851 709 855 732 832 746 824 756 821 691 849 709 827 722 820 732 819 677 850 693 835 705 830 714 830 
846 953 812 950 788 934 772 920 763 909 806 882 792 857 782 855 777 857 828 878 814 853 803 857 800 864 844 882 832 861 820 861 814 866 855 890 846 871 835 868 828 872 654 909 688 928 715 923 726 911 728 901 730 875 759 861 774 854 785 850 713 857 737 833 752 824 762 820 694 848 714 828 728 823 737 823 677 849 693 839 704 838 710 841 
852 955 817 952 791 934 773 921 766 911 810 883 793 857 783 856 778 859 831 878 816 855 806 859 803 867 847 881 835 861 824 862 819 868 858 888 850 870 840 869 835 874 656 911 691 927 717 922 728 910 734 899 733 876 762 861 778 853 789 848 715 857 738 831 753 822 763 819 695 849 714 825 727 822 736 823 678 850 693 838 703 837 710 841 
857 959 820 954 792 935 772 922 763 908 814 883 797 857 787 851 782 849 835 880 819 857 806 859 801 865 851 883 838 863 825 863 818 868 862 891 854 872 842 869 834 873 657 912 693 925 719 915 734 904 743 895 733 873 762 855 778 844 787 839 715 856 739 825 753 818 760 820 694 848 714 820 725 820 731 826 676 848 689 831 698 831 702 837 
864 962 826 957 796 937 775 923 767 909 820 886 799 859 786 849 777 843 840 881 820 858 805 860 798 866 854 884 836 864 821 865 813 870 862 890 849 873 836 871 828 875 655 911 693 922 719 908 733 893 743 883 729 868 759 846 772 836 778 834 710 851 738 815 750 813 754 821 691 842 714 813 724 817 726 826 673 843 689 824 699 826 702 834 
871 968 834 962 803 940 780 922 766 906 833 889 806 860 791 847 780 838 851 884 825 859 806 856 794 856 862 888 840 867 823 864 811 866 867 894 851 875 836 870 824 871 651 911 691 919 717 907 732 894 745 889 725 864 760 840 771 836 772 842 705 847 736 809 749 812 751 825 685 839 712 811 722 818 722 830 668 839 688 822 698 825 702 833 
879 976 841 967 813 941 791 921 774 906 847 892 825 858 809 845 796 837 866 890 843 861 823 856 808 859 877 896 857 872 840 868 827 871 883 904 868 883 854 877 842 879 644 911 687 918 719 906 740 895 756 893 719 860 753 835 766 835 769 843 699 843 733 810 745 819 745 833 680 835 708 810 719 819 722 831 664 836 684 821 696 826 700 834 
891 986 853 974 825 945 803 921 786 901 861 898 840 861 823 846 810 837 880 896 858 864 835 858 819 861 890 902 870 875 850 871 834 874 895 908 879 885 863 878 848 879 641 913 682 921 713 910 734 902 751 902 717 858 752 838 764 838 769 845 697 841 731 812 744 820 747 836 678 835 706 816 718 825 722 836 662 837 682 828 694 833 698 841 
904 992 864 983 837 954 817 924 802 901 877 909 854 866 834 849 818 840 896 904 870 865 846 853 828 851 905 906 880 872 858 864 841 862 907 909 888 881 869 871 853 868 638 914 680 922 715 913 742 908 761 916 714 861 750 841 762 845 764 854 694 844 730 819 741 829 742 844 676 838 705 824 716 834 718 846 660 839 681 833 691 840 693 849 
914 1003 876 991 848 963 827 932 811 906 890 920 862 872 841 854 825 843 914 912 884 868 859 861 841 866 926 914 899 878 876 874 860 878 930 918 909 891 890 882 875 882 637 915 677 922 712 914 742 914 761 923 714 860 748 843 758 851 762 861 695 845 729 828 740 838 742 851 677 841 705 831 715 841 718 852 662 842 682 838 692 845 695 854 
926 1014 886 1002 858 974 838 942 821 915 902 931 873 883 853 868 836 859 927 921 897 873 871 867 853 871 942 921 917 881 894 878 878 883 948 925 933 896 915 890 902 890 632 915 675 921 711 916 741 917 761 923 708 857 741 844 755 851 762 861 689 845 723 835 737 843 743 855 672 843 699 836 714 842 721 852 659 846 679 843 692 847 698 855 
936 1023 897 1014 867 986 848 951 830 926 912 946 879 896 858 878 842 868 937 933 902 879 876 873 860 877 951 928 923 881 898 877 882 883 957 929 937 894 917 888 903 891 624 913 666 921 702 917 733 919 753 923 699 858 736 847 752 855 760 866 682 847 720 838 735 848 743 860 668 845 699 838 714 846 721 857 659 849 682 844 696 849 704 857 
940 1031 902 1021 872 996 853 963 837 936 916 961 883 909 861 887 843 874 941 946 905 890 877 875 855 871 956 939 926 889 901 881 883 883 963 937 943 900 923 890 908 891 614 909 658 917 694 915 724 921 746 926 691 858 728 853 746 861 753 871 676 850 711 847 728 856 738 867 664 850 691 849 707 855 716 865 656 856 677 853 690 857 697 865 
942 1036 903 1030 873 1006 855 973 834 951 915 981 884 925 860 900 842 885 941 964 908 902 879 881 857 875 957 953 932 896 904 879 883 875 964 948 945 904 923 889 905 884 604 905 645 915 685 916 716 924 741 932 685 857 723 855 740 866 748 876 671 851 706 851 724 861 734 874 660 852 689 853 704 860 714 871 654 859 676 858 690 863 698 871 
942 1038 903 1040 875 1019 859 988 840 966 916 994 885 943 861 919 842 903 941 972 908 917 876 894 851 883 956 956 929 904 898 885 874 877 960 946 941 903 918 885 898 877 592 905 634 916 676 918 707 929 734 938 682 861 720 863 738 873 748 882 669 859 703 863 721 874 733 886 658 863 685 869 702 879 713 890 650 873 673 877 686 883 695 891 
939 1041 901 1046 873 1029 859 1001 842 978 911 1006 883 960 860 935 843 916 937 983 909 928 878 908 855 902 952 967 928 917 898 905 877 904 958 957 940 915 915 904 897 904 592 910 633 921 674 925 706 939 732 952 684 866 722 871 740 884 747 895 673 863 709 869 728 882 739 896 663 867 692 873 710 882 721 895 656 876 680 879 694 885 703 894 
933 1041 899 1050 873 1035 862 1008 849 984 915 1016 886 971 863 947 846 929 939 992 909 936 877 919 855 917 952 974 925 925 896 916 877 919 956 962 936 923 912 917 895 922 593 913 633 925 674 930 705 945 730 959 682 870 723 874 740 886 748 898 671 865 709 870 727 882 737 897 661 866 692 872 709 882 720 895 654 875 679 879 692 886 700 896 
930 1042 894 1049 871 1033 864 1006 856 980 914 1015 888 967 866 943 850 928 940 992 913 934 881 919 859 920 954 975 931 924 902 914 883 916 957 964 941 923 918 915 902 919 597 917 633 933 673 936 707 949 734 960 683 871 726 875 744 888 752 899 673 860 713 867 730 880 740 895 664 858 698 863 714 874 724 886 657 863 684 867 699 875 708 884 
929 1040 891 1042 868 1020 864 986 861 955 914 1007 893 951 869 928 853 918 942 986 918 925 887 911 867 915 957 971 933 918 905 912 891 917 961 962 942 921 920 914 905 921 602 922 639 936 679 937 711 948 736 958 682 873 725 871 742 879 751 888 670 859 710 862 727 873 736 885 660 856 694 858 709 867 717 877 653 859 679 860 693 866 702 874 
927 1034 885 1030 866 1004 871 967 872 937 919 987 901 925 880 906 863 898 946 971 923 906 897 892 878 891 959 961 933 908 910 904 895 906 961 955 940 919 919 913 906 915 607 927 646 940 683 937 717 944 743 950 677 877 719 864 738 868 749 874 662 860 705 851 721 861 729 873 650 855 686 848 702 856 709 865 642 856 669 851 684 856 692 863 
924 1032 882 1021 868 987 876 949 878 919 920 968 905 903 880 885 858 878 947 958 920 893 889 884 869 888 958 952 927 899 905 899 892 908 958 949 933 916 913 913 902 918 608 931 649 943 687 935 721 937 746 944 674 881 717 862 737 864 749 870 657 862 703 843 719 854 724 867 642 854 681 844 694 854 698 865 631 854 660 849 671 857 675 865 
922 1033 881 1017 871 983 876 944 878 912 919 948 907 893 885 877 865 873 941 945 919 894 893 881 871 880 949 946 926 900 901 891 882 890 948 947 930 912 910 900 893 897 604 939 647 948 685 938 721 934 748 937 672 883 714 862 733 859 746 860 652 864 697 840 713 849 718 860 634 856 671 840 683 851 685 861 620 855 646 844 657 851 661 860 
916 1029 880 1006 876 970 882 934 885 903 920 935 904 888 879 876 859 872 938 935 914 893 886 880 861 877 944 941 920 906 898 898 879 898 942 946 926 920 908 912 892 911 601 947 645 953 683 939 717 930 744 933 669 894 711 868 730 860 742 856 650 874 695 842 713 844 721 852 633 862 672 838 686 845 691 855 618 858 645 836 658 840 663 848 
920 1031 885 1006 881 965 887 927 892 898 923 935 903 888 876 877 852 874 935 938 907 900 878 891 853 891 937 944 907 916 884 914 865 917 934 948 911 931 893 929 878 932 598 951 643 955 681 940 714 930 741 930 667 898 708 872 728 861 742 854 649 878 692 845 711 844 720 850 631 866 669 836 685 840 691 849 616 861 640 835 653 837 659 845 
922 1025 888 1002 885 964 892 929 893 902 917 929 899 884 870 872 845 868 924 928 896 884 864 868 836 863 923 933 897 896 869 882 844 875 921 938 904 913 885 906 867 902 597 951 643 955 681 940 715 931 743 931 666 896 709 870 728 861 741 857 648 876 692 843 711 844 719 852 630 865 668 837 683 843 689 854 615 861 640 837 653 840 658 849 
925 1027 893 1004 893 971 900 939 901 914 922 934 906 891 879 874 856 867 927 930 903 884 870 869 844 864 926 930 907 883 877 869 852 864 920 931 911 896 893 879 874 870 594 950 640 955 679 941 715 935 743 940 664 894 708 867 727 862 741 861 645 873 692 842 710 848 717 860 629 862 668 842 681 852 685 863 616 859 644 846 655 852 659 861 
593 950 638 955 677 943 714 940 742 946 664 887 709 866 729 866 742 870 644 869 690 845 710 851 719 862 628 863 663 845 678 853 685 863 615 863 638 852 651 858 657 867 939 1038 908 1010 903 983 896 963 888 944 935 944 913 904 887 885 863 877 943 943 921 891 892 873 865 867 941 947 928 892 902 872 878 864 929 953 925 918 914 897 901 882 
589 948 634 954 673 945 711 945 741 952 661 883 707 865 728 869 741 876 643 868 689 850 709 859 718 870 628 865 665 852 683 859 691 869 617 867 644 861 659 865 668 874 944 1046 915 1017 915 986 916 962 913 940 939 944 923 902 899 883 875 875 946 943 929 894 900 875 873 869 945 948 935 896 910 875 887 867 934 954 932 919 921 898 907 885 
584 946 627 952 668 945 705 948 734 956 658 881 703 871 725 876 740 883 644 869 688 862 708 870 721 881 633 868 668 863 686 870 697 880 626 872 653 869 669 873 679 881 947 1055 917 1023 921 993 927 971 924 947 932 948 921 905 898 889 875 880 939 945 924 895 893 879 865 875 940 947 931 894 901 873 876 867 938 949 936 907 917 884 898 870 
939 1068 924 1048 924 1015 924 984 918 959 946 958 939 904 914 879 891 862 933 956 919 906 893 882 870 871 921 961 902 922 877 902 856 888 908 973 889 955 868 952 848 952 575 943 619 951 662 944 699 949 728 957 655 881 702 877 724 884 738 891 642 873 686 871 708 880 721 891 632 874 668 873 687 880 700 890 626 881 654 878 670 883 682 891 
951 1080 912 1067 898 1041 896 1009 890 981 945 980 942 923 929 892 913 869 956 974 943 923 919 894 897 877 957 974 942 930 921 905 901 891 952 976 940 941 925 919 909 904 569 943 613 951 655 947 690 951 717 960 650 882 696 880 720 888 734 894 638 875 681 876 704 886 718 895 629 877 664 878 683 884 698 893 624 884 651 883 668 887 680 893 
954 1082 916 1083 893 1062 882 1030 871 1000 937 999 937 945 924 911 908 887 955 986 951 926 929 892 905 872 961 979 955 924 934 894 912 876 959 976 954 933 940 906 925 888 561 940 604 950 647 948 681 954 707 963 647 882 692 884 715 893 729 900 636 878 678 881 700 892 714 902 627 882 661 883 679 891 693 900 621 890 648 889 663 893 675 900 
951 1088 912 1094 887 1074 876 1040 858 1011 936 1011 919 956 897 923 876 900 953 992 939 929 909 896 879 878 957 983 939 926 911 897 883 880 951 981 934 937 914 913 893 896 555 940 597 949 641 949 675 958 703 968 644 887 690 891 712 903 726 913 634 884 676 890 697 901 711 914 625 887 659 893 677 902 690 913 620 896 646 899 662 906 673 914 
935 1108 927 1093 910 1059 883 1022 857 996 953 1017 922 976 894 953 868 935 940 1006 922 954 895 929 870 915 919 1007 898 957 879 939 862 930 894 1018 868 988 855 981 843 980 549 939 590 947 633 952 667 965 694 978 646 890 690 898 714 910 728 921 636 891 679 897 701 910 717 922 628 897 662 901 681 910 695 921 623 907 649 908 664 914 676 921 
946 1104 903 1110 872 1086 858 1043 849 1011 931 1073 888 1030 855 1004 825 985 949 1039 912 981 876 956 845 944 954 1014 915 966 883 951 857 943 949 1000 918 968 894 961 874 960 549 939 589 945 634 954 671 971 698 988 649 891 692 902 718 915 732 928 640 897 683 909 708 925 727 940 633 906 667 917 688 930 704 945 627 918 654 923 669 931 682 940 
941 1102 897 1113 863 1094 849 1054 841 1023 923 1082 877 1035 843 1007 815 986 947 1048 907 990 869 961 838 948 956 1023 915 972 880 953 851 946 953 1006 922 971 895 959 874 956 552 939 590 950 634 956 669 973 695 990 649 890 696 901 721 916 735 927 640 890 685 902 708 917 725 933 633 896 669 904 690 915 705 929 627 906 657 911 673 919 685 928 
933 1107 890 1116 861 1095 851 1057 840 1025 925 1081 880 1028 845 1002 821 983 947 1050 914 983 878 960 848 950 955 1027 917 972 882 957 857 952 951 1013 922 977 895 968 875 966 555 941 594 954 637 959 674 974 701 988 649 889 698 899 721 913 732 925 641 883 686 896 706 912 720 928 633 886 670 895 689 908 702 922 628 894 658 899 674 909 685 919 
930 1106 886 1107 860 1082 855 1041 846 1011 922 1064 885 1003 858 975 837 956 949 1038 917 970 883 951 856 945 960 1021 920 965 888 959 867 962 958 1010 925 973 898 967 879 969 559 946 597 959 640 960 676 971 703 983 647 890 694 892 716 903 728 912 637 880 682 884 702 897 715 911 629 880 667 882 685 891 698 902 625 886 655 886 672 892 684 900 
921 1102 881 1098 863 1069 863 1028 850 1002 922 1049 901 984 874 958 852 946 948 1031 919 959 886 947 863 949 957 1019 926 956 896 952 876 957 955 1012 927 971 902 965 885 968 568 946 606 962 644 960 680 966 708 975 644 889 694 886 716 896 728 906 632 874 682 872 701 886 709 900 622 870 663 868 680 879 689 890 616 874 647 871 664 877 674 885 
913 1099 874 1081 863 1047 864 1009 857 979 925 1020 904 956 875 939 850 933 948 1013 919 951 887 942 864 945 956 1010 925 957 899 954 882 959 954 1008 929 971 909 966 895 969 573 949 612 963 649 959 685 962 713 969 638 893 692 881 717 888 732 896 623 875 678 863 698 878 705 891 612 869 656 859 672 872 679 883 605 870 637 863 651 871 656 879 
912 1090 873 1066 865 1027 868 985 866 954 921 996 906 937 880 926 860 927 941 995 915 944 887 939 867 944 948 997 918 955 896 954 881 962 946 999 924 968 906 966 891 970 572 956 613 969 652 959 686 955 714 959 640 898 692 883 717 882 733 884 624 877 676 856 697 867 704 880 609 868 653 847 672 857 679 868 598 866 626 844 642 848 649 855 
911 1085 876 1057 870 1018 872 979 873 946 915 979 890 931 863 928 846 935 930 983 901 942 872 939 852 945 934 992 905 958 882 956 866 963 932 998 910 973 891 971 879 976 571 962 614 973 654 960 688 950 715 954 643 907 696 888 723 881 740 876 625 884 677 851 698 858 706 870 609 872 652 842 670 852 676 863 597 868 626 841 641 845 648 853 
912 1086 879 1058 874 1016 877 978 877 947 907 975 880 937 854 939 840 947 917 982 888 951 863 949 844 954 918 993 891 966 870 967 855 972 915 1000 892 980 877 983 867 987 572 965 619 975 661 960 695 946 723 949 649 912 702 891 727 882 743 878 629 889 683 851 705 855 713 865 612 876 658 842 677 850 684 861 599 871 630 842 648 843 658 850 
912 1086 879 1057 872 1017 876 981 877 954 906 978 877 942 853 945 840 955 916 985 885 961 862 964 847 974 918 995 889 979 870 988 858 999 917 1001 891 990 878 997 870 1006 573 966 621 976 666 960 702 946 731 950 655 912 706 892 732 884 748 880 634 888 688 851 711 856 721 867 617 875 662 841 682 849 691 860 603 871 635 843 654 847 663 855 
913 1093 883 1062 878 1021 880 987 882 959 910 986 887 949 864 944 846 947 916 995 889 967 866 961 846 966 916 1006 887 991 867 998 851 1008 913 1013 889 1005 875 1011 861 1019 576 963 625 974 667 960 703 948 732 952 660 907 712 887 737 883 753 882 640 883 696 847 717 858 723 873 622 871 667 840 685 851 691 864 607 869 636 843 652 848 658 858 
914 1095 886 1068 884 1030 889 999 888 973 914 996 900 954 882 939 866 929 922 1000 904 964 884 950 867 944 922 1007 905 979 890 971 876 965 920 1012 906 994 894 989 882 987 580 959 628 966 671 955 707 949 735 957 664 898 715 881 739 879 754 879 644 875 699 845 716 859 720 876 627 865 669 842 683 856 686 870 613 864 637 845 651 853 655 862 
919 1102 889 1076 885 1038 891 1009 894 987 923 1003 918 958 906 933 895 918 926 1008 905 977 885 969 872 966 923 1016 895 1001 887 1018 888 1029 921 1023 895 1016 887 1029 887 1040 581 954 631 962 675 954 714 952 743 962 664 891 715 874 737 879 751 886 645 870 699 847 715 862 717 878 630 863 670 845 684 858 687 871 617 864 643 851 657 859 661 870 
921 1105 887 1088 882 1059 886 1029 885 1005 927 1010 930 962 926 933 919 909 939 1009 938 965 929 934 919 913 941 1012 935 974 928 947 920 926 937 1015 935 983 929 960 923 941 579 949 627 958 672 951 714 955 743 965 663 884 712 872 735 878 749 887 645 867 696 852 714 865 722 879 632 863 672 852 690 861 699 872 623 866 652 858 669 864 678 873 
927 1114 893 1106 878 1084 873 1055 870 1029 924 1027 933 980 934 948 930 922 939 1024 944 977 938 944 929 920 943 1024 942 982 936 954 928 931 939 1024 938 989 934 965 928 945 579 946 624 956 668 948 709 953 740 963 662 880 712 872 736 881 750 889 648 868 697 863 719 875 731 887 637 868 677 863 697 872 708 883 631 874 662 869 679 874 691 883 
928 1112 890 1113 870 1095 864 1066 855 1037 921 1048 929 1007 926 976 919 950 937 1034 941 981 927 942 908 914 942 1025 943 975 928 941 912 916 939 1021 939 982 930 954 920 933 576 946 620 953 665 947 703 953 733 964 659 881 709 878 734 886 750 895 647 875 694 873 718 883 733 896 637 879 676 879 697 888 712 899 632 888 661 890 679 897 692 908 
933 1113 888 1120 860 1101 854 1063 846 1029 922 1075 924 1036 917 1005 907 981 944 1050 947 993 929 957 909 935 951 1033 946 979 927 946 906 926 948 1022 941 980 928 955 912 939 571 946 616 953 662 950 698 958 727 970 661 884 710 883 736 894 752 904 649 881 695 882 720 894 735 907 639 886 677 889 697 898 711 911 634 896 663 897 679 905 691 915 
927 1129 886 1126 862 1100 858 1062 852 1028 925 1078 914 1036 900 1016 887 1001 947 1058 949 999 928 965 907 943 954 1043 948 991 930 961 911 942 950 1036 943 995 931 974 917 959 561 947 608 954 654 954 690 966 719 981 664 890 711 893 737 905 753 916 651 891 697 894 724 904 742 918 640 899 678 903 701 911 719 923 633 913 662 915 679 921 693 929 
925 1129 886 1123 867 1096 870 1060 868 1025 928 1090 918 1055 897 1033 875 1015 949 1069 951 1013 929 976 903 952 956 1050 954 998 934 964 913 941 954 1038 947 996 935 970 921 951 559 946 602 955 649 961 687 978 716 996 668 895 716 905 743 919 759 933 658 896 706 904 732 919 750 935 649 903 689 910 712 921 730 936 642 916 673 920 692 927 706 936 
911 1129 919 1121 919 1093 898 1061 874 1035 954 1060 947 1014 930 981 908 956 943 1048 949 997 932 964 909 944 924 1043 929 993 920 967 907 952 899 1045 898 1013 898 1000 895 992 556 943 598 953 645 964 680 982 707 1004 666 900 721 916 755 933 778 948 660 902 715 914 746 930 769 946 654 911 698 920 727 931 748 945 647 925 683 932 704 940 720 950 
926 1119 910 1124 897 1102 885 1068 870 1039 942 1080 918 1051 895 1029 872 1013 952 1056 937 1011 908 982 877 967 953 1038 942 990 917 966 890 953 945 1028 935 990 921 970 906 959 565 943 600 955 644 967 678 986 704 1008 674 903 732 922 767 940 791 956 672 903 728 920 760 937 783 952 669 911 716 923 746 934 768 948 664 924 703 933 726 941 744 951 
927 1129 908 1125 896 1100 884 1067 867 1041 949 1076 922 1034 894 1007 867 993 961 1058 939 1008 907 982 874 970 961 1046 944 996 916 973 888 962 952 1040 938 1001 919 981 899 969 564 946 602 960 648 972 681 989 706 1012 672 906 729 923 764 940 789 955 668 905 724 920 758 937 782 952 662 911 709 924 739 935 762 949 656 923 693 933 715 942 732 953 
923 1119 914 1126 902 1103 887 1066 871 1035 952 1090 930 1058 902 1039 876 1024 956 1062 944 1012 910 991 879 983 951 1039 939 993 909 977 882 970 941 1025 929 989 909 978 890 972 566 947 603 960 649 972 683 991 709 1013 675 906 731 923 766 940 790 955 671 906 728 920 761 936 785 952 667 913 715 924 745 935 768 950 661 925 699 934 722 942 740 953 
929 1126 904 1125 882 1098 863 1067 845 1046 953 1091 933 1054 907 1030 885 1015 964 1067 948 1010 912 988 882 981 962 1047 946 993 911 976 883 970 952 1035 933 995 905 982 883 978 569 953 609 968 655 977 690 993 717 1013 670 906 726 918 758 933 780 947 666 903 722 914 753 930 775 946 661 909 707 919 736 931 756 947 657 920 693 931 714 940 731 952 
932 1124 900 1122 876 1098 859 1071 839 1054 952 1091 939 1054 915 1026 893 1006 969 1064 958 1009 921 987 890 982 972 1042 953 993 916 977 889 972 964 1028 943 993 914 981 892 977 574 955 616 968 663 974 700 992 728 1012 679 906 732 912 759 926 775 940 671 903 722 910 748 926 764 943 662 908 704 915 728 926 744 941 656 919 688 925 707 933 721 945 
928 1125 898 1122 879 1099 865 1071 846 1052 955 1086 951 1041 928 1015 905 997 972 1061 962 1005 925 984 893 980 975 1042 960 994 924 979 896 974 969 1029 952 993 924 981 902 977 582 957 624 972 671 975 710 991 737 1010 680 904 735 906 762 920 776 934 671 898 724 903 749 919 764 936 664 902 706 909 729 921 744 937 659 912 691 919 709 929 721 941 
921 1127 891 1116 877 1088 867 1061 847 1045 951 1078 953 1032 935 1005 914 986 971 1060 965 1006 936 983 909 974 978 1046 970 998 942 980 917 970 977 1036 971 998 952 984 934 975 591 963 634 979 680 976 719 987 750 1002 685 906 738 902 764 913 778 924 676 896 728 894 752 906 766 921 668 897 712 896 734 904 749 916 665 904 700 904 719 909 733 918 
911 1126 886 1115 878 1089 873 1060 860 1039 953 1076 956 1031 943 1003 926 981 969 1058 969 1006 946 983 922 971 973 1045 970 999 947 982 927 972 968 1036 964 1003 948 989 933 980 603 967 643 984 687 978 727 985 759 998 692 907 746 901 772 911 786 922 682 896 734 889 758 901 770 915 673 895 716 890 737 898 751 909 669 902 703 897 723 901 737 910 
897 1123 877 1114 876 1091 879 1058 871 1029 947 1074 953 1034 950 1006 945 979 957 1058 965 1015 956 993 943 977 955 1046 955 1009 948 992 941 978 948 1037 946 1011 940 1000 934 990 614 973 655 990 698 984 738 987 771 997 695 911 749 900 777 909 791 919 683 899 737 887 760 899 772 914 674 898 718 888 739 896 751 907 671 904 704 895 723 899 736 906 
884 1118 865 1103 866 1081 876 1056 883 1030 935 1069 956 1035 960 1007 959 980 944 1059 963 1024 965 996 962 973 942 1051 954 1017 955 994 954 975 936 1046 943 1020 942 1005 940 992 620 980 662 996 705 987 746 990 778 999 701 916 753 902 780 907 795 915 686 904 736 886 759 895 770 908 675 904 714 887 735 893 748 902 669 909 698 894 717 894 730 899 
880 1117 857 1099 859 1075 877 1051 892 1028 927 1065 960 1031 970 1000 974 974 939 1062 968 1027 975 995 975 972 940 1057 955 1022 961 995 965 974 935 1053 941 1024 944 1005 946 990 627 988 670 1004 713 991 753 989 785 996 704 921 757 899 784 903 800 911 688 908 737 883 761 888 773 901 676 907 715 887 737 890 751 898 670 913 698 897 717 897 731 902 
865 1106 856 1097 866 1077 882 1051 897 1024 927 1050 963 1024 978 996 985 971 922 1038 953 1012 966 983 974 958 911 1030 927 999 931 974 934 953 897 1026 903 998 904 980 906 964 631 994 677 1008 719 992 758 984 790 989 705 923 758 897 786 898 804 904 688 910 738 879 763 885 777 898 677 909 716 886 739 889 754 898 672 915 700 898 719 900 733 907 
861 1104 846 1090 855 1064 873 1039 892 1017 921 1048 960 1021 980 994 993 969 926 1042 963 1018 982 988 993 962 925 1038 957 1015 973 991 984 970 920 1034 948 1017 962 999 973 981 635 998 683 1011 724 994 761 980 791 980 708 926 761 894 793 895 813 902 691 912 743 877 771 883 787 896 680 911 722 883 746 886 762 896 674 916 705 897 726 897 741 903 
854 1104 838 1090 847 1068 867 1045 884 1017 916 1046 957 1020 977 993 991 969 918 1038 949 1008 957 976 957 953 912 1030 935 998 937 969 935 947 904 1026 919 998 921 974 919 954 637 1001 685 1013 725 994 760 979 790 979 713 930 761 895 790 893 810 897 695 916 741 879 767 880 784 891 682 914 718 885 741 886 757 895 675 918 702 899 721 899 734 906 
849 1099 841 1095 846 1072 860 1045 871 1016 913 1051 955 1026 977 1000 991 976 910 1031 936 991 924 956 906 938 897 1018 914 978 903 953 890 939 881 1014 884 983 875 964 865 954 638 1002 688 1015 728 996 761 980 789 982 715 933 760 895 789 891 810 896 695 918 739 878 766 879 784 889 681 916 717 885 740 885 756 894 672 921 699 901 719 899 733 905 
850 1102 822 1095 816 1065 825 1033 824 1006 897 1056 947 1037 966 1009 978 984 912 1038 937 994 917 962 900 951 913 1024 927 978 906 963 892 964 908 1016 912 983 901 968 891 965 640 1004 688 1019 726 1002 759 985 787 986 720 940 758 898 784 892 801 896 700 923 740 881 763 880 779 889 684 917 719 884 740 884 755 891 674 920 701 896 721 894 734 898 
863 1099 828 1091 811 1067 803 1035 791 1010 897 1040 878 1019 868 1023 869 1023 921 1019 877 982 857 998 856 1010 930 1004 886 969 866 987 864 1000 932 994 908 961 894 949 890 938 645 1008 692 1023 730 1006 762 991 789 990 723 946 759 904 784 898 801 902 704 930 743 887 769 887 785 895 689 924 721 887 745 885 761 893 678 925 704 897 725 891 739 894 
855 1104 827 1100 825 1072 832 1034 824 1003 907 1051 881 1005 858 1001 853 997 918 1032 877 983 852 995 851 1010 917 1017 880 973 855 988 853 1002 911 1004 903 966 890 948 888 932 643 1008 690 1025 727 1010 755 995 778 997 724 953 756 910 781 901 797 903 705 937 741 893 765 889 781 896 690 930 719 892 741 888 756 893 677 930 700 900 718 892 732 894 
852 1090 820 1089 810 1072 804 1036 797 1002 901 1048 890 1032 889 1035 895 1036 915 1017 861 983 838 1003 838 1024 912 996 862 966 836 987 831 1008 903 983 879 960 861 957 853 956 643 1007 689 1023 725 1009 754 995 778 998 724 953 758 913 781 905 796 908 704 937 739 897 762 893 776 900 688 930 718 893 740 888 755 892 675 931 699 902 717 893 731 894 
851 1090 827 1089 814 1068 802 1031 792 998 889 1054 907 1044 921 1033 934 1021 898 1025 861 991 840 1007 841 1027 893 1004 855 974 838 995 840 1016 884 990 853 968 838 982 837 1000 639 1003 683 1021 720 1011 751 998 776 1001 721 958 757 921 781 912 798 913 702 939 739 899 763 897 775 906 686 931 718 895 741 891 757 897 673 931 697 902 716 893 730 894 
850 1111 820 1092 805 1058 799 1024 789 998 860 1061 896 1048 910 1029 917 1011 877 1059 911 1043 918 1018 918 999 885 1055 911 1035 915 1013 914 997 886 1052 905 1033 913 1016 916 1002 638 998 680 1020 717 1012 751 1004 778 1008 721 956 761 924 786 917 802 918 705 935 746 906 770 906 783 914 691 927 725 895 750 891 767 895 681 926 707 899 727 890 742 889 
850 1108 822 1092 804 1060 793 1028 779 1004 841 1065 856 1048 861 1028 862 1011 861 1062 886 1045 892 1022 893 1003 874 1058 896 1041 899 1019 896 1000 879 1056 897 1038 902 1020 902 1004 637 997 679 1018 714 1011 744 1004 767 1007 725 952 765 927 786 920 801 920 709 933 748 909 771 906 787 909 691 924 723 893 746 885 763 885 675 923 685 892 695 874 702 862 
848 1118 853 1100 850 1072 835 1043 815 1024 861 1073 875 1046 873 1021 866 1001 846 1069 849 1044 844 1022 840 1007 829 1068 820 1043 810 1024 801 1011 811 1067 796 1045 785 1027 777 1013 637 993 681 1012 716 1006 742 997 759 994 724 951 762 924 781 915 794 913 707 931 747 905 771 900 787 901 689 921 719 889 740 878 756 875 672 920 679 888 685 868 691 853 
858 1111 825 1102 803 1075 793 1048 785 1029 839 1067 847 1038 849 1016 848 1000 856 1066 864 1036 860 1012 855 995 868 1065 872 1036 865 1014 858 998 875 1065 880 1040 876 1021 871 1006 639 988 680 1006 713 1001 731 987 743 979 723 945 758 918 776 910 788 908 706 926 742 899 765 891 782 890 687 917 714 885 733 872 748 867 669 916 674 885 679 865 683 851 
858 1108 822 1098 798 1073 787 1044 778 1025 846 1063 845 1033 837 1016 830 1004 865 1056 866 1019 857 994 849 978 874 1051 873 1017 864 994 855 980 876 1047 877 1023 870 1007 862 997 636 985 678 1001 710 993 729 980 743 973 719 940 752 914 769 908 780 910 701 923 734 894 754 884 770 882 682 915 706 883 724 869 739 862 663 915 666 883 670 862 674 848 
857 1093 820 1093 795 1074 785 1051 780 1032 848 1062 838 1036 827 1018 816 1003 867 1047 854 1010 838 983 824 964 874 1036 858 1002 842 977 829 960 872 1029 860 1004 848 988 839 978 636 982 678 995 709 988 729 973 742 962 716 936 745 913 756 914 762 921 698 919 728 891 747 879 762 873 678 912 699 881 714 864 727 854 659 914 659 884 661 864 665 850 
634 981 675 993 705 984 723 970 737 964 713 932 740 917 752 919 756 927 695 917 722 889 740 877 753 870 675 911 694 879 707 863 720 851 654 913 653 884 655 865 657 850 857 1097 850 1069 837 1041 819 1023 805 1011 870 1027 842 988 822 966 803 951 865 1039 845 999 824 976 803 959 851 1058 833 1035 818 1019 804 1006 830 1077 809 1069 798 1064 790 1059 
632 980 672 990 702 981 719 966 730 959 709 930 735 917 745 922 747 932 691 914 718 887 736 875 748 868 670 908 690 876 703 861 716 851 650 910 649 882 649 863 650 850 855 1094 858 1059 848 1028 825 1008 804 998 863 1022 833 983 814 963 795 948 855 1036 832 995 811 973 788 957 839 1055 820 1032 806 1022 792 1012 818 1074 807 1071 804 1069 798 1065 
847 1093 830 1082 816 1055 801 1030 786 1013 845 1043 814 1021 792 1010 774 1003 853 1033 825 991 801 968 779 954 850 1028 824 984 802 962 782 948 838 1027 818 998 800 983 782 972 629 980 671 990 701 979 717 964 722 956 707 928 731 919 739 925 740 935 689 912 715 887 732 875 743 867 667 906 687 876 700 860 711 851 647 909 646 881 645 862 645 849 
845 1085 813 1084 790 1063 778 1037 770 1016 822 1050 792 1025 773 1013 758 1005 840 1033 813 990 789 968 767 956 848 1020 815 980 789 962 766 951 846 1011 819 981 796 970 777 965 629 980 670 990 700 979 716 964 720 952 706 928 729 918 736 923 736 931 688 912 713 886 730 874 740 865 667 905 685 876 698 861 708 850 646 907 644 880 643 861 643 848 
842 1084 805 1086 779 1065 768 1037 761 1016 811 1047 785 1024 767 1010 752 999 831 1029 808 991 786 970 766 956 842 1017 814 980 791 961 770 949 843 1010 819 982 799 968 781 960 631 980 671 989 700 978 717 964 723 953 707 925 730 911 736 918 734 928 689 910 712 883 729 872 740 864 667 904 684 875 697 860 708 850 647 907 644 880 643 862 642 849 
841 1081 809 1084 785 1063 772 1036 765 1017 805 1047 777 1023 758 1006 742 993 825 1027 800 986 777 965 758 951 836 1013 807 977 783 959 762 949 839 1005 813 980 792 969 774 962 632 979 673 989 701 978 715 961 721 950 706 925 733 903 739 908 737 919 687 910 711 881 727 870 738 865 666 904 685 873 699 858 710 850 646 907 644 878 643 860 643 847 
841 1082 801 1088 773 1069 762 1039 758 1017 799 1047 768 1019 749 1003 735 992 821 1025 792 986 770 965 753 952 834 1011 803 977 780 961 762 952 839 1004 812 982 792 974 776 970 630 981 672 990 699 976 714 957 722 945 704 926 732 901 738 907 734 920 685 911 711 879 727 873 736 874 664 905 684 872 700 859 711 852 644 908 643 879 642 861 642 848 
839 1080 801 1086 774 1071 762 1044 756 1025 793 1043 759 1015 740 1000 726 990 814 1020 785 982 764 964 747 952 829 1007 798 975 777 961 761 953 837 1003 811 980 794 972 780 968 630 982 674 991 702 975 713 953 718 941 705 927 733 900 737 909 731 924 685 911 711 880 725 878 730 882 664 905 684 872 699 862 710 857 644 907 642 878 642 860 641 847 
836 1080 796 1084 770 1067 760 1039 753 1020 785 1038 753 1010 733 995 719 984 806 1017 777 980 756 963 741 952 823 1005 794 973 775 958 761 950 833 1002 811 978 796 969 784 964 629 982 673 991 700 976 711 956 715 944 702 928 732 903 735 912 730 925 682 911 708 882 723 878 731 880 661 905 682 873 698 865 709 862 642 908 641 878 641 861 641 848 
835 1079 795 1079 769 1059 755 1032 745 1012 780 1034 748 1003 729 987 716 977 802 1014 773 976 755 961 741 953 821 1003 793 970 775 958 762 952 834 1000 813 976 798 967 786 963 626 984 669 992 696 978 707 961 715 953 699 928 732 905 734 916 725 931 680 911 708 884 721 886 725 892 659 905 681 873 696 868 707 867 640 907 639 876 639 858 640 845 
833 1074 793 1072 766 1051 750 1024 739 1006 779 1028 744 995 726 978 714 969 801 1009 771 969 754 956 742 953 820 999 792 964 774 953 762 951 832 996 809 975 795 970 784 973 626 984 668 991 695 975 705 955 714 945 696 925 731 907 732 922 721 937 678 909 709 887 720 894 721 905 658 904 683 876 697 875 705 878 639 905 640 877 642 862 644 850 
835 1071 793 1067 764 1046 747 1021 734 1002 777 1020 742 988 724 972 710 962 801 1003 773 966 756 954 745 950 820 994 793 961 776 953 764 952 834 993 811 972 797 968 787 969 623 982 666 990 693 974 701 950 706 937 695 923 728 906 731 922 722 937 677 908 710 887 721 899 721 912 657 903 684 880 697 886 700 895 638 904 646 878 653 867 656 861 
834 1069 790 1063 760 1040 744 1014 732 996 776 1015 741 982 722 965 709 956 800 998 771 960 756 950 745 949 819 991 793 957 775 949 764 948 833 989 812 967 798 961 788 961 624 981 665 990 693 973 703 952 708 941 694 923 729 907 733 921 725 934 677 907 713 890 723 903 720 915 658 901 690 881 701 890 702 901 640 901 656 878 665 878 667 881 
832 1066 788 1059 756 1035 734 1011 717 994 773 1008 739 975 720 960 707 951 797 993 769 953 754 948 746 951 817 987 793 954 777 948 767 951 833 988 814 966 802 961 793 962 622 980 664 988 692 971 703 949 710 936 691 920 729 906 734 922 725 935 675 903 714 893 722 907 716 919 658 897 692 884 701 897 697 909 642 897 666 884 676 892 674 901 
832 1066 788 1058 753 1034 729 1009 710 992 773 1006 740 971 723 955 709 945 798 991 770 951 756 944 747 945 818 986 794 953 778 947 768 948 834 987 815 964 802 958 793 957 621 981 663 987 690 969 700 945 705 932 691 922 726 911 731 925 725 937 675 906 712 895 721 908 717 920 658 899 690 887 699 898 697 910 641 899 663 887 673 892 675 899 
830 1062 786 1057 752 1036 731 1011 714 994 771 1000 739 963 723 951 714 944 796 986 767 945 753 946 748 954 816 982 792 949 776 949 769 955 832 983 812 963 799 962 793 965 620 982 663 987 691 972 697 949 696 934 692 923 723 918 727 930 723 939 676 907 711 898 722 906 724 916 658 901 690 889 701 898 703 909 642 902 666 893 677 898 681 904 
826 1062 781 1055 747 1034 728 1013 711 999 766 992 736 957 723 944 715 936 792 979 767 941 754 944 751 953 814 978 793 948 780 951 775 959 832 982 815 965 804 966 800 973 621 980 662 985 690 968 700 945 703 931 695 922 723 918 723 931 717 942 678 906 710 896 722 902 725 911 658 900 683 887 691 895 692 906 639 901 657 891 666 896 669 903 
826 1060 782 1055 746 1035 724 1015 707 1002 765 990 734 954 720 941 712 936 790 977 765 937 752 940 748 952 813 976 791 945 777 951 774 960 830 981 812 963 802 966 799 974 620 977 661 981 689 963 699 940 700 925 691 917 724 913 721 930 712 942 675 901 712 894 718 905 714 915 656 895 686 885 693 896 691 906 638 896 659 889 668 896 670 903 
824 1060 778 1053 740 1029 716 1005 698 988 763 989 733 952 719 938 711 931 789 976 764 934 751 939 747 951 811 974 790 942 777 947 773 956 828 978 811 961 801 965 798 972 617 974 659 979 686 961 695 939 694 925 690 914 721 912 720 926 711 936 674 898 709 892 714 902 710 911 656 891 685 883 690 894 687 903 637 892 656 884 663 891 663 898 
822 1059 776 1053 741 1029 722 1005 708 989 760 986 731 949 717 935 708 927 787 973 763 932 750 938 747 951 809 972 788 941 775 947 772 958 827 977 809 961 800 966 798 975 617 971 651 975 678 958 688 937 691 924 673 908 706 906 713 917 711 927 665 893 702 888 710 898 710 905 658 887 693 879 701 892 700 901 651 887 682 886 690 895 690 903 
819 1056 774 1050 743 1029 726 1010 716 997 757 982 730 945 716 931 708 922 784 970 762 930 750 938 748 953 807 970 788 940 776 948 775 960 824 976 808 959 800 965 799 974 615 969 638 965 660 946 672 926 681 914 653 901 679 895 692 900 699 904 653 889 684 881 700 886 710 889 655 886 685 877 698 883 705 888 660 890 686 885 697 889 703 893 
819 1054 774 1048 743 1027 730 1004 721 990 757 980 731 942 718 928 710 920 784 969 763 929 753 938 751 953 806 970 788 942 778 951 776 963 824 976 809 963 802 970 802 980 613 964 652 972 681 960 690 941 689 926 686 911 711 906 722 905 728 904 670 893 694 886 706 885 716 883 653 886 672 876 683 879 691 882 637 886 650 876 657 878 662 882 
815 1053 772 1048 741 1028 724 1006 711 992 756 979 731 941 719 927 711 918 782 968 763 929 755 939 754 953 805 970 788 943 779 952 778 963 822 976 809 961 801 967 801 977 617 964 657 974 686 956 695 936 696 921 692 911 717 906 728 908 735 909 674 895 697 885 710 883 717 881 652 890 671 880 678 884 682 889 631 891 642 881 649 884 654 890 
816 1051 772 1047 740 1029 722 1010 706 999 755 978 731 941 719 929 712 922 781 967 762 929 752 939 750 952 804 967 786 941 776 950 776 962 821 973 807 959 801 966 800 976 622 967 661 976 689 959 699 941 699 927 694 912 716 906 728 907 737 908 677 897 697 887 710 884 719 881 655 892 670 883 677 885 682 888 633 894 640 887 645 890 648 895 
813 1049 769 1042 741 1023 723 1004 708 992 753 976 731 939 719 929 712 925 779 966 762 930 755 942 755 956 802 966 787 941 781 952 782 965 820 971 809 958 804 966 804 976 624 966 663 976 692 960 699 941 695 927 697 914 721 908 733 909 744 910 679 898 700 889 713 886 723 884 657 893 673 887 679 890 683 894 636 896 644 892 648 897 650 903 
809 1047 766 1038 738 1016 728 993 721 978 751 973 729 938 718 928 712 922 777 964 760 929 754 941 757 956 800 964 786 940 780 952 782 964 819 970 811 955 805 963 805 974 626 966 665 977 695 962 704 942 702 928 701 916 725 910 736 911 746 912 682 900 704 891 717 888 726 887 660 895 677 887 685 887 691 889 640 896 650 892 654 896 657 900 
808 1043 766 1037 735 1021 714 1003 698 989 750 969 730 938 724 933 723 933 775 961 762 929 758 938 759 949 798 962 788 939 783 948 783 959 818 967 812 950 807 955 806 965 626 967 667 978 698 961 709 939 711 925 702 917 726 912 737 912 746 911 683 901 707 893 722 890 733 887 661 895 680 885 689 887 695 889 642 896 655 891 662 895 665 901 
806 1037 766 1033 738 1018 719 1000 703 984 751 966 730 933 722 926 719 925 776 956 761 927 757 939 758 951 800 956 786 936 781 947 782 960 819 960 809 944 804 950 803 961 629 968 668 980 698 964 708 944 708 931 704 919 729 913 741 912 750 911 685 902 710 893 725 890 737 887 664 896 683 883 691 884 697 888 644 896 657 889 664 893 668 899 
806 1032 766 1025 741 1007 723 987 707 973 754 961 736 929 728 931 727 938 780 952 762 925 756 937 757 950 802 952 786 932 780 942 782 955 821 957 810 941 804 948 804 958 631 970 671 982 703 965 715 943 715 928 706 920 732 913 744 913 753 912 687 903 713 895 728 893 738 892 667 896 688 884 697 885 702 888 648 897 667 890 676 894 681 900 
808 1025 767 1016 744 997 729 977 715 965 757 955 737 926 733 937 735 950 782 947 763 924 757 935 759 949 804 949 785 936 780 946 782 958 822 954 806 944 801 952 802 962 635 969 675 982 706 966 717 943 718 927 710 921 739 912 751 911 758 911 690 902 720 892 733 893 740 895 668 896 692 881 698 889 699 897 649 897 669 892 675 900 676 909 
810 1021 770 1016 747 1003 732 987 719 975 759 952 742 928 738 939 740 951 783 945 766 926 762 938 765 950 805 946 788 934 784 945 786 956 822 951 809 943 804 951 804 960 637 971 679 983 709 967 719 946 720 931 712 922 742 912 755 911 762 912 692 904 724 893 738 894 746 896 671 898 695 882 705 884 710 889 652 899 670 892 680 897 684 905 
811 1019 772 1014 751 998 739 980 730 967 761 951 745 929 742 940 745 953 785 943 770 925 766 935 768 948 807 944 791 932 787 942 789 953 825 949 811 939 806 946 807 956 640 973 682 983 711 969 723 950 725 937 715 922 745 912 755 911 761 911 696 905 727 893 741 894 749 896 674 898 698 882 708 884 713 889 655 900 674 892 684 898 688 906 
810 1015 772 1009 754 991 749 970 747 956 761 949 748 929 748 939 752 951 783 941 772 927 771 937 774 948 805 941 794 934 792 944 794 954 823 946 813 941 809 948 809 958 642 972 683 983 714 967 726 948 727 934 718 920 748 910 758 910 762 910 698 903 730 891 744 892 751 894 675 896 701 880 711 884 715 891 656 898 676 892 685 899 688 909 
809 1015 773 1010 756 993 750 975 747 963 762 952 748 930 746 936 749 945 784 943 772 925 770 934 772 946 805 943 794 934 792 943 793 954 823 947 814 942 810 950 810 959 642 971 685 981 715 965 723 944 721 929 718 920 746 909 757 906 763 905 698 902 728 889 743 889 752 891 675 896 700 878 712 881 718 886 656 898 677 890 687 897 692 906 
809 1013 774 1011 753 996 742 980 732 968 764 953 751 931 743 922 740 919 787 945 775 927 771 934 771 943 807 945 795 932 789 940 790 949 824 950 812 941 806 946 806 955 644 969 687 979 717 962 726 940 725 925 719 916 746 906 756 904 761 903 699 899 728 887 743 887 751 890 677 893 701 877 714 878 722 881 658 894 679 888 690 894 695 902 
812 1014 777 1012 756 997 745 980 733 969 770 949 755 934 752 944 756 953 793 944 780 929 776 939 777 949 812 946 800 935 795 943 795 953 828 953 816 945 810 950 810 958 644 968 688 978 719 961 730 942 733 931 720 914 748 905 759 903 764 902 700 898 729 886 743 887 751 889 678 892 703 877 716 878 723 882 660 893 681 886 692 892 698 899 
812 1014 778 1013 756 997 744 979 732 967 771 950 758 938 752 942 753 946 793 945 782 931 778 939 779 948 813 948 802 936 796 943 796 952 829 955 818 947 812 951 811 959 644 967 687 979 719 962 727 940 725 927 721 915 748 905 759 905 764 905 701 897 730 886 743 888 750 890 679 891 704 876 717 877 725 881 661 893 682 886 694 891 700 897 
815 1015 779 1012 762 995 760 976 760 964 776 950 763 944 763 955 767 965 797 945 785 934 782 943 784 954 816 949 804 938 799 946 800 954 831 957 821 950 815 954 814 962 645 967 688 979 719 963 726 942 723 928 723 914 751 905 760 907 763 909 702 897 732 885 744 890 748 896 680 891 706 876 719 879 726 884 662 893 683 885 695 890 701 897 
817 1015 782 1008 766 985 766 962 768 946 779 951 767 942 766 954 769 963 800 947 788 934 783 944 785 954 818 949 806 938 801 946 802 955 833 956 822 948 816 953 815 959 644 967 688 979 719 962 727 940 725 927 723 915 751 906 762 906 767 908 703 897 734 885 746 890 751 896 681 890 707 874 719 879 725 887 662 892 683 884 694 891 699 899 
819 1014 783 1010 767 985 769 963 774 950 782 954 771 939 768 947 771 953 802 949 791 931 785 937 785 947 820 952 808 940 801 947 802 955 835 958 823 950 816 955 816 963 643 966 687 977 718 960 727 938 727 924 722 916 751 907 762 907 767 909 702 897 733 885 745 889 750 896 680 889 706 874 719 878 726 885 662 890 684 881 696 887 702 894 
823 1017 786 1015 769 991 773 970 781 958 777 956 769 939 768 948 771 957 800 951 791 931 785 938 786 949 819 954 809 942 803 951 804 960 835 962 825 955 819 961 820 969 641 962 684 976 715 964 726 944 726 930 721 915 754 909 764 911 768 913 702 895 735 885 746 891 749 899 681 888 706 872 715 880 718 890 661 888 680 878 690 884 693 892 
825 1021 788 1022 769 1001 770 981 775 968 776 962 767 942 763 940 762 942 799 956 790 932 784 939 784 949 819 958 810 942 803 950 804 958 835 964 826 956 820 961 819 969 639 962 683 977 716 964 727 944 725 930 720 914 753 911 765 913 772 916 701 896 735 886 748 892 752 898 680 889 705 870 716 875 721 884 660 889 674 872 683 874 689 880 
832 1023 794 1029 767 1014 753 997 742 984 777 965 767 946 762 936 759 930 801 958 792 936 785 939 783 946 822 959 811 945 804 951 802 958 840 966 828 958 821 962 819 969 636 962 680 976 714 964 729 945 733 934 719 915 749 913 763 915 771 918 701 897 732 887 749 889 758 895 680 889 704 870 718 873 727 880 660 889 673 871 683 872 691 877 
839 1026 801 1032 774 1017 760 1000 749 988 782 969 772 955 768 952 768 950 806 959 792 939 781 933 775 932 827 959 813 946 803 948 798 952 844 965 831 958 822 961 818 967 635 958 676 974 711 964 730 946 736 932 717 913 749 913 762 916 771 919 700 895 733 885 750 888 761 894 680 887 705 870 720 871 732 877 660 887 675 871 685 870 693 873 
848 1024 810 1034 783 1023 772 1012 766 1003 784 968 774 955 768 949 764 945 808 958 794 940 783 936 776 935 829 958 816 948 805 953 801 958 847 965 835 958 827 962 824 969 634 954 676 970 713 961 734 943 742 928 716 908 748 911 761 916 770 920 700 890 734 884 753 888 765 894 681 882 708 869 725 872 736 879 663 882 681 868 693 867 702 871 
857 1025 819 1034 790 1022 776 1010 766 1002 791 971 776 957 767 950 762 945 813 961 795 944 784 940 776 937 833 959 815 945 800 942 791 941 850 963 836 955 824 954 817 958 636 949 677 966 714 958 738 939 755 927 715 905 749 909 764 916 774 922 701 886 735 881 756 887 770 895 683 878 713 865 730 870 740 880 667 877 686 864 700 865 708 871 
868 1024 830 1033 800 1022 785 1011 771 1003 799 971 785 957 776 951 771 948 820 960 804 945 792 942 784 941 840 957 825 948 812 947 804 950 857 960 844 956 833 958 826 963 636 945 676 962 715 954 741 936 754 922 719 898 753 904 767 913 778 920 705 879 739 878 758 885 772 892 688 871 718 862 734 867 745 875 672 870 695 858 710 859 720 864 
881 1019 840 1031 808 1022 789 1011 774 1007 806 964 783 956 780 970 785 980 826 954 805 951 800 965 803 974 846 954 829 952 822 963 824 974 864 958 846 957 840 966 840 975 639 940 679 958 718 949 744 932 758 919 721 893 756 899 771 908 782 916 707 875 741 871 762 879 776 889 690 868 719 856 735 862 746 872 674 868 697 856 712 858 722 864 
893 1015 850 1024 817 1013 798 1001 779 996 818 958 796 950 785 951 777 953 840 947 814 939 800 943 791 948 858 947 837 940 823 941 813 946 874 951 855 946 842 947 833 953 641 936 681 953 719 946 745 930 762 918 724 887 760 892 775 900 787 906 710 868 747 865 765 874 777 884 694 861 724 853 741 858 752 866 679 861 704 853 719 856 729 862 
906 1011 862 1017 828 1001 806 986 784 981 834 947 805 946 791 951 781 952 855 936 826 934 808 941 796 949 873 938 848 936 832 941 823 949 887 945 865 944 852 949 843 957 644 929 686 945 725 937 752 921 768 909 726 878 762 878 778 885 788 891 711 861 749 856 767 865 779 875 695 854 727 846 745 852 757 860 681 854 707 846 722 849 732 854 
915 1004 871 1009 837 989 815 971 796 964 847 938 815 935 799 939 787 941 867 927 835 924 816 931 803 938 883 927 855 925 839 931 831 938 894 932 870 930 857 934 851 942 648 922 689 939 728 930 755 914 775 906 730 870 766 867 783 874 795 880 714 853 752 848 771 857 783 868 698 848 730 839 748 846 759 856 684 848 710 839 725 842 736 848 
922 998 878 999 845 975 821 954 799 943 868 922 826 919 806 928 794 933 886 914 850 909 832 917 820 922 900 918 873 913 857 919 848 928 908 926 884 926 873 933 866 942 650 914 693 930 734 921 762 905 779 897 734 859 772 858 789 864 801 870 717 844 757 842 775 852 787 863 700 840 734 833 754 841 766 851 687 843 714 835 730 837 742 844 
927 992 884 987 852 962 829 938 809 925 885 914 839 906 816 911 803 917 903 908 856 909 834 925 823 942 913 911 871 916 849 928 837 943 918 919 885 921 867 929 856 941 654 905 696 921 739 911 767 896 785 890 738 851 776 849 793 857 805 863 722 836 762 835 780 845 791 856 706 832 740 827 758 835 770 845 692 834 718 828 734 832 745 838 
932 987 891 974 864 943 844 918 827 904 900 901 861 888 841 892 829 893 917 897 878 891 860 902 851 913 927 902 891 898 876 908 869 920 930 910 901 909 888 916 882 927 660 896 701 912 744 904 771 888 788 880 743 843 782 841 799 849 811 855 727 827 767 828 784 839 795 852 712 823 746 820 763 829 773 840 699 825 725 820 741 824 751 831 
935 976 896 961 872 930 853 904 836 890 912 888 870 870 845 871 830 873 929 884 886 873 863 884 848 897 938 888 896 881 877 890 865 902 939 896 906 891 889 897 877 906 667 887 709 902 748 896 772 881 790 874 750 835 787 834 802 842 812 850 734 819 772 819 785 831 791 844 719 815 750 812 765 821 772 832 705 818 730 813 744 818 752 826 
941 972 902 957 877 923 857 896 839 879 914 882 877 859 853 857 837 857 933 880 898 862 876 865 861 873 943 887 911 874 892 875 878 882 947 896 921 884 905 882 892 888 673 882 715 897 753 888 778 873 795 867 752 829 788 827 805 835 816 843 736 814 773 814 789 826 798 839 721 811 753 807 768 817 778 829 707 815 732 809 747 814 757 822 
940 970 903 952 879 919 860 893 844 877 913 877 881 855 861 852 845 848 932 875 900 853 877 854 860 858 942 881 914 863 894 864 879 870 945 890 923 875 907 874 893 878 680 878 722 892 759 884 784 872 798 866 758 826 793 821 809 829 818 837 741 812 777 807 790 819 797 831 725 810 756 803 771 812 780 822 713 814 736 808 750 812 759 819 
940 964 903 947 879 915 860 890 843 873 913 876 882 851 863 846 850 842 931 871 901 843 880 842 865 843 940 875 916 850 897 846 882 846 943 883 925 861 909 855 894 854 689 875 730 889 766 881 788 869 804 865 765 825 798 818 812 823 822 829 747 812 781 803 795 812 802 822 731 809 760 801 774 808 783 816 717 814 740 808 754 811 762 817 
939 960 901 947 879 916 864 892 852 875 909 875 880 847 862 841 848 837 928 869 900 838 879 837 865 840 939 871 915 843 895 840 881 842 942 877 924 855 908 849 895 849 697 873 737 887 772 879 793 869 807 865 770 825 803 816 818 819 828 824 752 811 785 802 799 810 806 820 736 809 764 802 780 807 789 816 723 814 746 808 760 811 768 817 
936 961 898 946 875 916 859 890 843 873 904 874 879 845 863 837 850 831 926 869 902 838 882 834 867 834 938 873 919 845 900 838 885 838 942 880 929 857 914 848 900 847 703 872 744 885 780 878 805 867 823 859 778 824 807 816 820 818 830 822 759 811 788 802 801 809 809 818 741 809 767 802 782 808 791 817 726 813 748 808 760 811 768 817 
933 957 895 941 872 912 859 887 846 868 901 874 879 844 865 835 853 829 923 869 904 836 887 831 874 833 936 872 921 844 905 837 892 838 942 880 933 857 920 848 908 847 711 872 749 884 786 877 812 867 830 864 785 821 811 814 823 817 831 822 765 809 790 801 803 808 810 817 746 807 769 801 782 807 790 816 731 812 748 809 760 813 766 819 
928 952 891 936 870 909 858 886 846 871 896 870 879 842 868 833 860 828 919 866 905 835 891 827 880 826 934 871 924 843 911 833 900 832 941 879 935 857 925 848 915 846 716 867 753 881 788 874 811 865 824 862 788 822 813 813 825 815 833 819 769 809 792 799 804 805 810 815 750 807 770 800 780 807 786 815 734 811 748 809 755 814 759 820 
925 948 888 932 868 905 855 884 841 871 895 866 878 840 867 831 858 826 918 864 905 834 892 825 881 823 934 870 925 841 913 831 903 828 942 879 937 857 928 846 918 842 722 864 758 879 789 873 807 865 818 863 795 820 817 812 827 813 833 816 776 807 796 797 806 804 809 813 756 805 773 798 781 805 785 812 740 809 752 808 759 812 761 819 
922 943 887 929 869 902 861 880 851 868 895 863 880 838 870 830 863 825 918 862 907 833 895 823 885 820 934 868 927 840 916 830 906 826 942 878 939 856 930 846 921 843 726 861 761 877 789 871 806 864 813 865 798 819 820 812 830 813 835 816 779 806 799 795 806 803 808 813 760 803 775 797 781 804 782 812 744 806 754 806 759 811 760 818 
920 940 886 927 869 900 862 879 856 867 894 862 881 838 872 828 864 823 918 861 909 832 898 822 889 817 934 868 928 840 918 829 909 825 942 877 938 857 931 847 922 844 731 858 764 875 792 871 807 863 814 864 801 819 821 811 830 812 834 815 783 806 801 794 807 802 807 811 763 802 778 796 782 804 781 812 747 804 756 804 760 809 759 816 
920 937 885 925 868 900 862 880 857 868 893 861 880 837 870 827 863 823 917 861 909 830 898 821 889 817 933 867 928 840 918 830 909 826 942 878 938 857 930 848 922 844 733 856 766 874 792 872 806 865 810 861 802 819 822 811 830 811 834 813 784 806 802 793 807 800 805 810 765 801 779 795 782 802 781 810 749 803 757 802 760 808 758 814 
920 936 886 926 869 902 862 883 856 870 891 863 878 838 868 829 861 826 914 860 905 830 893 821 883 820 929 865 924 837 913 828 903 826 937 875 934 855 926 846 917 843 738 855 769 873 793 871 806 865 810 861 805 819 823 811 830 812 832 815 787 806 803 793 807 799 805 808 767 801 779 794 782 802 780 810 751 803 756 801 758 806 757 813 
919 934 884 924 867 901 860 882 853 871 889 862 876 839 867 830 860 826 912 859 902 830 891 823 881 822 927 864 922 837 911 828 902 825 936 873 933 855 925 846 917 844 741 854 771 873 793 872 805 866 807 861 805 819 823 811 828 812 830 816 787 806 803 792 807 799 805 809 767 801 779 794 782 801 780 810 750 803 755 802 757 806 756 813 
917 933 882 922 866 896 859 876 847 869 887 859 873 836 864 829 858 826 911 857 899 829 887 825 879 827 927 862 920 835 909 828 901 829 935 871 932 853 923 845 916 845 742 854 771 874 792 872 804 866 806 861 805 819 822 812 827 812 829 815 788 806 803 794 806 801 804 809 768 801 779 794 781 801 779 809 751 803 755 801 757 806 754 812 
916 931 881 922 865 898 859 878 850 868 886 859 872 833 862 826 856 826 909 856 897 827 884 824 876 828 925 860 918 832 906 826 898 828 934 870 930 850 921 843 914 843 744 854 773 873 795 870 805 862 806 856 807 819 823 811 827 813 827 819 789 806 802 793 804 801 802 810 769 801 779 794 780 802 778 810 751 803 756 801 757 806 754 813 
914 930 880 921 866 897 860 878 850 872 884 855 871 830 861 823 855 823 909 853 897 825 885 821 876 826 926 860 920 831 907 826 899 829 935 870 931 854 922 849 915 851 744 854 773 872 796 870 806 860 808 854 806 819 823 811 827 815 825 821 788 806 803 791 805 798 802 809 768 802 778 794 781 802 778 810 750 804 755 802 757 807 755 813 
913 927 880 917 866 895 861 878 853 870 886 852 873 827 862 821 857 822 910 851 899 822 887 820 879 826 926 857 920 829 908 826 901 831 936 869 931 852 921 849 914 853 745 853 775 871 799 866 809 855 814 849 807 817 824 810 828 813 826 820 789 804 803 789 806 797 803 808 769 801 779 795 781 804 777 813 751 804 756 803 757 808 755 814 
913 926 880 914 865 891 860 871 855 861 887 849 874 825 863 820 857 821 911 848 899 820 886 819 878 825 927 854 920 827 908 825 900 829 936 865 931 848 921 844 914 847 745 852 777 870 800 865 809 854 812 847 808 816 825 808 828 814 825 822 789 803 804 788 807 796 805 807 770 800 780 794 782 803 779 812 753 804 758 802 760 808 758 815 
913 924 880 911 865 887 862 868 859 859 888 847 874 823 862 821 857 823 911 846 900 817 886 818 878 825 927 852 921 825 908 823 900 828 936 862 930 844 921 840 914 843 746 852 777 868 799 864 806 854 807 848 809 815 825 808 827 815 823 823 790 803 805 787 807 796 804 807 770 800 780 794 783 803 780 812 753 804 758 803 760 808 758 814 
914 922 882 910 867 886 863 868 861 859 889 844 875 821 863 820 858 822 912 843 900 816 887 817 879 824 928 849 922 822 909 821 901 826 936 860 930 841 920 837 914 840 747 851 778 867 798 862 805 852 805 845 809 815 825 808 827 815 822 824 790 802 805 785 808 794 804 805 771 799 781 793 784 801 780 810 755 804 760 802 763 807 762 814 
915 922 882 910 867 885 864 865 862 853 889 845 876 822 864 819 857 822 912 843 900 816 886 817 878 823 928 848 921 820 907 818 899 824 936 858 930 836 919 831 913 834 748 851 779 866 799 862 805 853 804 848 810 814 824 808 825 816 821 824 792 802 806 786 807 795 803 806 772 799 781 791 783 799 780 808 755 803 760 801 763 807 761 813 
917 922 885 911 869 886 865 866 863 857 889 849 877 823 866 818 859 819 911 845 899 815 885 815 877 820 926 847 920 818 906 815 898 820 935 854 930 831 920 824 914 826 746 851 778 866 799 858 803 846 801 839 809 812 823 806 825 814 820 822 790 800 804 785 806 794 803 804 771 798 781 790 784 798 781 807 755 802 763 801 766 807 764 813 
918 925 886 914 869 889 864 869 861 857 890 851 876 824 865 817 857 816 912 846 898 815 883 816 875 822 927 848 920 817 906 815 899 820 936 854 931 831 921 825 916 826 744 850 775 865 796 859 803 849 801 843 806 809 822 803 823 811 818 820 788 797 802 784 805 793 802 803 769 796 780 789 783 797 781 806 753 800 762 798 766 804 765 811 
919 929 887 916 870 890 861 869 853 856 891 854 877 827 866 818 857 814 913 848 897 817 882 816 873 820 929 849 921 817 906 813 898 817 938 855 932 831 921 823 913 823 741 849 772 864 792 857 801 849 802 844 802 806 819 799 822 806 819 815 783 795 798 782 802 789 801 799 764 794 776 784 781 791 780 800 749 800 757 796 762 801 762 808 
923 932 888 922 869 894 858 870 848 856 894 856 877 827 864 818 855 814 916 849 897 817 881 817 871 822 931 850 920 818 903 816 894 821 939 856 932 832 919 825 911 826 736 845 767 861 789 856 803 851 811 853 799 804 819 796 822 803 819 812 781 792 798 778 802 788 800 798 762 790 775 779 780 787 780 796 747 795 757 790 762 795 764 802 
925 938 888 928 867 899 855 872 841 857 894 862 875 830 861 820 853 815 916 854 896 819 879 818 869 824 931 853 916 820 899 818 889 823 939 857 931 833 918 826 908 827 732 844 763 861 785 858 798 853 806 854 796 806 818 798 823 803 820 811 779 792 798 779 803 787 801 796 761 789 776 777 781 784 781 792 746 793 756 786 762 790 764 796 
927 947 888 937 865 909 849 880 831 862 893 871 870 835 855 824 844 820 916 861 895 823 877 821 866 826 931 859 915 823 897 821 887 826 939 862 929 835 914 829 904 830 728 844 759 862 782 857 798 853 810 857 794 805 818 798 824 804 823 812 778 791 799 779 805 788 803 799 760 787 776 776 783 783 783 791 744 791 756 783 763 787 765 794 
930 954 889 945 863 917 846 887 829 867 889 881 867 843 852 830 841 824 913 870 891 827 873 824 863 830 931 867 913 828 895 824 885 829 941 870 930 840 915 833 904 834 724 845 755 862 780 856 798 853 812 861 796 804 822 800 827 809 825 819 779 790 802 782 807 793 804 803 761 787 779 777 785 785 785 793 745 790 758 782 765 787 767 793 
932 962 890 954 861 928 843 897 825 875 886 893 861 854 845 840 835 834 911 880 886 834 868 833 860 841 929 875 908 834 890 833 882 840 941 877 928 844 912 838 902 842 717 846 749 865 776 860 794 858 807 865 797 805 823 807 828 818 826 828 781 792 806 790 811 802 809 813 764 788 785 783 792 793 793 802 749 790 766 783 774 788 777 794 
933 968 891 961 860 938 842 908 827 883 887 909 859 866 842 850 832 842 911 892 882 842 864 843 859 854 930 883 905 839 886 840 880 850 942 882 925 847 908 843 899 848 708 848 741 868 773 865 796 865 811 876 792 813 822 816 828 827 827 838 777 798 806 800 813 815 812 827 760 792 785 791 795 803 797 814 745 794 766 790 775 797 778 806 
935 972 894 966 863 945 843 916 829 891 889 918 859 873 842 857 832 849 913 900 881 848 864 849 858 860 932 889 904 843 886 846 881 857 944 886 924 850 907 848 899 854 700 851 733 872 767 871 791 874 806 887 786 819 818 823 826 835 828 845 775 802 808 808 817 823 819 836 761 795 791 798 803 811 806 822 750 795 777 795 788 803 792 811 
936 976 896 970 863 948 841 920 823 897 892 925 861 880 843 863 834 858 917 907 885 856 866 853 859 863 935 896 906 849 887 851 881 862 947 890 925 853 907 852 900 860 693 856 726 875 760 877 786 880 803 893 779 826 812 830 824 839 830 848 769 808 803 815 814 828 818 839 757 800 787 803 798 814 803 825 747 798 773 799 783 806 789 813 
938 977 898 973 864 952 842 925 824 902 896 930 863 883 844 868 834 864 920 913 885 860 865 859 858 870 938 901 907 855 885 856 878 867 949 895 925 858 906 857 897 865 689 861 723 879 758 881 785 886 801 899 774 829 811 835 823 846 826 856 763 811 800 818 811 832 814 843 751 803 782 806 793 818 797 829 739 802 766 803 777 811 781 818 
937 983 899 978 866 955 843 926 823 905 900 935 866 889 847 873 835 866 925 917 887 863 865 864 857 875 941 904 907 861 887 865 880 876 951 898 925 868 907 870 898 878 684 865 719 884 754 885 781 888 797 899 770 833 808 837 819 848 821 857 758 814 795 819 806 833 808 844 744 805 777 807 787 819 790 830 732 804 760 805 770 813 773 821 
932 987 894 982 860 958 838 928 818 906 900 940 863 896 842 879 828 869 925 920 882 868 861 871 854 883 939 907 896 868 877 875 873 886 946 899 910 875 892 881 887 890 678 873 716 890 752 888 780 889 799 900 768 837 804 840 815 849 818 857 753 818 790 820 802 832 805 843 736 810 767 805 782 815 788 825 720 809 745 803 758 807 765 813 
925 994 888 989 856 964 835 933 815 912 894 948 859 901 840 884 828 875 920 929 880 875 860 881 854 894 935 915 894 874 875 883 872 895 940 908 905 881 889 888 885 898 676 876 715 896 754 892 784 891 803 902 770 843 810 845 822 857 824 869 756 822 797 828 805 844 803 855 739 812 775 809 786 821 788 832 723 808 750 802 762 809 766 818 
920 1002 881 997 850 970 831 938 811 915 891 951 856 901 836 886 824 879 917 933 875 880 856 887 851 899 931 922 889 881 872 890 870 903 936 916 903 890 887 897 883 907 674 880 714 901 752 898 780 897 799 910 770 848 811 849 824 860 829 871 756 827 797 833 805 850 804 862 739 816 773 813 784 826 785 837 722 812 747 804 758 812 761 820 
917 1010 877 1003 845 976 827 941 812 916 891 954 858 903 837 888 823 882 918 938 878 883 858 887 851 898 932 927 892 888 874 894 868 904 937 922 906 898 889 904 883 912 673 883 712 906 750 904 779 905 796 918 771 853 811 853 822 863 824 874 757 832 796 836 803 852 802 864 740 821 773 817 783 830 783 842 722 817 746 809 757 817 759 826 
916 1016 877 1009 846 981 826 948 809 922 893 956 860 904 839 890 825 885 920 940 879 885 858 890 851 903 934 931 894 888 875 895 869 906 939 927 909 900 891 904 885 913 669 888 708 912 747 911 778 910 797 921 770 857 811 858 824 869 828 880 757 835 796 841 806 858 808 870 739 825 772 823 784 835 787 847 722 821 746 814 757 821 761 831 
920 1021 881 1015 850 989 829 955 811 929 900 963 870 907 848 888 830 878 925 946 885 889 861 891 849 901 938 937 898 894 879 903 872 915 941 932 909 907 893 913 888 924 668 892 708 916 749 915 781 913 798 924 769 860 812 860 824 871 828 882 756 838 798 844 808 861 809 873 740 828 775 826 787 840 789 852 724 824 751 819 763 828 767 837 
922 1023 883 1018 851 991 832 956 813 929 910 970 887 913 864 892 844 884 935 954 894 894 863 892 845 902 945 943 904 893 878 898 864 911 946 937 913 906 891 908 879 918 668 896 707 919 748 917 780 916 799 927 767 862 812 861 827 872 831 884 754 840 800 845 811 862 812 875 738 829 777 828 789 843 791 855 724 827 753 822 766 831 769 841 
928 1028 889 1021 857 992 837 957 818 929 921 964 905 910 881 887 856 877 944 951 916 899 886 884 862 883 951 945 919 901 893 890 871 890 949 942 923 910 901 899 883 896 667 900 707 922 748 918 782 917 804 928 765 861 811 858 830 868 840 879 751 839 798 842 811 859 815 872 734 830 773 826 787 840 792 854 720 829 749 822 762 831 767 842 
928 1028 890 1019 859 989 835 955 815 929 929 963 924 909 898 887 870 878 949 951 929 897 895 878 867 876 955 944 931 896 901 881 876 879 952 939 930 905 907 891 887 887 666 902 706 925 747 919 780 916 803 926 761 860 811 855 831 865 842 876 747 840 797 838 813 855 819 869 733 832 775 825 791 839 798 852 721 831 753 822 769 829 776 839 
924 1034 887 1024 860 993 839 954 813 928 934 961 939 918 923 886 901 867 952 944 925 900 890 879 861 876 954 934 921 895 888 884 861 886 949 929 922 900 899 892 879 893 666 909 707 930 750 924 784 920 806 929 759 860 807 852 829 859 842 868 745 842 793 837 812 852 820 866 732 836 771 829 789 840 798 853 723 839 753 831 769 837 779 846 
919 1042 884 1031 861 999 842 961 816 936 930 976 943 931 931 901 914 878 947 963 950 913 926 881 899 865 952 954 946 910 923 884 898 870 948 949 939 913 925 893 908 880 668 914 708 938 751 930 787 924 812 932 759 866 811 852 835 859 850 869 746 848 797 842 817 857 829 871 734 843 776 836 794 849 804 863 726 845 758 838 776 846 784 856 
915 1033 879 1026 853 999 831 965 807 941 928 984 937 944 926 911 910 885 946 964 940 915 915 881 889 864 951 948 939 905 913 877 888 863 947 938 935 904 917 885 899 875 667 920 708 946 753 939 790 931 814 936 761 870 815 854 844 861 864 872 747 852 800 843 823 858 837 873 735 846 779 838 800 850 813 865 727 850 762 843 781 851 791 861 
907 1033 869 1032 842 1006 823 973 803 946 927 980 928 945 918 917 903 895 941 949 909 902 869 882 837 880 941 930 903 888 866 878 840 878 933 921 903 892 874 885 852 886 664 930 706 955 748 948 779 939 800 941 760 881 809 855 836 853 856 856 746 862 796 843 821 851 837 862 733 856 776 839 797 848 810 860 724 857 758 844 776 848 788 857 
902 1048 864 1046 839 1016 823 978 799 953 913 998 920 957 906 928 888 908 927 969 909 909 869 888 836 888 928 949 902 896 862 883 834 883 922 936 898 897 870 884 849 882 661 937 702 965 743 960 772 950 791 947 761 894 806 866 834 854 856 848 748 874 798 851 828 849 851 850 736 867 779 847 805 849 823 854 728 867 763 850 784 848 799 852 
897 1063 856 1056 832 1021 816 983 793 956 906 999 902 940 875 913 849 900 921 977 903 910 863 891 833 893 922 962 897 902 859 890 832 892 916 953 894 910 865 897 845 897 659 944 699 973 742 971 776 965 800 966 760 904 808 875 838 859 860 847 747 884 798 862 828 863 849 867 736 877 779 857 805 861 821 870 728 877 762 860 782 858 794 863 
889 1071 852 1062 828 1031 811 993 791 964 903 1012 898 974 883 948 866 927 916 988 897 934 865 909 833 903 918 970 892 921 860 904 832 898 910 959 889 922 865 908 845 902 652 953 693 984 737 983 773 977 796 977 756 917 803 885 833 865 856 850 743 896 793 872 823 871 844 873 731 887 773 867 799 869 814 876 721 887 757 872 778 871 791 876 
890 1074 853 1072 830 1045 816 1007 796 977 906 1020 897 976 878 950 856 932 919 994 891 939 857 917 826 911 919 977 885 929 851 916 823 912 910 967 883 935 857 924 837 920 648 958 688 990 730 992 765 988 784 987 751 926 800 891 829 871 850 855 739 904 791 880 819 878 839 879 727 894 775 872 800 874 816 880 720 893 759 877 782 875 797 879 
640 962 682 994 726 997 763 994 786 999 747 929 793 894 822 872 842 854 733 907 781 882 809 876 829 875 719 897 765 876 791 875 808 879 710 896 748 882 772 881 788 885 875 1086 840 1060 824 1023 808 994 786 972 897 975 871 938 843 925 819 918 913 975 877 934 843 921 815 914 918 986 888 942 852 927 822 918 911 1005 895 983 883 969 872 955 
880 1086 846 1071 825 1038 811 1002 790 978 904 1008 886 970 863 950 841 934 918 992 881 945 847 928 820 920 920 986 883 942 850 927 822 919 912 986 887 962 866 952 848 944 633 962 675 993 717 996 755 995 779 1001 736 928 783 890 812 869 833 852 722 906 772 880 797 882 813 889 710 897 758 876 781 880 794 889 703 896 740 883 762 886 774 893 
896 1078 854 1077 828 1048 816 1007 795 977 899 1023 892 989 876 965 858 945 915 997 885 947 848 928 817 923 916 982 881 940 846 931 820 930 908 975 878 948 854 942 837 940 626 960 668 989 714 990 755 988 783 997 726 922 770 885 798 862 818 844 713 901 761 876 789 870 809 869 703 892 747 873 773 872 790 876 696 891 733 879 756 878 772 883 
889 1080 851 1077 828 1045 814 1005 791 978 897 1012 880 971 858 946 835 928 909 991 880 945 846 927 818 922 909 979 877 939 845 927 818 922 901 975 875 946 851 936 831 930 624 954 667 980 712 979 748 974 771 975 718 915 759 880 785 860 804 843 707 897 752 869 782 858 805 852 698 888 740 866 766 861 785 861 694 886 728 870 751 864 769 863 
888 1077 851 1075 828 1047 812 1009 792 981 894 1017 874 972 849 948 825 933 904 993 865 947 827 936 797 938 903 978 859 940 821 939 792 944 895 971 863 944 836 940 814 941 619 950 660 973 704 967 740 962 767 967 712 903 754 870 780 855 801 847 697 885 740 857 767 855 786 859 685 877 723 851 746 850 762 856 677 876 707 855 727 851 741 854 
888 1075 847 1077 824 1054 818 1018 814 993 884 1029 869 987 849 960 830 939 900 1003 867 957 835 935 808 924 904 985 868 947 837 931 811 921 898 978 869 951 845 939 823 932 613 950 658 968 700 960 736 954 763 961 703 900 741 865 764 855 781 852 685 882 725 847 750 843 765 849 670 875 703 843 727 838 744 843 658 875 684 848 702 842 717 844 
886 1077 845 1075 821 1050 815 1015 809 992 880 1026 866 984 847 959 826 942 899 1004 866 954 836 932 809 922 907 991 869 947 838 932 811 926 904 987 872 956 847 944 825 938 612 948 656 964 697 954 729 943 754 943 696 897 735 866 758 862 773 866 678 879 719 844 744 844 758 853 663 872 695 838 719 837 734 845 650 872 675 845 694 840 708 844 
886 1078 845 1074 819 1044 808 1007 792 988 877 1019 858 976 838 954 818 939 896 1002 862 953 834 933 810 925 904 993 867 949 838 935 815 931 902 990 872 960 849 949 830 945 608 949 651 964 691 953 724 941 750 939 689 896 729 864 752 865 764 875 671 878 712 844 737 846 749 859 655 872 686 840 709 840 723 850 643 874 666 848 683 845 695 850 
886 1074 845 1070 819 1044 810 1010 796 992 871 1014 850 971 829 948 810 933 891 998 855 950 825 930 799 921 901 990 862 948 832 933 808 928 900 988 868 956 844 945 824 940 607 948 652 962 689 953 720 940 745 936 689 895 728 869 746 871 755 882 671 878 708 846 731 845 744 855 654 872 683 841 704 839 719 845 640 873 661 848 677 843 689 847 
880 1067 840 1061 816 1036 807 1004 797 988 861 1011 841 967 821 945 803 929 884 995 849 945 821 927 799 919 895 987 859 943 832 930 810 926 897 985 867 954 844 944 825 940 607 952 653 965 688 954 714 939 737 932 689 901 729 878 744 883 748 895 670 882 706 850 729 848 742 856 652 876 678 843 698 839 712 843 637 878 654 851 669 844 680 846 
880 1067 839 1061 812 1033 802 996 792 976 856 1010 834 965 818 945 802 932 879 995 849 946 823 928 803 921 892 986 861 944 837 931 817 929 896 983 869 956 849 947 833 945 607 954 653 967 690 954 717 937 739 931 688 902 729 884 742 892 745 903 670 885 709 856 730 854 743 859 652 878 679 849 699 843 713 844 636 880 652 854 666 846 677 844 
879 1065 839 1059 813 1034 802 1001 793 982 850 1006 828 965 812 944 798 931 874 991 844 943 820 927 801 922 888 983 857 943 835 931 817 928 893 982 867 956 848 947 834 944 609 960 653 971 690 958 715 942 736 936 691 904 731 893 741 903 743 914 673 887 711 863 732 862 745 865 655 881 681 852 701 845 717 845 638 883 654 856 667 847 679 844 
876 1064 835 1057 809 1029 795 996 785 977 846 996 817 954 800 937 788 928 870 983 839 937 815 925 797 924 885 979 856 942 834 934 819 936 891 981 866 958 848 952 836 953 613 963 657 974 692 961 715 945 735 937 696 908 731 901 743 910 748 919 679 891 713 870 735 867 750 868 660 884 685 856 704 849 719 848 641 885 656 859 669 849 681 844 
875 1064 833 1053 804 1023 791 987 781 964 843 1002 816 959 800 939 788 927 868 986 836 938 811 925 793 922 882 978 850 939 827 928 811 928 887 977 859 953 840 946 827 945 619 965 662 975 695 964 716 947 734 937 700 913 732 905 744 912 750 918 683 897 716 876 736 870 750 868 664 889 687 861 704 853 718 850 645 888 658 862 670 850 681 845 
873 1061 832 1051 803 1020 786 982 773 955 840 997 808 949 790 931 778 920 866 982 832 934 809 922 793 921 880 976 847 935 825 926 809 926 886 974 858 949 839 941 826 940 622 966 666 977 700 964 721 945 739 935 704 915 734 904 747 902 755 899 686 899 717 879 737 872 750 867 666 891 689 864 705 855 718 851 647 890 660 863 671 852 681 847 
870 1059 828 1047 800 1017 784 981 771 954 835 992 805 948 787 928 773 913 861 978 830 931 805 918 788 915 876 972 846 932 824 923 809 924 882 972 856 947 837 940 824 939 628 967 669 978 700 966 718 948 732 937 706 916 735 907 748 906 757 904 688 901 718 881 737 873 751 868 668 893 689 867 705 857 717 852 648 893 660 867 671 855 681 848 
865 1055 823 1043 793 1012 776 976 762 948 827 986 797 941 780 919 766 903 853 972 823 927 800 913 782 907 870 967 842 929 821 918 805 917 877 967 854 941 836 932 822 929 632 967 672 978 703 966 719 949 729 936 709 917 737 905 749 901 757 898 691 900 719 879 737 871 749 864 671 892 691 866 706 856 718 850 651 891 662 866 672 855 680 850 
862 1051 820 1041 790 1012 770 979 755 954 821 980 787 936 770 915 757 900 848 965 817 922 797 912 783 911 865 962 839 924 819 917 806 919 872 963 853 939 837 931 826 930 636 965 679 976 711 962 728 942 738 928 714 914 738 903 749 900 756 898 695 899 721 879 737 870 748 862 674 892 692 868 704 859 714 854 654 892 663 869 671 858 678 853 
860 1047 817 1036 784 1009 760 978 740 955 815 978 781 933 764 911 752 894 843 963 813 917 793 906 779 906 862 960 835 921 815 914 802 915 872 962 851 936 835 928 824 928 639 964 683 977 714 960 728 938 735 924 715 911 735 901 741 903 744 903 696 896 720 877 736 870 746 865 675 891 691 868 705 861 715 858 655 891 664 868 674 860 682 858 
858 1045 814 1033 781 1006 757 978 736 955 809 972 777 928 761 906 749 890 838 958 807 914 789 906 777 908 857 956 830 919 812 913 801 916 868 958 849 932 834 925 824 925 641 965 683 978 717 961 731 939 737 924 717 910 737 895 744 891 749 887 696 897 719 876 735 868 746 862 675 892 692 869 705 862 716 859 655 893 665 871 674 863 683 860 
854 1043 811 1030 781 1004 758 975 738 953 806 970 776 925 760 902 748 884 833 956 801 912 784 904 772 901 853 952 825 918 807 914 797 917 865 954 846 929 832 924 824 926 641 965 684 980 717 962 729 939 729 926 718 910 735 893 741 889 745 884 697 896 720 876 735 867 746 860 676 892 691 871 704 865 713 863 657 893 668 874 678 870 686 871 
853 1043 810 1028 779 1001 756 974 736 954 803 967 775 922 760 900 749 883 829 953 798 913 782 911 774 914 849 951 822 918 806 919 799 927 863 953 845 929 831 926 823 931 643 964 685 978 719 963 733 941 732 929 717 911 737 897 742 898 743 899 698 897 722 877 738 868 749 862 678 892 695 872 707 867 716 866 660 894 669 878 678 875 684 878 
852 1041 811 1028 783 1002 763 975 743 956 804 962 782 920 768 900 756 885 829 951 801 913 782 902 767 896 848 949 823 919 806 915 795 917 862 951 844 929 830 924 821 926 644 964 686 979 721 963 735 939 730 927 718 911 740 896 746 898 747 900 699 897 724 877 740 869 752 863 680 893 698 874 710 872 718 874 663 896 676 883 685 883 691 889 
852 1041 811 1028 785 1001 766 973 746 954 808 962 790 919 775 903 760 893 833 951 806 915 786 905 771 902 850 949 825 920 808 917 796 921 862 952 844 930 830 925 818 927 645 964 687 978 722 962 735 940 730 928 720 911 745 892 757 884 766 877 700 898 724 877 740 867 752 861 680 894 700 875 713 871 723 870 664 896 680 884 691 884 698 888 
851 1040 811 1027 786 1001 768 973 749 954 808 963 791 920 776 904 761 896 833 952 807 915 788 907 773 905 850 950 825 921 809 919 798 925 862 952 845 929 831 925 820 929 645 964 687 978 721 962 735 940 730 930 720 911 745 893 757 884 766 877 701 897 725 877 741 867 753 861 681 893 701 875 713 871 721 872 664 895 679 885 690 885 697 891 
850 1038 812 1027 785 1001 767 973 748 956 807 961 790 919 776 904 762 895 831 950 805 914 788 906 775 905 848 948 824 920 808 917 799 921 860 949 845 927 831 923 822 926 645 963 687 978 721 962 735 941 731 931 720 910 744 892 756 884 765 878 700 897 724 876 741 867 753 860 680 893 700 874 712 871 720 871 663 896 679 884 690 884 697 889 
849 1036 811 1025 784 1000 764 975 746 958 804 958 788 917 774 903 761 896 829 948 805 912 790 910 780 914 847 947 825 918 810 920 803 927 860 949 847 926 834 924 826 929 645 962 687 976 722 961 734 940 729 931 718 909 742 891 753 883 762 878 698 896 723 875 740 866 752 860 679 893 699 874 712 869 721 868 664 896 681 881 693 878 702 880 
849 1033 810 1023 782 997 761 972 744 955 801 956 782 915 768 900 756 893 825 946 801 909 786 908 777 914 845 945 823 915 809 918 803 927 858 949 846 924 833 922 826 927 644 962 685 976 720 960 733 939 730 929 716 909 741 889 753 881 763 876 697 896 722 874 740 866 752 860 678 892 698 874 712 869 722 869 664 894 681 881 693 879 701 881 
848 1031 809 1021 780 997 759 974 741 956 799 957 775 915 761 902 751 895 824 946 796 908 781 907 773 913 844 944 820 913 805 916 800 925 859 947 845 921 832 921 826 928 643 962 686 976 721 959 734 936 727 928 714 907 740 889 753 881 762 875 695 895 721 873 738 865 750 860 677 892 698 873 712 868 722 867 663 895 681 880 693 877 702 879 
848 1031 808 1020 779 997 759 974 741 958 796 959 773 920 761 904 751 895 821 947 795 911 780 908 771 910 841 944 819 915 805 915 799 922 856 945 843 921 832 921 826 927 643 962 686 976 720 959 733 937 728 927 714 909 741 890 753 882 762 876 695 896 722 874 739 866 750 861 678 892 700 873 715 867 727 865 665 894 684 878 697 873 707 874 
846 1031 806 1020 780 997 763 974 748 958 794 958 771 921 759 910 751 905 819 947 792 914 779 912 772 917 839 945 817 916 805 918 801 925 856 947 843 923 832 921 826 926 643 962 684 977 720 961 734 938 727 926 715 909 740 891 752 883 761 876 697 895 723 875 740 866 751 861 680 891 703 873 719 868 730 866 666 893 687 879 700 875 709 876 
843 1029 803 1019 777 996 761 972 748 956 789 957 768 921 756 909 748 905 814 946 790 913 776 911 769 915 836 944 814 918 804 920 801 928 853 947 842 925 831 923 826 928 644 962 686 977 722 961 735 939 730 926 717 909 743 891 755 883 763 876 698 895 725 876 742 867 753 861 681 892 704 875 720 870 731 868 668 894 688 881 701 878 711 879 
840 1028 801 1019 775 996 757 975 742 961 786 956 764 921 752 911 744 908 811 945 786 913 775 918 773 927 833 943 810 917 801 923 801 934 851 946 838 923 828 924 825 931 645 962 686 978 722 962 736 940 731 927 718 911 743 893 755 884 763 877 699 896 726 876 742 868 754 862 682 892 705 875 720 870 732 868 669 894 689 880 702 878 711 880 
837 1027 797 1016 771 992 753 968 739 950 785 956 761 920 748 905 739 897 809 945 782 912 765 903 754 900 831 943 808 915 795 914 789 918 848 946 835 922 824 918 819 921 644 963 686 979 723 964 736 940 728 929 718 911 743 893 754 885 763 878 700 896 726 877 743 868 755 863 682 892 705 876 720 871 731 870 669 895 689 881 702 879 710 881 
836 1025 797 1015 771 992 755 968 743 950 783 955 758 919 745 903 736 894 807 943 779 910 762 899 750 893 829 941 806 914 792 911 786 914 847 944 833 920 822 916 817 919 645 962 688 978 723 964 736 942 728 930 720 912 744 893 756 885 764 878 701 897 727 877 744 868 756 862 683 893 705 876 720 872 731 871 670 895 689 882 701 879 710 881 
835 1025 796 1015 770 991 751 969 736 952 782 954 757 919 744 903 734 893 806 943 779 910 761 897 748 891 827 940 805 913 791 907 783 908 844 943 832 920 821 915 815 918 646 962 689 977 724 964 736 944 730 932 721 913 745 895 757 886 766 879 702 898 728 877 745 869 757 862 684 893 707 875 722 871 733 869 671 894 691 880 703 878 712 880 
835 1024 797 1014 771 992 752 973 736 958 782 953 756 918 741 907 731 903 806 941 777 908 760 903 750 903 828 940 804 912 792 913 788 920 845 943 832 919 822 917 817 923 648 963 690 978 724 965 737 944 730 932 722 915 746 897 758 888 766 881 703 900 729 878 746 869 758 862 685 894 708 876 722 871 733 869 672 895 692 881 705 878 714 881 
834 1023 796 1013 772 992 755 973 740 961 782 950 761 913 749 905 742 902 807 940 784 910 773 914 770 921 828 939 807 913 797 919 796 929 844 943 832 919 823 920 821 928 649 963 690 979 724 967 737 947 731 936 722 916 746 898 759 889 767 882 704 901 731 879 748 870 760 863 686 895 710 876 725 871 736 869 673 895 694 880 707 877 716 878 
833 1022 794 1013 770 991 754 970 741 954 781 948 762 910 749 902 743 900 807 939 785 908 775 914 772 922 828 939 808 913 798 918 797 929 843 942 832 920 824 921 821 929 649 964 690 980 724 969 736 950 732 938 723 917 748 899 760 890 769 883 704 902 732 880 749 870 761 863 687 895 710 877 725 872 735 869 673 895 693 883 706 881 715 883 
830 1020 792 1010 769 988 755 966 742 950 781 944 764 908 753 908 750 914 806 936 787 907 778 916 779 927 827 937 808 910 799 918 799 930 843 942 833 918 825 920 823 928 649 965 690 981 724 969 737 949 731 938 723 918 748 900 760 890 769 884 704 902 732 880 749 871 761 864 686 896 709 877 724 872 735 870 673 896 692 885 705 883 714 885 
829 1018 790 1009 767 987 753 965 742 949 779 942 763 907 753 909 750 917 804 934 784 906 774 916 775 927 825 934 806 909 797 917 797 930 841 939 832 918 824 919 822 926 649 965 691 981 726 968 737 948 730 938 725 917 750 900 762 891 771 884 705 902 733 881 750 872 761 865 687 896 710 877 724 872 735 870 673 896 693 883 705 880 715 882 
828 1017 789 1009 767 986 755 963 744 946 778 942 762 907 751 903 746 906 803 933 782 902 770 906 767 913 824 933 803 905 793 909 791 919 839 938 829 915 820 915 816 922 650 965 692 981 726 969 738 948 731 937 725 918 750 899 763 890 772 884 706 902 734 880 751 871 762 864 687 895 711 877 725 871 737 869 673 895 693 882 706 879 715 881 
827 1016 789 1008 767 987 756 966 746 950 778 942 762 908 751 904 746 906 803 933 781 901 768 903 764 909 823 933 803 905 792 907 790 915 838 939 827 916 817 915 813 921 650 965 692 982 727 968 739 946 729 936 725 918 751 899 764 890 773 884 706 901 734 880 751 871 764 864 688 895 709 875 725 869 737 867 673 895 692 883 704 882 713 885 
826 1014 788 1007 766 988 752 971 743 957 777 942 760 909 748 905 742 908 802 933 780 901 765 901 760 907 823 933 803 904 790 905 786 911 839 939 828 916 817 914 812 920 650 965 692 983 728 968 740 944 731 933 726 919 752 899 765 890 775 884 707 903 734 880 752 870 764 864 688 896 709 875 725 868 736 866 673 897 691 882 704 879 713 880 
826 1014 789 1007 766 990 751 975 742 961 778 944 762 911 751 904 744 903 803 935 782 904 767 900 759 901 824 935 806 906 793 903 788 907 840 940 831 918 822 914 816 916 650 965 690 984 728 969 743 945 741 930 726 919 753 899 767 890 777 885 707 903 734 880 752 869 764 864 688 896 709 874 724 867 736 865 673 897 689 884 701 882 710 885 
826 1014 789 1008 766 990 752 975 740 963 778 945 760 914 749 906 741 904 802 936 781 907 766 901 757 900 823 936 805 909 793 905 787 906 840 943 831 922 821 918 816 921 650 966 691 983 728 968 745 945 749 929 726 919 754 900 768 891 778 886 707 902 735 880 752 871 764 866 688 896 710 874 726 867 738 865 673 896 691 882 703 879 713 881 
826 1017 788 1011 766 993 752 977 742 965 778 946 763 917 752 909 744 907 802 937 783 909 770 907 762 908 823 938 807 912 796 912 791 917 839 944 830 924 820 923 816 929 648 966 689 983 725 969 745 947 755 932 725 920 753 902 768 895 779 891 706 903 734 881 751 873 764 868 688 896 710 875 726 868 739 866 673 896 691 882 704 879 715 880 
827 1019 788 1012 767 990 757 968 750 952 778 948 763 922 753 921 748 924 802 940 784 913 774 918 771 926 822 940 806 914 797 920 796 929 839 946 830 928 822 929 820 937 648 967 689 982 724 969 743 948 757 936 725 919 753 904 768 901 779 900 707 903 735 882 753 874 766 869 689 897 712 875 727 868 739 866 673 897 692 880 705 876 716 876 
828 1021 791 1016 764 997 746 978 733 964 779 955 759 931 742 919 731 912 801 944 780 917 762 906 748 899 821 942 802 916 787 907 776 903 837 947 826 928 816 924 809 925 648 966 688 980 725 965 747 943 765 931 725 919 752 905 766 909 776 915 708 903 735 881 754 873 768 869 689 896 711 873 727 867 740 866 673 896 691 879 704 874 714 875 
832 1023 791 1018 765 999 749 978 738 963 778 954 761 934 756 945 759 955 801 944 781 923 775 935 779 945 821 943 802 922 795 932 798 942 836 947 822 932 815 939 816 948 649 965 691 977 726 962 747 940 764 929 724 916 754 906 766 915 771 925 707 899 738 880 757 873 771 869 690 893 713 871 730 865 742 866 674 894 692 878 705 874 714 875 
832 1022 792 1018 763 999 744 979 731 965 779 954 762 936 755 942 754 949 802 945 781 923 773 931 773 939 821 944 802 922 794 928 794 937 836 949 822 931 815 935 814 942 648 963 692 974 725 959 748 938 766 927 722 913 754 904 767 912 772 923 705 896 737 877 758 871 772 869 688 890 712 868 730 862 743 863 672 891 690 874 703 869 713 871 
836 1025 796 1022 767 1001 750 981 738 966 782 958 761 937 752 942 751 948 804 948 781 924 770 931 769 938 823 946 802 924 792 930 791 937 837 951 821 933 812 935 811 941 648 961 691 971 725 955 749 935 767 924 722 910 756 902 768 910 774 920 706 893 739 874 760 870 775 868 687 886 713 863 730 858 743 859 671 887 690 868 703 863 713 865 
841 1026 801 1024 772 1004 755 985 744 970 784 959 759 937 747 940 743 945 807 948 779 925 767 932 764 939 826 947 802 926 790 932 788 939 840 952 821 935 811 938 809 945 648 959 693 968 726 953 750 932 768 920 722 905 755 898 768 907 775 915 706 889 739 870 761 866 777 864 687 882 713 859 731 852 745 852 671 883 687 862 700 854 711 853 
847 1028 806 1026 777 1008 762 989 753 976 787 963 763 938 755 945 755 952 810 951 783 927 774 938 777 947 829 949 805 928 796 936 797 944 844 953 826 936 817 940 817 948 648 955 693 963 727 948 752 929 772 918 719 899 754 896 767 905 773 914 703 884 738 867 761 862 778 861 685 879 711 855 732 848 747 848 668 881 682 859 695 851 706 847 
853 1027 813 1028 783 1010 766 988 754 974 790 960 765 939 756 947 756 956 812 948 785 929 776 939 776 948 832 946 808 930 797 938 796 947 847 951 829 935 819 940 817 948 650 952 693 959 726 946 751 929 772 918 719 895 755 893 768 904 773 913 703 879 738 861 762 857 780 857 685 874 711 849 732 843 748 844 670 877 684 853 698 845 709 842 
859 1026 819 1027 788 1011 769 991 756 978 799 957 766 938 748 937 737 940 820 944 784 927 764 928 752 931 836 942 805 928 787 928 777 933 847 947 824 932 808 930 799 935 652 947 696 953 729 939 754 924 774 916 721 887 756 887 769 899 774 911 704 873 738 855 762 852 779 854 686 870 711 844 732 838 747 839 669 873 683 849 696 840 708 837 
867 1025 825 1026 793 1006 773 985 754 975 803 956 771 934 753 934 743 939 825 943 791 924 774 928 765 934 841 942 811 926 795 929 786 936 853 946 830 932 815 933 808 939 652 942 695 949 729 935 756 921 776 912 721 881 758 882 770 897 774 910 704 868 738 850 763 848 781 850 685 865 710 839 729 834 745 836 669 869 682 846 695 837 707 834 
877 1024 834 1024 802 1005 782 984 762 972 810 951 781 930 764 932 756 937 831 940 800 922 783 926 774 933 848 940 820 924 803 927 794 934 862 945 838 931 823 930 814 935 654 936 696 943 731 929 758 916 776 907 721 874 760 877 771 892 774 905 704 860 740 843 764 842 782 846 686 856 713 831 733 828 747 831 671 860 687 837 700 829 712 828 
885 1022 841 1020 810 998 789 973 767 962 821 947 789 926 771 927 760 932 842 935 807 918 788 921 777 926 858 934 827 919 809 921 799 927 868 938 845 924 830 923 820 927 655 932 699 939 734 924 759 912 775 905 725 868 761 868 772 883 774 897 707 855 742 838 766 836 782 838 688 853 715 828 735 821 751 822 672 857 686 834 698 825 709 821 
892 1017 849 1013 818 990 795 966 774 955 833 939 800 919 782 921 769 925 852 928 817 912 796 915 781 919 867 928 835 915 817 917 804 923 876 933 851 920 834 920 823 925 657 926 700 933 735 919 761 908 779 902 728 860 763 861 773 877 775 891 710 847 743 831 767 830 783 834 692 845 717 821 736 816 751 819 676 849 690 826 703 819 715 817 
898 1013 855 1007 825 981 803 957 782 946 849 929 807 912 788 916 775 918 869 920 828 907 807 913 793 920 882 923 847 911 828 916 816 925 889 930 862 919 847 921 837 928 659 922 701 928 737 915 765 904 782 896 728 855 765 856 776 874 777 889 711 842 745 825 769 824 787 828 693 839 719 816 738 812 753 816 678 842 694 821 707 814 719 813 
906 1008 865 1003 834 976 812 949 791 935 860 925 818 908 797 907 784 905 879 915 839 899 816 901 799 901 891 916 863 892 843 881 828 874 895 921 873 899 858 888 844 881 659 918 702 924 739 910 766 899 782 889 730 850 766 849 777 866 779 881 713 836 746 819 769 818 786 822 695 833 721 811 740 808 755 812 680 837 698 816 711 810 723 809 
909 1002 868 995 840 967 819 941 799 927 869 920 828 902 807 900 792 897 887 909 855 880 836 867 824 857 898 911 866 893 845 891 830 894 903 918 878 901 861 897 848 899 661 914 704 920 740 906 765 893 783 886 732 846 767 845 779 861 782 876 714 833 748 816 772 816 788 820 697 830 723 807 743 805 758 810 683 834 701 812 715 806 727 807 
915 1004 873 992 845 962 824 935 804 919 879 914 838 892 816 890 802 888 897 907 856 886 832 885 814 887 906 911 869 895 848 897 833 903 910 918 884 906 867 906 854 911 664 910 707 916 742 902 768 889 785 883 734 842 768 842 780 857 784 871 716 829 749 813 773 813 789 817 698 827 723 804 742 801 756 805 683 831 698 809 711 803 722 803 
916 1000 879 987 851 955 830 929 810 913 882 909 846 883 827 879 815 875 901 904 863 880 841 881 825 887 911 909 879 890 858 890 844 896 915 916 892 899 875 897 861 901 665 905 708 912 744 897 770 883 787 876 735 838 770 838 781 853 784 866 718 825 751 810 773 810 789 814 700 822 726 800 745 799 759 804 686 826 704 806 717 800 729 801 
918 998 881 983 853 952 830 925 811 907 890 906 850 881 829 880 815 881 908 902 866 882 841 884 824 892 915 907 878 891 857 892 841 900 917 914 891 900 873 899 857 904 667 902 711 907 747 892 774 878 789 868 737 833 771 834 781 849 783 862 718 820 752 807 775 808 790 813 700 818 728 798 746 797 760 803 686 823 704 803 717 799 729 800 
919 994 882 977 856 945 838 918 825 902 897 904 857 880 835 878 819 877 912 900 871 879 846 883 828 889 919 904 881 887 860 891 846 900 920 911 893 898 874 898 860 904 669 898 712 903 749 888 777 872 790 860 737 830 772 830 782 845 785 857 719 817 754 805 775 807 790 812 702 815 729 795 748 795 762 800 688 819 705 800 718 796 730 797 
919 990 883 972 862 938 844 910 828 893 899 900 860 877 839 877 826 879 916 897 875 876 852 881 838 890 923 903 886 884 866 888 852 896 923 910 898 896 880 895 866 900 672 893 716 897 750 883 777 868 791 856 738 827 775 824 784 839 785 853 721 813 757 802 777 807 789 817 704 810 733 792 751 793 763 800 690 814 708 797 721 794 733 796 
921 981 887 965 865 932 848 904 835 889 907 895 868 869 845 868 829 868 923 891 880 867 854 871 835 878 929 895 890 876 868 881 853 889 928 902 902 886 884 887 871 893 674 888 717 894 753 879 781 862 791 847 739 822 775 819 783 835 782 848 721 809 760 799 778 807 787 819 704 806 737 791 756 795 768 804 691 809 713 794 729 794 740 798 
924 981 890 961 868 928 851 901 836 885 911 889 871 865 847 866 830 866 926 889 881 869 854 876 834 885 932 894 890 880 867 885 850 895 932 902 903 890 884 893 869 900 674 883 718 887 754 872 780 851 793 835 741 815 778 818 783 832 781 842 722 802 761 798 776 809 782 820 706 800 739 789 755 796 763 806 693 805 716 792 731 793 740 799 
924 981 890 957 867 921 848 893 833 874 910 886 873 864 851 864 835 865 928 887 887 869 862 876 843 884 935 894 896 881 875 886 859 894 937 903 909 892 892 894 878 901 678 875 723 879 758 864 782 846 798 832 747 809 785 811 783 828 773 836 729 797 768 796 773 812 767 823 712 795 747 788 756 800 753 810 698 798 724 788 735 794 736 800 
925 979 890 956 868 921 848 894 832 877 910 886 874 864 852 866 837 867 927 886 887 869 863 876 845 885 935 893 897 879 876 884 860 894 937 901 910 890 894 892 879 900 681 870 726 875 758 861 782 843 799 831 748 807 783 809 785 825 778 835 730 795 768 797 775 812 771 823 715 793 749 789 758 801 757 813 701 795 726 787 738 793 741 801 
927 978 891 957 869 926 852 903 837 892 902 886 870 864 851 866 838 869 921 886 884 868 861 875 844 884 931 893 897 878 877 883 863 893 935 902 911 890 895 891 882 899 686 866 728 871 761 859 785 842 801 831 752 807 785 809 788 824 783 833 735 795 771 797 778 812 776 823 720 792 752 790 761 802 761 813 707 794 730 788 742 794 746 802 
926 977 890 958 868 930 852 910 838 899 898 889 866 868 848 871 836 875 917 886 880 867 859 876 846 886 928 891 894 874 876 881 864 891 932 900 911 886 896 887 884 894 690 862 730 871 762 859 784 844 797 836 757 808 790 809 798 824 797 838 741 795 776 798 785 815 785 830 726 793 755 791 767 804 770 817 713 796 734 791 746 798 751 808 
922 975 886 962 864 936 850 915 837 902 887 893 860 872 844 871 833 873 908 889 878 866 860 872 851 880 922 894 895 871 878 875 869 882 929 903 914 884 899 881 889 886 694 860 733 870 764 863 785 850 800 843 764 813 793 810 802 822 804 833 749 800 779 800 789 813 792 826 733 796 758 793 770 802 775 814 719 799 738 794 750 800 756 808 
922 974 884 963 860 937 845 915 830 902 884 896 855 875 838 873 830 873 904 890 875 865 860 872 856 880 917 894 893 871 877 876 871 883 924 902 907 883 894 883 888 889 697 858 732 871 762 867 781 859 793 857 768 817 796 814 805 824 808 836 753 803 781 801 792 813 796 825 737 799 761 795 773 803 779 814 722 801 741 797 752 802 758 810 
916 973 880 964 856 940 842 920 831 908 877 897 850 876 836 874 829 872 898 890 872 864 858 873 854 881 913 893 890 870 875 876 871 883 920 900 905 881 893 881 889 887 700 859 733 875 761 873 778 866 791 864 773 822 799 820 808 829 811 839 759 808 785 806 795 817 798 829 742 802 766 797 776 805 781 816 727 802 745 798 755 803 760 811 
914 974 877 965 853 942 840 921 826 910 874 900 849 878 835 873 827 870 895 892 870 864 855 869 849 878 910 894 889 870 873 874 867 880 918 901 906 882 894 880 888 883 704 860 735 877 762 876 780 870 793 871 776 826 800 825 809 834 812 844 762 811 788 809 798 820 801 831 745 804 769 799 780 807 785 817 731 803 749 798 759 803 764 811 
911 975 875 965 852 942 838 922 825 911 871 902 848 880 834 874 826 869 893 893 873 864 856 866 848 873 909 895 891 870 876 870 868 876 918 902 908 882 895 879 888 881 705 861 735 879 760 879 776 875 785 879 779 831 802 831 809 839 811 848 765 816 790 812 798 822 800 832 749 808 772 801 782 807 787 816 735 807 751 801 761 804 766 810 
911 974 874 966 849 942 836 920 824 906 867 903 844 881 831 873 821 866 890 894 870 863 854 864 845 870 905 894 889 868 874 868 866 873 915 901 903 880 891 877 884 880 707 862 737 880 761 882 775 879 781 878 779 837 801 836 809 841 811 848 766 821 789 814 799 819 803 826 751 812 771 801 780 804 785 811 736 809 748 801 755 802 759 806 
910 973 872 966 847 944 833 924 822 912 864 903 840 880 827 871 819 864 887 893 867 862 851 862 842 867 903 893 886 866 871 865 862 869 911 899 899 878 886 874 879 877 709 861 737 879 759 883 772 883 778 886 779 840 801 838 809 842 810 848 767 824 788 814 798 819 800 828 750 815 770 801 780 803 786 810 733 812 743 800 750 799 754 803 
907 972 870 967 844 945 829 925 817 912 863 903 837 878 823 868 814 861 885 893 865 860 849 859 840 864 901 893 885 865 869 867 862 873 911 899 899 878 886 876 880 880 710 860 735 879 756 884 765 886 766 886 777 843 800 839 808 843 807 849 765 826 789 813 797 819 796 828 750 816 770 800 778 803 781 811 733 812 743 798 750 799 753 804 
905 972 867 965 841 944 827 922 816 908 859 904 834 877 822 867 816 861 882 894 864 860 849 857 841 862 899 894 883 865 869 865 861 871 909 899 898 878 886 875 880 879 709 861 734 882 755 888 763 885 763 880 776 846 800 841 807 844 805 851 765 827 790 813 795 819 791 829 750 816 771 800 777 805 777 813 734 811 745 797 751 799 753 805 
903 971 865 963 839 941 823 921 811 907 857 905 833 877 822 867 815 862 880 894 861 860 847 856 838 861 896 893 880 864 866 864 859 871 906 899 895 876 884 873 878 877 709 862 734 883 755 888 763 883 762 876 777 846 800 841 804 847 799 854 766 827 791 813 793 821 786 830 752 816 773 800 776 808 772 818 735 811 748 797 753 801 753 808 
900 969 862 962 836 941 819 922 807 911 853 901 829 874 819 865 815 863 876 893 859 859 845 854 837 859 893 893 880 863 866 861 858 866 904 900 896 876 886 870 880 871 709 864 735 884 756 885 764 875 765 865 779 846 802 842 804 848 797 855 768 827 792 813 793 821 786 831 753 816 773 800 776 807 773 816 736 812 748 798 753 801 753 807 
899 969 862 962 836 942 817 925 805 913 852 903 828 874 819 865 815 862 875 893 859 859 846 853 836 856 893 893 881 863 869 859 860 863 904 900 897 878 888 872 882 873 709 865 734 884 756 884 764 873 763 862 778 847 803 841 803 847 794 854 768 827 792 812 792 821 784 830 753 816 773 800 776 807 773 816 736 811 748 798 752 802 752 808 
898 968 862 963 837 944 820 929 808 919 851 903 828 874 819 864 815 862 874 893 859 858 845 852 836 856 892 893 880 862 868 860 860 865 903 900 896 878 887 873 881 876 708 866 733 884 755 883 764 871 767 859 777 848 802 840 800 846 789 853 767 829 791 814 790 822 781 831 753 816 773 801 774 808 769 817 736 810 749 797 752 802 750 808 
897 967 861 963 838 945 825 929 815 919 850 903 829 873 819 863 815 861 873 893 858 858 845 852 835 855 891 893 880 862 867 859 859 863 903 900 896 877 886 872 880 874 707 866 733 884 754 883 764 870 766 858 776 850 802 839 799 844 787 851 767 830 791 814 789 821 781 830 752 818 772 801 773 808 769 817 735 810 749 797 751 801 749 807 
897 967 861 962 838 943 823 928 811 919 849 900 827 871 817 862 813 861 872 892 856 857 843 851 835 855 890 893 879 861 866 857 859 863 903 900 897 877 887 871 882 873 706 864 731 884 752 884 763 872 767 860 775 849 802 839 800 845 788 852 766 830 791 814 789 822 781 831 751 817 773 801 774 808 770 816 734 810 748 797 751 801 749 806 
897 967 861 962 838 943 823 926 810 915 849 901 827 870 817 861 813 860 872 892 856 856 843 849 835 853 890 892 878 860 866 856 859 861 902 900 896 875 887 869 882 870 705 863 731 883 754 882 765 867 769 854 776 848 802 838 799 844 787 850 766 829 790 815 788 823 779 831 751 816 773 802 773 809 767 817 734 809 748 797 750 802 747 807 
896 965 858 959 834 940 819 923 806 912 850 900 827 869 816 860 811 858 873 892 856 855 843 847 835 848 890 892 879 859 866 852 858 853 902 898 897 872 888 864 882 864 704 862 732 882 758 881 770 868 775 857 776 842 801 834 803 841 795 850 764 824 788 816 788 825 781 833 749 813 771 802 773 811 768 820 732 809 745 798 748 803 746 809 
897 964 861 959 837 941 820 925 806 915 851 901 827 868 814 859 809 856 874 892 857 854 843 845 835 846 891 892 880 858 866 850 858 851 903 898 898 871 888 864 883 865 704 861 732 881 757 880 770 870 776 861 777 836 800 829 802 837 795 846 763 819 785 811 786 821 779 830 747 810 766 801 768 808 765 817 730 806 742 797 746 802 744 808 
898 964 862 959 838 941 821 925 807 915 852 901 830 868 818 857 812 854 874 892 858 854 844 845 835 845 892 891 880 857 867 848 858 848 903 897 898 870 889 861 882 860 704 858 735 878 760 876 772 866 776 856 774 829 799 822 800 836 793 847 761 813 783 810 785 823 779 832 746 806 766 800 769 812 765 822 731 804 745 798 748 806 745 815 
899 965 862 959 838 939 823 920 811 909 853 901 831 869 820 858 813 854 875 891 857 855 843 846 834 846 892 890 879 856 866 848 858 849 903 896 897 870 888 861 882 861 702 853 732 871 758 870 772 860 778 849 767 822 790 818 794 830 790 841 758 808 780 808 783 822 777 832 749 802 772 800 776 814 771 826 742 802 764 800 770 811 767 822 
900 965 863 958 838 937 822 916 810 903 853 901 832 868 820 859 813 858 876 891 857 854 843 848 833 851 893 890 879 856 865 849 857 852 904 895 896 869 886 861 880 862 702 851 733 871 760 867 773 855 777 844 770 821 793 816 798 826 796 837 759 806 778 804 783 816 779 826 747 800 767 797 772 809 770 820 736 800 755 797 761 806 759 816 
901 965 863 958 839 937 824 917 812 904 853 901 831 869 819 860 813 858 875 891 856 855 842 849 833 852 892 890 879 856 865 850 857 852 904 895 897 869 887 862 880 862 702 849 730 868 756 864 771 854 779 845 767 820 789 815 796 823 796 833 759 806 779 803 784 814 781 824 751 801 772 797 777 808 775 819 745 802 766 799 774 808 775 818 
901 965 863 958 838 937 824 916 814 902 853 902 832 869 821 861 815 860 875 892 855 856 841 851 833 854 893 890 877 856 864 850 856 853 904 895 897 869 887 861 881 860 700 852 705 845 722 833 738 828 750 827 728 803 744 801 753 807 757 812 743 802 763 797 771 807 772 815 758 810 780 803 786 815 785 825 775 823 795 815 802 822 801 832 
899 965 862 957 838 937 822 917 811 904 853 904 831 870 819 861 812 859 875 893 853 857 838 852 830 856 892 890 875 856 861 852 852 856 903 895 895 869 885 862 878 863 697 852 710 855 730 845 746 838 756 833 731 808 751 805 761 814 763 821 743 804 764 800 773 810 776 820 755 808 779 803 789 814 792 825 769 818 793 815 801 823 800 833 
900 965 862 958 838 937 823 917 813 903 852 903 832 871 820 862 814 860 874 892 854 857 840 852 831 855 891 890 876 857 862 851 853 854 902 895 895 869 885 861 878 861 693 852 721 868 746 864 757 855 759 847 753 819 772 816 778 823 778 831 748 807 767 805 773 815 771 825 745 803 766 799 773 810 772 820 745 806 768 804 777 812 778 820 
900 964 863 957 839 937 824 920 813 909 853 902 832 871 820 862 813 860 875 892 854 858 840 851 832 853 891 890 876 857 863 850 854 852 902 895 896 869 887 861 880 861 692 851 719 865 743 860 753 850 757 842 741 812 762 811 774 818 778 826 739 803 759 802 767 813 770 822 739 802 761 799 770 810 771 821 744 807 768 804 779 813 781 822 
899 964 863 958 840 937 826 918 816 906 852 901 832 870 820 860 813 857 874 891 854 857 840 850 831 852 891 889 876 857 863 850 854 851 902 894 897 868 887 861 880 861 690 848 718 862 741 856 752 846 754 837 740 812 766 809 777 818 781 827 735 802 759 801 768 812 770 822 733 801 759 798 769 809 770 820 736 805 762 802 773 810 776 820 
900 962 864 958 841 937 826 919 814 907 853 900 834 867 822 855 814 851 875 890 854 855 840 849 831 851 891 888 875 855 861 849 852 852 900 893 894 867 884 859 877 859 689 846 720 858 746 848 758 832 769 824 749 813 771 805 781 812 785 822 737 803 758 801 766 810 769 819 725 801 744 800 752 808 755 817 715 803 731 801 739 807 742 815 
900 962 863 956 840 935 825 916 811 904 852 896 835 865 824 851 816 844 874 887 856 854 843 845 834 844 892 887 879 855 866 845 858 844 904 892 898 867 889 857 883 855 688 843 718 855 746 848 765 834 780 826 746 810 771 803 781 813 785 824 735 801 759 802 768 814 771 826 724 800 746 803 755 814 759 825 715 801 734 803 743 811 748 821 
902 964 864 957 841 933 827 910 811 895 855 896 837 864 825 851 816 844 877 887 857 854 843 845 833 844 894 886 879 853 866 844 857 844 905 890 898 863 889 853 882 851 683 841 714 853 744 848 767 838 785 831 743 809 771 804 783 814 788 826 732 801 759 804 771 816 778 829 723 801 746 808 758 819 764 831 715 805 734 809 745 818 750 829 
905 965 868 958 846 934 831 910 814 894 860 900 839 865 826 850 817 842 881 889 860 854 845 846 836 846 897 886 881 852 867 844 858 845 907 889 900 862 891 853 883 851 682 841 716 852 747 848 770 841 790 838 745 809 775 807 786 819 792 831 734 801 762 806 775 818 783 832 724 802 747 810 761 820 769 833 715 807 735 813 746 821 751 833 
908 968 871 960 849 936 834 908 818 890 863 902 843 865 829 850 819 841 885 890 862 853 846 847 838 848 901 886 883 850 868 844 859 846 912 888 904 859 893 849 884 847 678 839 714 851 747 848 773 843 794 841 749 807 778 813 789 827 794 839 737 802 764 813 776 827 783 843 725 804 748 817 762 829 770 844 715 811 734 820 746 830 753 842 
913 970 875 962 851 938 836 909 821 889 869 906 848 866 832 851 821 842 890 893 866 853 849 848 840 851 906 888 886 850 869 845 859 849 917 888 908 856 894 845 884 843 678 838 714 852 747 851 774 848 795 847 750 809 781 820 791 836 796 848 740 804 768 817 779 833 786 848 728 805 752 819 765 832 773 847 719 813 738 822 750 832 755 845 
917 972 878 965 853 942 837 913 823 892 874 911 852 871 835 856 824 848 896 897 870 855 851 850 842 855 912 891 889 851 871 847 862 853 922 890 912 855 897 845 886 844 674 838 709 852 745 853 773 853 796 854 752 813 783 825 794 842 798 855 742 810 769 823 781 839 787 855 731 812 755 827 767 840 774 855 722 820 741 830 751 841 756 853 
920 975 883 967 858 943 841 914 822 899 878 922 853 881 837 863 825 852 900 906 870 861 852 856 845 861 917 896 891 853 873 852 864 859 929 892 917 855 901 846 890 847 671 838 706 854 744 857 774 861 799 864 754 818 785 834 793 852 794 864 746 815 772 832 782 850 784 866 735 818 757 836 767 851 772 866 725 826 744 838 752 850 755 862 
921 976 884 972 857 952 838 927 820 909 878 932 853 889 837 869 827 856 901 913 871 866 852 864 847 872 919 901 892 858 873 858 867 868 932 896 917 855 901 849 892 855 667 840 704 857 740 863 771 869 797 873 751 823 784 837 792 855 794 867 743 822 771 837 781 854 784 870 733 825 755 841 767 856 771 872 723 833 742 845 751 857 754 869 
922 978 886 977 855 960 835 936 816 918 881 940 854 897 836 876 824 863 904 920 871 875 852 868 846 874 921 906 893 863 874 861 868 869 933 898 921 859 904 852 894 857 668 844 701 861 739 869 770 878 796 887 756 827 788 848 792 868 791 881 747 827 773 848 780 868 781 884 736 831 756 852 764 870 767 887 725 839 743 854 750 868 752 881 
922 984 885 987 854 971 833 946 811 929 880 952 852 909 832 888 818 877 903 931 869 884 846 870 835 868 922 915 893 869 874 862 865 866 935 906 921 865 905 857 894 862 665 850 701 869 740 878 771 888 795 899 755 832 788 854 792 876 789 891 745 829 771 857 777 882 776 901 732 834 752 862 760 884 761 904 721 841 737 862 745 879 746 897 
922 988 886 991 854 979 833 957 814 939 884 961 854 919 833 898 818 886 907 940 871 891 846 873 833 866 925 923 895 878 874 868 861 870 937 913 924 873 906 863 891 865 662 855 697 875 736 886 769 897 794 907 758 840 792 866 792 889 784 902 749 838 774 868 774 893 769 911 737 843 755 871 759 894 755 911 725 851 742 870 746 888 744 904 
922 990 886 995 855 985 834 964 813 947 886 969 854 927 833 906 820 895 909 947 872 897 849 877 836 868 928 930 897 883 874 873 861 873 940 918 925 878 906 866 890 865 661 862 696 882 737 891 771 903 795 917 760 843 795 872 797 898 793 914 751 842 778 872 784 897 784 917 738 848 759 876 765 898 766 918 726 857 745 877 751 895 751 911 
923 997 889 1003 857 990 835 968 814 952 892 975 855 931 834 912 822 904 916 953 874 902 854 901 850 911 933 935 897 887 875 886 868 895 943 922 927 882 907 868 892 864 654 868 694 891 736 900 771 911 798 925 756 846 794 873 799 897 795 911 746 842 774 872 780 896 777 914 732 846 754 876 760 898 759 916 720 854 739 876 746 895 745 911 
924 997 891 1007 858 996 837 973 817 953 897 981 859 935 836 918 823 909 921 956 877 904 858 905 856 915 937 935 899 885 877 887 870 897 946 921 928 882 906 869 890 864 655 876 697 901 740 908 775 918 800 934 759 851 798 878 801 902 796 917 748 843 777 875 780 901 775 920 733 844 757 876 761 900 757 919 720 851 740 873 746 893 744 911 
923 998 890 1007 859 998 840 977 822 956 901 983 862 934 838 918 825 912 925 957 881 904 860 904 855 915 941 937 904 888 882 890 875 899 948 922 931 883 908 873 893 872 659 881 698 905 740 913 774 924 800 940 761 856 802 879 807 902 804 916 751 846 785 874 793 899 792 918 739 846 766 873 774 896 774 916 727 851 749 871 757 889 758 907 
920 998 887 1007 856 998 838 975 825 949 903 982 866 932 842 917 826 912 928 956 886 905 864 903 857 910 944 936 910 887 887 886 878 892 951 922 935 881 911 870 893 867 660 887 699 910 740 917 774 928 801 946 758 856 802 877 805 899 798 912 749 845 784 870 789 893 787 909 736 842 766 866 772 887 771 904 726 848 751 863 758 881 758 896 
919 1000 886 1008 857 997 842 973 834 946 905 982 873 928 849 913 832 911 932 957 889 903 866 904 860 915 947 937 911 886 890 890 884 902 953 922 938 882 917 875 905 881 663 892 699 916 741 920 778 930 806 945 760 859 806 877 814 899 812 914 750 845 789 870 799 894 801 912 737 842 769 866 780 888 782 908 727 846 753 863 763 881 765 899 
918 997 883 1005 855 996 844 970 843 940 909 980 879 923 853 908 835 905 935 954 891 899 866 901 859 912 949 934 913 881 889 885 882 898 955 918 939 876 916 871 903 877 661 899 701 921 745 923 784 933 812 948 758 860 807 873 819 893 818 907 746 844 790 863 804 883 811 900 733 841 770 858 786 876 792 892 723 845 752 856 766 871 772 885 
915 1001 880 1005 856 991 850 963 850 935 913 976 886 917 860 902 844 897 939 952 898 894 868 894 858 903 951 933 916 877 887 879 876 890 953 918 937 877 913 868 898 870 666 907 709 928 751 929 790 935 819 947 757 862 807 870 823 887 827 902 743 844 788 860 802 879 809 894 729 839 765 853 781 868 787 884 717 841 746 850 761 863 766 876 
911 1001 875 1002 856 985 856 953 856 921 913 967 887 911 862 894 843 885 939 944 900 889 867 882 849 885 950 927 923 872 892 866 872 870 951 914 937 874 912 866 893 869 669 914 712 931 755 929 793 933 822 945 758 863 805 868 819 882 823 895 744 845 788 854 802 871 807 884 728 839 766 846 780 860 785 873 715 840 745 844 759 854 765 865 
904 1004 870 1001 853 980 856 948 860 916 911 961 887 903 861 888 839 883 936 941 899 885 866 880 848 885 946 927 921 871 891 869 874 876 948 917 937 874 912 865 895 867 671 922 714 936 757 931 797 933 825 945 757 867 803 865 816 877 818 889 741 848 786 850 798 865 801 876 725 841 762 841 775 854 778 866 711 841 740 838 753 846 757 855 
899 1011 865 999 853 973 860 936 864 903 911 950 889 894 863 878 842 871 935 935 900 878 868 869 847 870 944 925 919 871 889 864 869 866 945 920 931 879 911 868 895 866 672 926 716 939 759 931 798 932 826 943 758 871 801 861 811 873 809 886 741 851 783 847 792 861 791 872 723 843 760 837 769 850 769 861 708 841 735 835 745 845 747 853 
893 1009 861 994 852 963 860 926 865 895 907 939 887 888 863 873 843 866 929 929 901 878 871 866 851 865 938 924 921 877 896 865 877 864 937 922 929 890 914 877 900 871 671 928 716 941 759 931 798 929 827 941 757 874 797 858 806 867 805 880 738 854 779 843 788 857 785 868 719 844 755 833 763 846 761 857 702 840 728 832 736 841 736 850 
897 1009 863 990 856 952 860 913 863 883 907 920 884 873 860 864 841 865 926 916 898 872 871 864 851 868 931 916 906 876 882 870 865 873 927 918 909 887 891 878 876 877 670 930 717 941 758 930 796 926 824 937 755 877 793 855 801 865 798 878 734 857 776 840 782 854 778 866 714 846 749 829 757 843 752 855 695 842 721 828 729 837 726 846 
902 1003 868 980 860 942 860 905 862 875 910 905 879 861 854 859 837 867 925 905 892 865 865 864 846 872 928 909 897 873 873 874 857 881 924 912 899 884 880 885 868 890 668 929 715 942 754 929 790 924 819 932 755 879 791 853 800 862 798 875 735 858 774 839 780 853 775 865 714 846 748 828 753 841 748 854 694 842 718 826 725 836 722 845 
907 1000 870 975 862 935 861 898 860 869 911 897 874 858 847 864 835 877 924 900 888 868 860 874 846 886 927 907 891 879 868 888 856 900 922 912 891 892 875 900 867 910 665 930 711 944 750 931 784 921 810 924 754 882 789 854 797 863 793 875 734 860 771 840 775 854 768 866 713 849 745 830 750 843 744 855 694 845 715 828 722 837 719 846 
910 998 874 971 862 927 855 886 848 856 911 896 871 857 844 864 832 876 921 901 881 870 853 879 838 892 921 909 883 885 861 895 849 908 916 915 883 898 867 907 860 918 663 933 708 947 747 935 779 923 804 923 752 885 789 860 800 865 799 876 734 863 770 845 774 857 771 868 715 851 746 834 752 845 750 857 698 846 719 834 727 842 727 851 
914 999 876 972 863 931 854 892 845 861 911 895 868 860 841 863 829 871 923 899 881 869 852 876 834 889 924 908 883 885 860 894 847 908 921 915 885 900 868 908 858 919 660 934 705 948 745 939 779 930 807 933 749 887 789 865 801 871 803 880 731 865 772 852 779 866 777 877 713 854 745 846 753 858 752 869 696 851 719 848 728 858 729 867 
919 1002 876 982 860 941 849 898 840 864 905 901 866 860 843 866 836 878 926 899 887 862 861 868 849 879 934 905 899 869 878 875 869 886 935 909 908 880 890 884 883 893 657 936 702 949 743 941 779 936 808 943 750 884 789 870 801 879 803 890 733 866 771 861 782 875 786 887 715 859 747 856 760 867 766 879 700 859 725 856 739 865 745 875 
919 1006 877 996 857 964 848 926 838 897 900 916 868 874 846 863 829 859 923 905 883 865 857 864 841 870 934 903 900 864 877 864 862 871 936 905 917 874 898 864 882 863 648 933 697 948 742 947 777 947 806 956 744 883 787 883 801 896 805 907 728 869 767 882 781 899 788 916 712 867 742 882 756 898 763 915 700 870 724 880 738 892 746 906 
919 1014 881 1013 857 993 842 958 823 934 898 949 869 898 851 873 838 854 921 930 884 880 862 870 852 871 935 922 910 872 890 862 877 862 941 920 935 885 921 871 907 865 638 923 686 944 734 949 771 956 801 967 743 888 786 897 802 913 809 925 730 878 765 897 780 917 787 935 717 878 744 899 757 918 764 936 708 885 730 900 742 915 747 930 
930 1022 893 1032 860 1019 838 994 818 970 900 990 859 942 831 924 814 914 925 964 882 903 851 877 830 861 939 947 908 889 879 869 859 857 945 936 931 890 911 871 893 861 636 917 679 943 727 953 763 966 793 979 749 899 794 916 816 932 829 942 739 890 777 909 797 925 809 940 726 889 755 910 769 929 776 946 715 897 738 913 749 929 752 944 
932 1029 897 1048 861 1045 836 1026 812 1008 900 1018 855 975 827 954 810 939 924 986 874 935 856 934 858 940 939 962 900 913 878 900 873 892 948 944 924 901 905 894 895 897 631 914 671 944 720 960 758 975 789 989 747 906 792 933 818 953 836 966 740 895 783 916 812 931 832 944 729 893 761 914 784 930 799 946 717 899 742 916 759 929 769 941 
933 1042 898 1061 863 1061 837 1048 810 1034 898 1039 852 996 823 977 806 965 921 1006 872 959 847 951 840 957 937 981 898 934 875 929 868 938 947 962 926 920 907 914 895 922 621 917 664 943 709 963 746 982 774 999 746 924 780 960 784 990 779 1010 733 925 755 967 746 1000 730 1021 717 930 731 970 727 997 714 1017 701 936 713 966 713 987 706 1004 
928 1049 893 1068 858 1073 832 1062 808 1046 897 1052 845 1014 820 994 809 982 918 1019 865 976 842 965 838 969 935 992 890 949 869 946 865 955 945 971 917 932 899 928 892 938 621 917 658 944 698 966 734 987 761 1008 741 931 776 969 777 998 768 1017 730 933 752 977 739 1006 719 1024 716 938 728 978 718 1003 700 1019 702 942 711 972 707 991 695 1006 
924 1056 887 1076 851 1081 824 1069 801 1050 892 1062 835 1023 812 1002 803 990 915 1029 859 986 838 975 835 981 933 1002 889 959 867 955 862 965 945 982 919 942 900 937 892 946 621 917 657 948 695 973 728 995 754 1018 741 939 775 975 782 1001 778 1019 728 939 746 985 733 1011 712 1027 712 943 721 985 710 1008 690 1021 697 946 703 977 696 996 682 1009 
921 1059 883 1076 846 1080 820 1067 802 1046 889 1064 833 1023 809 1004 800 996 913 1031 856 987 834 980 833 991 932 1003 883 961 861 960 858 972 944 982 912 944 891 943 884 954 623 920 657 952 695 976 731 1002 756 1025 743 940 780 979 774 1007 760 1023 733 940 751 984 732 1010 709 1022 718 944 726 985 712 1005 690 1014 704 945 711 976 702 994 686 1004 
918 1055 880 1073 842 1073 816 1056 809 1029 887 1060 834 1013 810 996 801 991 912 1028 855 980 839 977 844 989 931 1000 881 955 867 959 873 973 940 978 907 939 893 940 894 952 624 923 660 954 702 981 738 1006 766 1029 745 936 787 969 799 1000 803 1023 734 937 767 970 778 1000 783 1027 719 941 743 971 754 997 758 1022 703 947 724 970 734 991 737 1010 
920 1053 877 1070 839 1062 816 1034 815 1005 896 1047 840 992 816 984 810 985 920 1015 858 964 849 975 862 990 935 989 882 940 872 953 884 968 942 968 908 926 897 933 903 948 625 929 664 959 708 981 747 1004 774 1029 746 930 789 962 796 993 796 1014 736 929 770 963 780 995 784 1021 722 934 746 964 757 991 761 1016 707 941 727 964 736 986 738 1005 
917 1044 878 1056 847 1044 832 1015 828 985 903 1033 854 978 828 965 815 960 927 1001 871 952 858 962 865 976 940 976 892 924 878 937 884 951 945 956 914 918 901 924 902 938 629 932 669 961 716 979 755 997 783 1019 748 929 794 952 815 974 826 990 739 925 780 946 800 969 812 989 727 928 758 948 776 967 789 986 714 936 740 951 755 968 764 984 
918 1038 880 1048 850 1037 840 1007 840 975 908 1019 866 963 838 949 822 945 933 989 880 937 853 944 850 958 946 966 902 914 880 923 880 939 948 949 919 908 902 912 902 927 636 938 673 965 720 978 761 991 791 1012 748 925 797 944 816 967 825 984 742 920 785 941 803 964 815 987 734 922 769 944 786 964 798 985 725 928 756 945 772 963 782 981 
920 1035 878 1043 852 1029 847 997 848 965 912 1008 873 950 845 935 827 929 937 980 882 927 858 939 858 956 948 960 903 906 883 922 886 940 950 944 924 901 908 909 909 925 637 945 683 973 731 980 770 991 800 1008 748 921 792 931 806 946 807 957 737 910 777 921 793 937 803 952 725 909 758 922 774 935 784 949 713 916 741 925 755 938 762 950 
920 1038 877 1043 853 1027 849 993 851 960 915 1001 877 941 846 928 826 926 939 975 885 921 852 925 839 933 949 957 906 899 878 902 867 907 950 944 922 898 901 894 892 897 643 948 689 975 736 980 774 988 801 1005 751 921 795 929 801 944 797 955 740 903 778 912 789 928 794 941 727 896 760 903 772 917 779 930 715 898 742 902 752 915 755 926 
916 1042 873 1041 849 1019 846 982 850 949 911 993 874 930 845 924 827 929 936 971 887 916 857 925 847 940 947 955 907 900 883 912 875 928 948 944 922 901 903 903 896 911 648 952 695 977 739 980 776 984 802 998 751 921 796 923 801 938 795 949 738 900 772 908 777 927 776 940 722 891 751 895 758 911 758 925 708 890 732 890 740 903 740 915 
910 1040 868 1035 848 1010 848 972 851 940 909 984 875 922 848 914 831 917 933 964 889 908 860 912 848 924 944 951 907 895 880 896 866 903 945 943 920 903 900 898 887 900 651 956 697 979 743 978 779 979 805 990 752 918 797 918 802 932 797 943 737 897 774 904 780 921 779 933 718 888 752 889 760 903 760 914 702 887 730 883 740 893 741 902 
907 1041 867 1031 849 1002 849 963 851 931 907 972 876 910 849 905 832 912 931 958 890 900 862 906 850 921 941 950 909 897 886 905 876 919 942 946 920 909 904 912 897 922 651 956 698 979 743 975 780 973 807 982 752 918 797 911 805 923 803 935 735 896 772 898 777 916 775 927 716 887 750 886 756 900 754 912 700 885 727 881 736 892 735 902 
908 1041 867 1028 850 996 849 956 852 925 905 964 875 904 850 898 830 903 929 952 891 896 861 895 841 901 940 946 907 897 883 902 870 912 940 944 915 910 897 912 886 920 651 958 698 978 741 973 777 968 805 973 751 921 796 904 807 916 808 928 734 898 774 896 781 911 780 921 715 888 750 887 757 900 755 911 699 884 727 883 735 893 735 903 
907 1039 866 1026 850 993 849 952 851 920 907 956 873 898 847 898 828 907 929 946 889 893 858 896 837 906 937 943 899 899 875 905 860 917 935 943 908 913 888 915 874 923 649 959 698 978 742 972 778 965 805 971 749 920 793 901 803 914 803 926 732 898 774 892 783 906 782 916 713 887 749 884 758 896 757 907 696 884 725 881 735 891 735 900 
909 1042 870 1026 854 990 849 948 848 915 911 951 874 896 846 891 826 896 929 942 885 895 854 895 833 904 934 940 893 899 867 903 851 914 929 941 899 913 878 915 863 923 646 963 696 979 741 971 777 964 806 969 746 923 788 899 799 907 801 918 729 901 770 887 778 899 778 910 710 889 745 880 756 890 756 902 694 884 722 880 733 889 735 898 
911 1044 871 1022 856 983 850 942 845 911 914 945 876 895 846 894 826 902 931 942 886 901 857 906 839 916 935 945 892 911 870 917 857 931 931 948 901 923 882 928 870 938 647 962 695 979 739 970 776 962 805 967 747 924 788 895 803 898 808 906 730 901 769 883 775 895 771 908 710 888 744 875 750 886 746 899 693 881 719 874 726 883 725 893 
914 1047 878 1024 862 984 851 942 843 911 917 944 876 895 844 896 824 906 931 942 883 909 853 915 834 924 934 945 887 923 865 931 851 943 930 949 896 934 878 942 866 952 646 960 694 977 737 968 775 961 805 966 747 921 789 890 801 898 801 911 729 897 770 877 773 892 768 905 710 883 743 869 747 882 741 895 692 875 717 869 723 879 720 888 
919 1048 882 1027 863 985 849 943 838 913 917 944 875 896 846 891 827 891 931 942 879 918 856 931 846 943 934 945 885 930 869 943 860 957 930 948 895 939 879 950 869 961 645 958 693 976 735 967 775 960 805 966 746 918 791 888 800 898 796 911 728 894 774 873 776 889 770 901 709 879 748 863 752 877 746 889 692 872 721 861 728 871 725 880 
920 1052 884 1031 864 994 847 957 831 929 916 948 875 907 845 908 827 915 931 945 883 921 860 930 849 939 934 949 888 933 870 942 859 952 930 954 898 941 881 948 870 957 644 956 692 976 735 968 773 960 803 967 744 917 791 888 803 895 802 906 727 892 775 872 780 887 776 899 709 878 750 858 757 872 752 885 691 871 721 857 730 866 729 876 
922 1054 883 1035 862 1000 846 964 831 937 918 955 875 914 846 910 825 913 933 951 887 919 861 927 845 938 936 953 893 928 872 935 859 945 932 957 901 937 883 940 869 947 645 955 692 977 734 968 770 961 799 967 745 918 793 889 807 896 806 907 728 892 778 871 783 887 778 899 710 878 752 857 759 871 755 884 692 871 722 856 732 865 731 874 
922 1057 883 1042 862 1009 846 974 832 948 919 965 879 921 851 916 830 917 935 958 891 923 864 928 847 938 938 959 898 929 876 934 861 943 935 961 905 938 886 940 872 947 647 955 694 976 737 968 775 961 803 968 747 918 796 889 811 897 809 909 730 892 781 871 784 887 777 900 712 877 755 857 760 872 754 885 694 870 723 855 731 865 728 874 
922 1060 884 1047 862 1013 846 978 828 952 920 971 882 926 854 917 832 916 936 963 893 927 865 932 849 943 939 962 900 929 877 936 863 946 935 962 906 938 886 941 873 948 647 955 693 977 736 970 771 963 799 969 746 919 796 891 813 896 816 906 730 892 783 869 788 885 782 899 713 878 757 855 764 870 758 884 695 871 725 853 733 863 731 873 
921 1059 886 1049 863 1017 845 982 825 957 924 978 886 931 858 919 835 915 941 968 897 928 866 930 847 939 944 964 907 927 880 930 862 939 941 963 915 934 894 932 879 937 648 956 695 977 736 970 770 962 797 968 746 918 795 892 814 895 818 903 729 892 782 868 788 883 783 895 712 878 756 854 764 868 759 880 695 871 725 850 736 858 735 868 
924 1061 889 1054 865 1022 849 986 828 961 927 984 888 936 859 921 836 916 945 972 899 929 867 930 848 938 948 965 909 926 881 929 865 937 944 961 917 931 895 930 881 935 649 955 696 975 737 968 771 960 798 966 746 915 795 889 814 893 819 903 729 890 781 866 788 882 784 895 712 876 756 852 764 866 761 880 695 870 725 848 737 856 737 866 
925 1066 890 1056 867 1024 851 987 832 962 932 989 894 939 866 926 845 921 950 976 905 929 874 929 856 937 955 970 917 927 890 929 874 938 952 967 925 934 904 932 892 936 649 955 697 974 737 966 769 959 795 965 745 914 793 888 812 893 819 903 729 889 780 866 788 881 784 895 712 875 755 852 765 865 762 879 695 868 725 847 736 854 738 864 
929 1071 894 1061 871 1027 856 989 836 964 938 996 901 943 873 929 851 925 957 983 912 932 880 932 862 941 962 976 925 929 897 931 880 939 959 972 936 935 914 930 900 934 648 956 696 973 736 964 767 956 793 961 743 911 787 887 806 890 814 898 726 888 773 864 786 876 786 890 708 876 747 850 762 859 765 872 691 871 716 846 731 848 738 856 
930 1074 898 1062 876 1029 861 992 842 966 942 1002 910 946 883 933 862 930 962 989 922 935 889 934 872 944 968 982 937 931 908 934 892 945 966 979 950 937 929 932 917 938 648 956 695 972 735 963 766 955 791 960 739 912 782 888 800 890 808 898 722 890 766 861 785 869 789 884 703 879 737 849 757 853 768 863 685 875 706 846 723 843 734 847 
933 1075 900 1064 879 1031 866 993 850 964 950 1006 916 948 887 935 866 933 969 993 927 936 893 936 877 947 974 985 943 932 912 935 897 949 972 980 956 937 934 934 921 942 647 956 693 970 732 961 764 953 790 958 736 910 778 889 793 892 798 901 718 889 759 859 777 863 783 875 698 878 730 847 750 847 764 853 680 876 698 847 714 840 727 840 
935 1078 902 1066 882 1032 869 993 854 963 952 1008 921 950 891 936 870 932 971 996 931 940 897 943 881 956 977 987 946 934 916 942 902 957 975 981 961 938 940 937 928 947 645 956 692 969 730 960 761 951 786 955 732 908 771 891 786 892 792 899 713 888 751 857 771 859 779 870 693 879 722 845 744 842 758 847 675 877 692 846 709 836 723 834 
937 1082 905 1068 883 1034 870 995 857 964 950 1009 921 951 893 936 872 932 970 997 933 940 899 939 882 949 976 990 948 936 919 941 905 954 974 985 960 941 940 940 929 949 644 957 692 969 729 959 759 949 783 949 731 907 762 893 772 897 774 903 711 888 744 857 763 857 773 864 691 879 717 846 738 842 752 844 672 878 687 848 700 837 713 832 
939 1083 904 1069 881 1034 867 996 853 967 946 1010 916 952 888 938 867 935 966 997 929 939 896 938 878 948 973 988 943 934 915 940 902 955 972 983 955 939 934 939 923 949 643 957 689 970 724 959 748 945 768 941 730 908 759 896 768 900 768 907 711 888 742 860 759 858 768 862 690 878 715 848 732 840 745 840 670 878 682 850 694 837 703 830 
938 1084 901 1070 876 1035 861 998 849 970 938 1010 906 953 880 939 861 937 959 997 922 939 891 941 878 952 968 989 940 933 914 940 904 955 969 984 951 941 932 941 924 952 644 956 688 969 723 957 746 943 766 941 729 907 755 895 766 896 770 899 711 888 739 863 755 858 765 859 689 878 711 848 728 841 740 839 669 876 680 848 690 836 699 830 
932 1084 895 1069 869 1036 853 999 843 972 927 1009 894 956 868 944 849 942 950 995 912 940 882 937 866 945 961 988 930 936 905 937 892 948 962 985 943 945 923 942 912 948 644 955 687 968 720 956 742 940 761 935 727 907 754 895 767 893 773 893 708 889 735 865 750 858 760 854 687 879 707 850 722 841 733 837 666 877 676 849 685 836 693 829 
927 1084 889 1070 861 1037 845 1000 835 973 913 1007 880 955 855 945 837 945 937 994 901 938 872 937 856 946 950 987 921 935 897 935 883 946 954 986 935 948 916 943 905 949 644 955 686 967 719 954 738 937 755 929 726 908 751 894 762 891 769 889 707 890 732 867 747 857 758 851 685 881 704 854 717 843 728 836 664 878 672 851 679 837 686 829 
922 1084 882 1068 854 1036 836 998 824 971 902 1004 865 956 841 945 827 941 928 990 893 936 866 939 853 950 941 984 914 936 890 939 878 951 946 984 926 949 907 947 897 953 645 954 687 967 719 954 739 936 754 926 726 907 747 895 755 893 760 890 707 890 730 869 744 859 753 853 685 881 703 854 715 843 725 836 663 878 672 851 678 837 685 829 
916 1079 874 1064 845 1033 829 996 820 969 891 1001 855 957 834 945 821 939 917 986 885 935 861 940 850 952 932 980 908 933 886 938 877 951 938 981 921 946 903 945 894 953 645 953 687 968 719 955 737 937 751 926 725 908 746 896 753 894 757 891 707 891 729 871 742 862 751 855 686 882 703 858 715 848 725 841 664 878 672 854 678 841 684 833 
911 1077 869 1063 840 1033 824 997 815 969 886 999 850 956 827 944 813 938 911 984 881 933 856 937 844 948 926 978 901 932 878 936 869 947 932 978 913 943 895 942 885 950 648 952 689 968 721 956 736 939 743 926 727 907 749 896 759 893 765 890 708 891 730 872 745 864 754 858 686 883 702 860 713 851 721 846 665 881 672 857 677 844 682 836 
904 1074 864 1060 836 1030 821 996 809 968 881 997 845 954 822 942 807 936 907 982 876 933 852 936 841 947 922 978 897 932 874 935 864 945 927 979 908 946 890 943 880 948 650 951 691 968 724 957 736 939 734 925 728 906 752 893 763 889 769 885 708 890 732 872 747 865 756 860 686 884 704 862 716 855 725 851 665 883 671 858 677 846 682 839 
898 1073 859 1057 832 1025 815 989 801 963 879 994 842 951 820 941 805 936 903 980 871 932 846 934 832 944 916 975 890 931 867 933 854 943 919 976 901 945 883 942 871 947 649 951 690 969 723 958 736 941 731 930 727 906 753 892 765 887 773 883 708 891 732 873 747 866 757 861 686 886 705 865 718 859 726 857 666 886 674 863 681 851 687 845 
893 1070 856 1055 831 1023 815 989 801 964 876 992 840 947 817 936 802 932 899 979 869 929 843 929 828 938 910 975 885 932 861 932 846 940 911 977 894 946 875 942 862 947 649 954 691 972 724 960 736 941 729 930 727 906 752 892 764 887 772 884 707 892 732 874 747 868 758 863 686 888 705 868 718 862 727 860 666 889 675 869 682 862 689 860 
891 1067 853 1052 829 1021 813 987 801 963 875 988 838 945 815 934 801 931 896 977 867 928 842 925 825 932 905 975 879 933 855 930 840 937 905 977 886 947 866 942 852 946 648 955 689 973 722 963 736 946 730 935 727 909 752 894 765 888 774 884 708 895 732 876 748 868 759 863 687 890 707 870 719 864 728 861 667 890 677 873 684 867 691 866 
890 1068 850 1050 826 1017 812 983 801 960 871 986 836 943 814 934 801 930 892 976 863 929 840 922 824 924 901 975 876 936 853 931 837 934 902 977 883 950 864 944 850 945 648 955 690 974 722 963 734 945 729 935 728 909 754 895 766 891 774 889 708 895 733 876 749 870 760 866 687 890 708 870 720 864 730 862 668 891 679 873 687 867 695 866 
888 1066 848 1048 825 1012 811 979 801 957 871 982 834 942 813 934 800 931 891 973 861 928 836 923 819 929 900 972 872 934 847 929 831 935 900 975 879 948 859 942 845 944 648 955 689 974 723 963 734 944 729 933 729 909 754 895 767 891 776 889 709 895 733 876 749 870 760 866 688 890 708 871 720 864 730 862 668 891 678 873 687 867 694 867 
888 1066 847 1046 823 1010 809 977 798 957 868 979 836 938 815 931 800 930 890 973 857 930 833 929 817 934 900 974 871 939 848 938 832 945 903 979 881 956 862 952 848 956 647 955 688 973 722 962 734 944 729 934 728 909 753 896 766 892 775 890 708 895 733 876 750 870 761 866 688 889 708 870 721 864 731 862 669 889 681 871 690 866 698 867 
885 1063 846 1044 824 1010 809 980 798 959 862 973 832 933 813 931 800 937 884 968 851 929 828 932 813 941 895 971 866 939 846 941 833 950 899 977 878 955 860 954 848 960 647 953 687 972 721 962 733 943 729 933 727 908 754 896 768 893 778 891 707 893 734 875 751 870 763 867 687 888 708 871 721 866 730 866 669 888 681 872 690 868 697 870 
883 1060 842 1041 821 1009 809 980 801 961 856 971 833 930 815 931 805 941 880 967 854 931 835 936 824 947 895 971 869 944 854 948 845 958 901 978 883 958 869 959 860 967 647 952 687 972 720 963 732 945 728 934 726 909 753 896 767 892 777 890 707 894 734 876 751 870 764 867 687 888 708 870 721 866 731 865 669 888 681 872 691 867 698 868 
883 1060 840 1043 820 1011 811 981 802 961 850 970 832 931 816 931 807 942 875 967 854 933 837 938 828 948 891 972 871 947 856 950 848 959 900 980 884 961 872 962 865 969 647 952 687 972 720 963 732 945 728 934 727 908 754 895 767 892 777 891 707 893 734 875 752 870 764 867 687 887 709 870 721 866 730 866 669 887 683 872 692 869 699 871 
882 1060 840 1043 820 1014 812 985 805 966 846 971 828 934 813 937 806 947 871 967 848 936 833 943 826 953 888 971 867 948 853 952 847 962 898 979 883 962 870 963 864 971 645 952 686 971 719 961 731 943 727 931 726 909 753 896 765 892 775 889 708 893 734 875 752 870 764 867 688 885 712 869 724 867 732 868 671 883 688 871 699 870 705 874 
880 1062 838 1046 817 1016 809 988 803 970 843 971 822 940 808 945 804 955 867 966 841 934 826 940 819 950 884 970 863 942 847 944 841 952 895 979 880 956 866 954 859 960 645 952 685 972 719 963 730 944 726 933 727 909 753 896 766 893 775 892 708 892 734 875 751 870 763 867 687 885 710 870 723 866 732 866 669 884 686 873 696 872 703 875 
879 1064 838 1047 817 1017 806 992 801 975 841 976 818 950 803 956 797 965 865 967 837 937 820 942 812 951 883 969 860 939 843 940 835 949 893 977 878 952 864 949 857 955 645 951 685 971 719 962 732 943 728 932 726 908 752 896 765 893 774 892 707 891 734 875 751 869 763 867 686 884 710 870 723 867 732 867 669 884 686 875 696 876 702 880 
880 1066 838 1047 816 1019 805 994 797 977 841 977 818 953 805 961 799 970 865 969 835 941 820 949 815 960 882 970 857 941 841 944 835 953 893 977 878 952 864 948 858 953 644 951 684 971 718 961 731 943 728 932 726 908 753 896 766 893 776 892 707 890 734 874 751 869 764 867 686 883 709 869 721 867 729 869 668 883 685 878 694 881 699 888 
881 1066 839 1048 817 1019 805 992 798 973 840 976 819 955 808 962 804 970 864 969 839 946 827 954 824 963 882 970 860 945 847 948 843 956 894 976 879 952 868 950 862 955 643 950 683 969 717 960 730 942 729 930 724 907 752 897 765 895 774 895 705 889 733 874 751 870 763 869 684 882 707 869 718 869 724 872 666 882 683 877 693 882 697 889 
884 1066 842 1051 819 1023 809 997 799 978 842 976 820 960 810 970 808 979 866 970 839 952 827 962 827 972 884 972 861 949 847 955 844 964 896 979 880 956 869 954 863 959 641 948 683 967 718 956 730 936 724 926 723 903 752 896 765 896 774 897 704 885 732 872 750 870 762 871 683 879 706 866 718 867 725 872 666 879 684 872 694 874 700 881 
889 1063 844 1051 819 1024 806 998 799 977 841 974 820 962 814 976 818 988 865 968 841 954 832 966 835 977 885 971 863 950 852 957 851 967 899 978 880 956 869 955 864 960 638 945 680 964 716 953 727 934 721 923 721 899 750 894 763 896 772 898 702 881 732 870 750 870 762 872 681 875 706 862 719 865 726 870 664 875 683 867 694 870 700 877 
890 1062 845 1050 820 1024 807 999 798 980 842 973 823 965 821 981 829 991 866 969 846 959 841 974 847 985 887 972 868 958 862 969 865 981 903 980 886 967 879 972 879 981 638 942 680 960 715 949 727 931 721 921 721 893 750 891 762 895 769 899 702 876 731 867 748 868 759 872 681 870 704 857 714 861 720 867 663 870 677 860 685 862 691 869 
893 1063 848 1053 823 1026 809 1002 797 985 841 978 822 969 821 985 829 996 866 972 844 964 841 979 847 990 887 974 866 962 860 974 864 986 903 980 884 968 878 975 880 985 637 939 680 955 716 943 727 923 719 912 719 888 749 888 761 893 768 900 701 870 731 862 748 865 759 871 680 864 704 853 715 857 722 864 662 865 678 856 687 859 692 866 
896 1064 850 1056 824 1031 810 1007 797 992 841 980 819 977 821 993 831 1003 865 974 842 970 841 985 849 996 886 976 865 968 860 981 866 992 903 982 885 972 879 981 883 991 636 935 680 951 717 938 729 916 721 905 718 883 747 883 758 891 765 899 700 866 731 857 750 860 763 866 680 859 706 846 718 850 724 858 663 860 682 850 692 854 698 861 
901 1064 853 1060 825 1035 810 1011 793 996 841 983 817 981 820 998 830 1008 865 976 840 973 839 989 848 1000 886 977 862 970 858 983 865 994 902 982 881 974 876 983 881 993 637 931 682 946 719 932 733 912 728 899 719 877 751 878 759 889 762 898 701 860 734 851 754 856 766 864 681 854 707 840 720 845 727 854 663 856 683 845 694 848 700 855 
904 1064 856 1060 825 1033 806 1009 787 997 846 982 817 982 821 999 832 1008 870 973 840 973 839 989 849 999 889 974 862 968 857 981 864 991 902 979 880 969 873 977 877 985 640 926 685 940 723 927 739 905 737 892 722 868 755 871 763 884 764 895 704 851 739 845 757 852 768 861 684 846 713 836 727 842 734 852 667 848 688 838 700 841 709 848 
908 1059 861 1057 829 1033 807 1008 787 992 845 985 815 976 813 993 822 1004 869 974 838 969 836 985 845 995 889 972 862 964 856 977 863 989 906 975 883 964 877 973 882 983 644 920 690 933 728 920 745 899 747 885 725 860 758 862 765 876 765 888 706 844 743 838 758 849 764 862 687 839 719 830 734 838 742 849 670 841 694 832 707 836 716 844 
916 1053 871 1053 838 1026 817 999 798 982 861 975 824 961 807 971 802 980 883 964 847 956 838 972 840 983 901 964 869 953 860 966 861 978 915 968 890 956 880 964 881 973 648 912 695 927 735 914 754 892 750 879 732 850 766 853 770 869 767 881 713 834 750 831 762 845 763 859 693 830 724 824 737 834 741 847 676 833 699 825 711 831 717 839 
924 1049 880 1044 850 1016 831 988 813 970 874 969 835 949 817 955 811 964 896 957 855 947 845 962 847 973 912 954 876 944 866 956 867 969 924 956 897 945 887 952 887 962 653 905 699 920 741 905 761 883 766 872 740 844 773 844 778 859 777 871 721 827 757 823 769 837 771 851 702 822 734 813 749 823 755 835 685 824 710 814 724 819 731 827 
936 1043 891 1037 863 1005 845 974 827 953 897 960 851 938 830 943 820 950 917 950 874 929 853 938 843 949 930 950 893 928 875 935 868 946 936 954 909 934 893 935 885 941 662 899 708 912 750 898 773 877 780 865 748 835 786 836 793 855 791 870 729 818 769 817 780 836 781 852 710 813 745 806 758 820 761 835 693 815 718 807 731 814 737 824 
947 1037 904 1025 875 990 856 959 844 942 915 945 873 924 849 926 833 928 934 937 892 917 867 923 851 931 945 939 908 919 886 922 873 930 948 945 920 927 901 927 889 932 671 888 718 903 761 891 784 871 793 860 761 828 797 828 805 845 804 860 744 809 783 811 792 829 793 846 725 803 759 802 771 815 774 831 709 805 733 801 745 811 750 822 
952 1024 911 1011 883 978 865 947 856 930 926 933 883 907 856 904 842 904 945 927 900 907 883 926 881 943 953 929 911 911 895 926 893 943 955 935 923 920 907 930 904 944 685 880 733 894 773 884 796 865 806 855 774 822 808 822 816 838 818 852 756 805 792 807 802 824 804 839 737 799 769 798 781 810 786 825 720 801 743 797 756 805 762 815 
953 1014 913 998 889 965 876 935 868 917 928 922 892 894 870 892 860 893 948 918 912 895 894 905 888 916 960 923 928 902 912 909 906 919 964 929 940 912 926 915 920 924 698 872 743 888 783 880 806 864 817 857 789 822 821 822 828 835 829 846 771 805 803 806 812 820 813 832 752 799 781 798 793 808 797 820 735 800 756 797 767 804 772 813 
953 1003 915 988 893 955 878 926 865 909 928 910 893 884 874 889 864 895 948 905 913 883 894 890 883 898 960 910 932 885 913 887 902 893 964 916 946 892 931 886 920 886 711 865 754 882 790 878 812 866 825 859 799 821 830 822 838 835 840 846 782 804 814 806 824 819 825 833 763 798 791 797 803 807 808 820 747 798 768 798 780 805 785 814 
949 993 910 977 890 944 878 919 866 903 922 903 897 879 882 881 872 883 944 899 920 868 903 858 889 851 959 905 941 877 926 866 912 862 966 915 954 890 941 879 928 875 723 861 762 880 797 878 817 869 830 867 811 822 839 823 847 835 847 847 795 806 823 806 831 818 832 831 777 799 802 798 812 808 816 820 760 798 780 798 790 806 795 815 
946 990 908 971 890 940 878 917 868 901 920 900 897 877 884 873 874 870 943 896 920 867 903 858 888 853 958 900 940 875 925 866 912 865 965 908 953 887 941 879 929 877 734 858 772 878 805 876 825 870 837 870 824 821 847 825 853 835 855 845 807 805 829 807 836 820 837 833 787 799 808 799 817 810 819 824 769 799 786 800 795 808 798 819 
943 984 907 965 888 937 879 915 868 901 918 901 899 874 887 863 878 856 941 896 919 865 904 855 890 850 955 899 937 872 923 862 911 858 962 905 950 884 940 875 929 872 745 853 780 876 811 877 830 872 836 871 831 824 853 828 858 838 857 849 814 807 835 808 841 819 841 832 794 800 812 801 819 812 820 825 775 800 787 803 793 811 793 822 
938 982 903 963 882 936 870 912 861 895 913 899 897 872 886 864 877 859 937 896 918 866 902 857 889 853 953 901 939 874 925 864 913 862 961 909 953 888 943 878 933 875 755 850 784 872 811 875 829 873 837 875 834 828 855 827 860 835 860 845 818 810 838 807 841 818 837 829 799 802 815 801 818 811 816 821 782 801 791 803 793 811 791 819 
935 978 899 962 881 939 871 921 859 909 907 901 895 873 886 867 880 864 932 897 916 866 902 857 890 852 949 902 936 876 923 866 911 863 958 911 948 892 939 884 930 882 759 847 787 871 812 876 828 874 837 876 836 831 856 830 860 837 859 846 821 813 840 810 842 820 837 830 802 805 817 802 818 811 814 821 784 803 791 804 792 811 789 817 
928 977 895 961 879 939 869 922 858 910 902 899 893 872 885 867 878 867 925 896 911 868 899 858 888 855 943 902 930 876 918 865 908 862 954 911 946 892 936 883 927 881 763 846 789 871 813 876 828 876 837 878 835 832 855 831 860 837 859 844 821 815 841 811 844 820 840 830 803 806 817 803 820 810 816 819 785 804 791 804 793 810 790 816 
925 973 891 959 875 939 867 922 856 914 897 897 891 870 883 868 877 871 921 896 909 871 898 870 890 873 939 903 928 880 917 879 909 883 951 913 944 897 935 896 929 900 765 846 789 870 813 876 827 875 833 877 834 833 854 832 858 836 857 842 820 816 839 810 843 817 840 826 802 807 817 804 820 811 817 818 786 805 793 806 796 811 794 817 
921 969 888 957 873 939 864 923 856 914 892 898 886 871 880 875 879 885 914 896 906 872 897 877 895 887 932 902 924 884 917 888 914 898 946 912 941 901 935 903 932 911 768 845 791 871 811 876 822 874 825 873 834 833 853 831 857 835 855 840 820 816 838 809 841 816 839 824 803 808 817 805 819 811 817 818 787 807 794 806 796 811 794 817 
917 965 886 955 871 937 863 923 853 914 889 895 882 870 875 876 875 886 910 894 902 873 894 880 893 890 928 899 920 885 913 891 911 900 942 908 936 900 930 903 928 911 768 845 792 870 811 875 822 873 824 871 834 832 851 830 855 833 854 837 819 816 837 810 840 817 837 824 802 808 815 805 818 811 817 818 786 808 793 806 795 811 794 817 
915 963 885 954 870 937 860 923 849 918 885 893 879 869 874 877 874 889 907 892 900 870 892 878 891 889 925 897 919 879 912 886 910 896 940 905 935 894 929 897 926 904 768 845 793 870 812 875 823 874 824 871 833 832 851 831 855 833 854 836 819 816 836 810 839 816 838 823 802 808 815 805 818 810 818 817 786 808 793 807 796 811 795 817 
915 962 884 953 868 936 860 923 849 916 884 893 879 867 875 879 876 891 906 891 900 871 894 881 893 892 924 896 917 883 911 891 910 901 939 905 932 897 927 902 925 909 769 846 793 871 813 876 823 874 822 870 833 833 850 831 855 833 855 837 819 817 835 810 838 815 838 822 802 809 815 805 819 809 820 816 787 809 795 807 799 811 799 817 
913 960 883 951 869 933 861 919 852 911 883 891 877 865 874 876 876 888 905 889 899 869 893 878 893 888 924 894 916 882 911 890 910 899 938 903 931 896 926 901 925 908 770 847 795 871 815 876 825 873 823 869 834 832 851 831 856 835 856 840 820 817 835 810 839 816 837 823 802 809 815 805 819 810 819 817 787 810 794 809 797 814 797 820 
913 959 881 950 866 932 862 916 859 906 880 888 875 865 871 875 874 886 903 887 894 867 889 877 890 889 922 892 911 878 906 887 906 897 937 900 927 891 922 897 922 905 769 847 792 873 811 877 819 873 821 870 834 835 852 832 857 834 859 838 820 819 838 810 841 816 839 823 803 811 817 806 820 812 818 818 788 811 796 809 799 815 799 820 
913 959 881 951 865 932 859 914 853 903 879 889 874 866 869 872 871 882 901 887 892 869 886 877 886 887 920 891 910 877 904 884 903 894 936 899 926 890 920 894 919 901 771 849 794 874 814 878 822 873 823 869 837 835 854 833 860 836 860 842 822 819 840 809 841 816 836 824 805 811 817 805 818 811 815 819 789 811 795 810 797 815 795 821 
913 958 879 950 862 929 858 907 856 893 880 888 875 862 868 868 867 878 903 886 893 865 884 872 884 882 921 890 909 875 901 881 900 891 935 897 924 887 918 891 916 899 770 850 792 874 812 880 821 876 823 875 834 837 852 835 857 837 857 841 820 821 838 811 840 817 837 824 805 813 818 808 820 815 818 822 790 813 799 811 802 817 800 823 
913 957 877 948 858 926 855 903 854 889 881 885 873 859 864 857 861 861 904 883 892 862 882 863 878 868 923 888 908 873 898 874 894 880 937 895 924 884 915 885 911 891 768 851 791 876 812 880 822 876 825 873 833 838 850 837 854 841 852 846 820 821 837 812 838 818 835 825 805 813 818 808 819 816 816 823 790 813 800 812 803 817 802 823 
914 958 879 949 861 926 857 903 855 886 885 888 875 859 867 855 864 857 908 885 896 857 885 853 879 855 925 889 913 867 902 864 895 865 937 896 928 880 918 877 911 880 764 851 787 876 809 880 818 875 820 869 828 836 845 837 848 843 845 850 816 819 833 812 834 821 830 829 801 811 815 808 817 817 814 824 787 810 798 809 801 816 801 821 
915 955 880 946 862 923 855 901 852 885 886 881 876 855 867 854 864 861 910 880 897 852 887 850 881 853 927 885 915 864 904 861 898 863 938 895 928 878 919 874 913 877 759 849 782 874 803 876 813 869 815 860 825 833 842 833 843 841 839 848 812 816 829 808 830 817 825 826 796 808 810 804 811 813 807 821 781 806 791 807 792 814 790 820 
917 955 881 946 862 919 855 895 853 880 892 879 878 852 865 852 859 860 915 878 899 848 885 847 876 852 931 884 915 860 901 858 893 861 940 894 927 877 915 874 907 876 752 846 778 869 804 870 821 869 833 872 824 826 837 828 838 836 835 844 811 810 822 809 822 818 819 825 795 803 807 802 808 812 806 820 780 802 791 804 792 812 790 819 
920 958 884 946 865 919 855 896 849 879 895 879 878 850 866 852 860 861 918 877 899 847 884 849 876 856 933 883 916 858 901 857 893 862 942 893 928 874 916 872 909 876 747 841 773 865 796 866 809 862 816 863 816 821 834 822 836 832 833 840 804 806 821 806 822 815 819 822 791 799 808 797 810 806 808 815 778 798 793 798 796 804 795 811 
923 960 887 948 867 921 855 895 847 877 899 880 880 848 867 850 861 858 922 876 901 845 885 850 878 859 937 881 917 856 902 859 895 866 944 889 930 870 917 869 912 875 741 837 768 861 793 859 806 855 813 858 812 812 831 813 835 823 833 832 798 799 816 798 821 808 821 818 783 793 802 791 808 801 809 810 769 794 787 793 794 800 796 807 
926 964 889 951 869 922 858 894 848 877 905 884 883 848 867 845 857 850 928 879 903 845 886 850 876 860 942 883 920 855 903 858 894 866 948 890 932 871 919 871 911 876 734 834 761 856 788 852 804 850 814 859 807 804 829 807 833 819 830 830 794 791 817 795 822 809 822 821 780 787 803 789 811 800 812 811 769 789 789 788 797 796 799 804 
929 972 893 958 873 926 861 896 848 877 910 889 889 851 873 843 860 843 933 885 909 846 889 846 875 853 945 889 925 855 906 854 893 859 950 895 936 871 921 866 910 869 724 835 752 855 783 850 805 849 818 857 798 802 824 805 830 818 831 828 786 788 812 791 820 803 821 815 772 784 797 783 807 793 810 804 760 786 782 784 792 790 795 798 
930 979 894 963 877 930 867 896 854 876 919 898 899 853 880 843 865 842 942 894 918 849 896 846 882 852 953 897 932 858 911 855 897 860 956 901 943 873 928 868 917 869 716 834 746 854 778 850 803 849 818 858 791 799 821 803 828 817 829 829 779 785 810 789 819 805 820 819 766 781 794 782 806 796 809 809 756 785 780 783 791 792 794 802 
932 986 897 970 880 937 872 901 859 879 924 915 908 863 890 847 875 842 947 909 925 855 901 847 884 850 958 908 938 860 915 854 899 858 960 909 944 874 926 866 913 866 709 836 739 853 774 850 802 852 822 862 783 798 816 801 827 817 830 830 772 785 805 792 815 810 817 827 760 782 789 788 801 802 805 817 751 786 774 788 785 798 789 810 
933 993 899 977 883 944 875 907 862 882 929 924 915 870 897 852 881 844 952 918 931 863 907 854 890 855 962 916 945 866 922 859 905 863 965 916 952 877 934 868 921 868 701 839 733 857 770 854 800 856 822 865 775 802 812 802 826 817 831 830 765 789 802 790 814 808 818 824 755 786 787 789 800 803 806 817 748 790 773 792 785 802 790 814 
931 997 898 982 883 950 875 914 861 888 935 934 919 880 901 859 884 847 956 927 934 870 908 853 887 848 965 923 946 871 922 860 903 860 966 921 952 880 934 869 919 867 694 845 727 860 764 855 797 858 821 867 768 802 808 805 825 821 833 836 758 791 799 795 813 814 820 831 749 790 783 794 799 809 807 824 744 796 770 798 783 808 790 820 
928 1003 895 992 880 959 874 922 861 896 936 945 922 888 902 865 883 854 956 937 935 878 908 858 885 850 964 930 945 876 919 863 897 861 964 926 952 884 933 872 915 870 689 849 721 865 761 860 794 861 818 870 763 806 805 807 823 824 831 839 754 794 796 798 811 816 819 834 745 792 781 797 797 812 806 828 740 798 768 803 781 815 788 828 
922 1007 889 997 874 963 871 925 860 898 934 952 924 898 903 879 883 872 954 942 936 885 908 865 886 860 963 934 945 882 919 867 896 864 963 928 952 887 933 874 916 870 685 860 718 874 757 867 792 867 817 876 758 811 803 813 823 828 833 842 750 798 795 801 811 820 820 836 744 796 783 799 800 814 809 829 740 802 771 803 787 814 796 826 
914 1011 881 998 869 962 868 922 858 893 932 956 923 899 902 879 882 869 954 946 936 885 906 865 882 858 961 937 945 882 917 866 893 861 960 931 949 889 929 873 911 865 681 872 717 887 757 877 793 872 820 880 758 819 803 818 823 831 834 845 746 803 793 801 808 820 815 838 737 801 777 799 793 814 802 830 731 807 761 806 777 816 786 828 
914 1012 882 995 872 960 870 919 857 892 935 948 925 892 903 874 881 866 954 939 936 879 908 860 884 852 960 932 942 878 915 863 890 859 956 926 944 887 924 872 904 864 678 877 718 891 756 878 790 869 816 875 754 821 800 819 820 832 830 844 742 804 790 799 806 817 812 832 732 800 773 793 789 807 797 821 725 804 756 799 772 807 781 817 
918 1014 887 996 877 960 873 919 858 892 939 945 929 890 906 873 882 868 956 936 938 878 910 861 885 856 960 930 943 879 916 865 891 861 955 926 943 888 922 874 902 867 671 878 713 894 753 880 787 870 813 876 749 822 796 818 816 830 826 842 735 804 785 795 799 814 802 830 724 800 767 792 782 807 787 822 717 805 749 800 764 809 771 819 
919 1018 891 998 883 962 879 922 864 894 946 943 939 889 912 874 886 870 958 936 944 881 914 863 887 858 957 932 944 883 918 868 892 863 950 930 939 893 920 879 901 871 665 886 710 899 752 884 787 874 814 879 745 822 795 822 816 835 827 848 731 806 783 800 800 819 806 836 720 804 764 797 781 812 789 826 713 811 745 805 762 813 772 823 
918 1022 894 1003 890 966 888 926 873 898 953 943 952 895 926 878 899 871 957 935 952 886 925 867 897 861 952 931 943 887 921 873 897 865 943 930 935 897 918 885 900 877 667 893 712 903 755 888 793 879 823 885 746 826 797 826 820 840 833 853 733 810 786 805 805 824 813 842 724 807 769 800 788 815 797 830 719 813 752 807 770 816 780 826 
915 1021 902 1002 902 968 900 930 885 899 967 941 972 892 947 873 920 864 956 935 956 889 930 871 905 866 942 933 939 894 914 883 893 881 929 933 926 904 909 892 892 890 671 900 717 909 758 895 796 886 827 889 749 830 800 827 824 841 838 853 736 815 790 810 808 831 815 849 727 813 773 807 791 823 799 839 723 819 755 815 772 826 783 838 
911 1019 909 998 913 965 910 930 898 899 979 941 998 898 989 872 975 855 963 933 969 893 948 877 929 874 945 931 948 896 929 885 913 884 930 933 928 908 913 899 900 897 676 910 722 917 764 900 803 890 834 893 751 834 804 830 829 843 844 856 740 822 793 817 814 836 824 854 732 822 777 816 796 831 807 847 729 829 761 825 780 834 792 846 
909 1020 915 997 922 964 919 928 906 898 985 942 1008 901 1004 876 995 854 967 932 974 895 956 876 937 867 947 929 949 895 928 886 910 886 930 932 925 908 910 903 897 904 682 920 729 925 771 906 810 894 841 896 754 840 807 834 833 847 848 860 742 829 794 822 815 841 825 860 734 831 777 824 798 839 809 856 731 839 762 835 780 845 791 859 
905 1027 916 1004 925 971 922 934 912 902 986 946 1013 905 1011 877 1003 854 966 935 970 895 950 880 930 875 944 931 943 894 920 892 902 897 927 933 920 907 905 906 893 911 683 928 727 934 770 915 811 902 844 901 756 849 810 837 837 847 854 859 744 838 797 828 820 844 833 861 737 839 781 832 802 846 815 862 735 847 767 842 785 853 797 866 
902 1030 915 1004 924 970 920 933 909 903 985 948 1012 907 1010 879 1002 855 965 937 972 898 956 879 937 868 943 932 941 897 919 891 899 892 925 935 917 910 903 907 890 910 685 936 732 941 773 919 813 906 847 903 756 853 811 840 840 849 860 860 745 843 800 837 824 857 838 875 738 844 785 844 806 861 818 879 736 851 771 852 789 865 800 880 
897 1031 910 1004 918 970 910 932 897 902 980 949 1006 907 1001 880 990 858 957 939 964 903 951 880 935 864 934 936 933 902 915 894 898 891 914 939 909 914 897 909 885 909 685 943 732 946 774 923 814 908 850 903 753 859 807 841 839 850 860 861 743 851 797 840 825 857 842 873 737 854 784 851 807 866 822 883 736 863 771 863 791 875 803 890 
888 1034 901 1006 906 968 895 929 882 902 970 949 995 907 991 880 979 859 946 938 954 898 939 879 924 869 923 936 920 902 899 903 881 909 904 941 897 916 884 915 872 920 685 948 733 949 773 926 812 911 848 903 753 860 804 834 836 844 854 858 743 858 793 847 821 863 837 880 736 866 779 866 802 880 816 897 734 878 767 879 785 890 795 905 
881 1034 886 1008 890 971 882 932 869 901 959 948 981 902 973 875 957 854 939 937 939 893 909 891 886 899 918 934 914 897 886 899 865 909 901 938 891 912 873 910 859 915 681 952 731 954 774 931 814 918 847 912 754 862 803 834 834 841 854 854 742 861 793 848 820 865 836 883 734 870 778 870 801 885 815 904 731 882 764 883 783 895 794 910 
875 1039 881 1013 885 974 878 933 862 902 950 950 969 904 962 876 948 854 930 940 928 895 901 899 883 911 909 936 903 899 878 905 861 918 892 940 882 915 866 915 853 923 677 955 729 960 773 936 813 921 845 916 753 868 802 834 834 840 855 852 740 866 792 847 822 860 841 875 731 872 775 868 801 880 818 895 729 884 761 882 783 893 797 907 
872 1043 877 1019 881 981 874 940 859 905 949 953 965 906 958 878 945 855 927 942 927 901 900 900 878 908 904 939 900 903 871 908 849 919 885 944 877 920 858 920 843 927 676 959 728 962 773 939 812 925 843 918 752 869 802 836 833 842 852 854 738 867 791 854 817 873 832 893 728 875 773 875 797 890 812 909 724 887 758 888 779 900 792 916 
874 1044 878 1022 882 984 875 942 860 907 949 955 968 909 959 881 945 858 928 944 929 901 902 903 883 913 906 940 903 903 877 909 859 922 888 944 877 918 860 919 848 928 674 958 727 963 772 941 812 926 844 920 752 873 803 839 833 847 852 861 738 869 792 856 820 874 835 893 729 875 773 876 797 893 811 911 724 886 757 889 778 902 791 919 
876 1047 881 1024 885 987 878 945 862 911 952 958 974 916 966 890 952 869 931 946 931 904 903 903 882 911 909 942 906 904 878 907 858 918 890 946 881 919 862 918 848 924 671 958 725 962 770 941 811 928 845 923 752 871 803 840 834 848 854 862 739 871 793 860 820 879 836 899 729 879 775 881 800 896 815 915 725 891 759 894 780 907 792 923 
877 1048 881 1026 886 990 880 946 864 911 955 964 976 918 966 890 949 869 934 951 930 907 899 904 874 910 912 945 906 906 875 907 851 916 893 948 883 921 863 919 847 924 667 956 722 963 767 943 807 928 841 923 749 874 797 840 828 848 846 862 733 869 786 851 815 866 833 884 724 874 767 869 794 880 811 896 719 885 750 882 772 891 786 905 
879 1050 883 1028 889 991 883 948 868 914 955 965 978 922 968 896 951 876 935 953 935 907 902 903 877 909 912 947 909 907 878 907 854 917 893 951 884 922 864 919 849 924 666 952 718 963 760 942 800 924 833 920 741 878 790 839 820 846 838 861 726 868 780 842 808 857 825 875 718 869 763 854 789 865 806 881 715 876 747 868 770 877 784 891 
882 1046 883 1029 889 993 883 951 869 916 957 966 979 921 966 896 944 880 938 950 935 903 899 903 874 914 917 942 912 899 879 903 857 916 898 944 888 914 867 913 852 922 662 946 714 958 754 937 792 917 825 911 737 875 786 838 811 851 821 868 721 861 774 831 799 849 811 869 711 859 757 842 783 855 796 873 706 865 741 856 763 866 775 881 
884 1045 884 1028 887 993 881 953 869 919 956 964 973 921 960 896 938 877 936 948 932 897 899 888 871 890 916 941 912 895 879 898 854 910 899 943 890 913 869 912 852 921 659 941 707 953 747 934 785 912 816 903 737 871 787 847 808 864 813 881 721 854 775 828 798 847 805 868 710 849 755 827 779 841 790 859 703 853 736 836 757 843 767 856 
886 1046 882 1031 885 998 879 955 863 921 953 968 961 925 947 900 928 879 936 950 936 894 909 875 883 867 916 940 909 894 877 898 853 910 897 941 886 912 866 912 850 920 650 942 701 951 741 933 777 911 809 903 732 873 782 857 795 871 796 884 716 854 767 833 788 847 795 862 701 848 742 823 765 833 777 846 689 850 718 829 738 831 750 839 
887 1057 879 1034 882 999 876 956 858 925 948 977 958 931 941 907 919 891 936 962 935 907 909 884 883 874 920 957 913 911 883 903 857 903 905 960 892 931 871 925 852 923 647 944 698 952 736 937 770 916 799 908 730 876 776 869 790 884 793 897 712 858 758 838 783 845 796 857 694 853 728 827 752 828 768 835 677 856 699 831 716 826 731 827 
887 1065 877 1039 878 1001 871 957 853 928 944 979 948 930 927 908 903 893 933 968 922 919 891 902 860 896 917 965 903 923 873 912 845 909 902 969 887 941 865 931 844 926 647 945 697 955 736 939 767 919 794 911 730 880 772 875 787 889 792 901 711 862 752 840 778 844 794 853 691 857 722 828 747 825 766 828 674 861 692 834 708 825 723 823 
889 1069 873 1042 871 1004 865 961 849 928 937 986 939 935 919 913 898 898 934 978 922 930 898 908 873 897 922 976 903 937 877 921 852 911 911 978 892 952 870 941 849 932 644 948 695 959 734 943 763 922 788 913 732 883 770 881 783 892 790 901 713 865 751 846 776 846 792 850 692 860 721 831 744 825 761 825 674 864 689 835 703 823 716 817 
892 1067 868 1043 863 1005 861 965 853 936 933 988 927 935 904 913 880 899 938 980 922 925 895 903 869 892 932 976 912 931 888 916 864 907 924 975 906 947 888 935 871 926 646 946 694 960 734 946 763 926 786 919 735 889 772 884 787 891 795 899 716 870 751 850 775 847 790 850 695 864 720 834 741 825 757 824 675 865 687 837 698 823 709 815 
888 1071 864 1041 859 997 855 956 841 931 923 990 918 936 899 916 882 903 934 988 918 939 895 921 874 913 933 989 912 950 891 937 872 930 928 990 909 966 892 956 876 949 649 948 695 961 733 949 761 931 783 925 736 894 768 884 780 891 785 899 718 875 750 851 772 846 787 845 697 866 720 836 740 826 754 821 676 867 685 838 694 823 703 814 
886 1068 860 1046 854 1006 850 966 836 937 921 986 906 932 881 913 858 904 927 980 901 927 869 915 842 913 923 977 896 932 867 925 842 924 915 977 893 947 872 938 853 934 649 950 695 964 732 951 757 932 777 926 736 896 768 887 781 891 786 897 718 877 750 853 771 847 785 844 696 869 719 839 737 827 751 822 675 869 683 841 690 825 697 815 
883 1070 855 1047 847 1006 843 966 828 939 913 987 897 935 873 916 852 906 920 981 894 932 866 919 844 914 918 979 889 939 862 931 842 929 911 979 889 953 869 947 852 944 649 950 696 964 732 951 756 933 775 927 738 898 768 888 778 893 781 899 719 879 749 856 769 848 783 843 697 871 718 842 735 829 749 823 675 871 680 843 685 826 690 815 
878 1069 849 1047 841 1006 837 965 823 938 903 984 886 935 862 916 839 906 913 977 885 928 855 913 830 908 912 975 881 935 854 926 830 923 906 977 883 949 863 940 844 934 649 952 695 966 732 953 754 931 772 922 736 900 765 888 775 892 778 897 717 881 747 857 766 847 778 841 695 873 716 843 733 829 745 821 673 874 678 844 682 826 687 813 
875 1068 843 1045 833 1004 828 966 815 943 892 983 876 936 856 919 836 910 908 979 883 932 859 917 838 912 913 980 886 939 864 929 845 927 909 981 889 951 872 941 855 936 649 951 696 966 731 953 752 931 769 922 736 901 765 891 774 893 777 895 717 882 746 859 764 848 775 839 695 874 715 845 730 830 742 821 672 875 675 847 678 829 682 817 
871 1063 838 1042 827 1003 822 965 808 942 883 981 865 933 843 918 823 910 901 977 872 927 847 913 824 906 906 975 876 933 853 922 832 919 903 977 880 947 863 937 846 932 651 952 696 966 730 953 749 931 764 920 737 902 762 892 773 891 778 891 718 883 743 861 760 849 770 840 695 875 714 846 728 831 739 820 672 876 673 846 677 827 680 813 
868 1060 832 1040 819 1003 816 968 807 946 875 985 862 938 841 920 820 911 892 978 868 928 842 909 818 899 897 976 872 931 848 916 825 908 893 975 874 941 855 928 837 919 653 952 697 966 730 954 746 934 757 924 735 902 762 888 774 888 779 889 716 884 741 861 757 849 767 840 693 876 711 846 724 831 734 820 670 878 672 847 674 828 677 813 
865 1056 829 1038 815 1004 810 970 801 948 869 982 854 936 833 920 812 914 887 976 861 928 836 910 813 902 893 973 865 930 841 913 818 905 889 972 866 939 847 925 828 916 652 951 694 965 727 953 740 934 749 923 734 902 759 888 769 887 773 887 715 884 739 861 753 849 763 839 692 877 710 848 722 833 731 822 669 877 670 848 672 830 675 816 
863 1053 825 1037 809 1004 804 969 797 947 857 980 846 933 826 918 807 913 877 974 855 926 831 909 809 902 885 971 860 928 837 914 815 907 884 971 863 937 844 925 826 919 653 950 696 964 729 953 742 934 749 925 733 901 754 887 759 888 760 891 713 884 736 860 751 849 759 840 690 876 707 848 718 832 727 821 667 877 667 849 669 831 671 818 
860 1051 822 1035 806 1002 799 968 790 947 852 978 840 929 821 915 803 913 872 973 851 923 828 908 807 905 881 971 858 926 837 914 817 912 882 970 861 937 844 926 827 923 653 948 696 962 729 950 742 931 746 921 730 899 752 884 762 880 769 878 710 883 733 860 747 848 757 838 687 877 704 848 714 833 723 822 665 878 665 851 666 833 668 820 
859 1049 822 1034 804 1001 795 968 783 947 848 979 834 929 816 916 798 913 868 972 845 922 821 906 800 902 877 968 852 923 829 911 808 908 878 967 855 933 836 922 818 918 652 946 695 961 728 949 741 931 747 921 728 897 750 881 762 876 770 873 708 882 729 859 744 846 754 837 685 875 700 847 710 832 719 822 663 876 662 850 662 832 663 819 
857 1047 820 1029 801 996 791 964 783 942 844 974 831 922 812 909 795 908 865 969 843 918 820 906 800 904 876 966 851 922 830 911 811 910 878 965 856 933 838 923 821 919 652 944 694 960 728 948 741 930 746 920 728 894 749 880 761 874 768 871 707 880 727 857 740 846 750 838 685 874 698 848 707 835 715 827 663 875 661 848 661 831 662 818 
857 1045 819 1027 801 994 792 962 785 937 842 971 830 919 811 907 794 907 864 966 842 916 819 904 799 902 876 965 850 920 829 912 810 911 879 965 856 932 837 924 821 923 649 943 691 960 724 950 739 934 740 924 725 895 748 880 760 874 767 870 705 881 726 860 740 850 750 843 683 876 697 853 706 844 714 839 663 878 662 856 662 842 663 833 
858 1045 820 1026 802 993 795 961 787 939 842 969 828 918 811 908 797 911 865 964 842 916 821 909 805 913 877 964 852 921 833 917 818 922 880 965 859 934 843 929 830 932 648 941 689 960 724 950 740 934 742 923 724 894 749 878 761 872 770 869 703 880 725 859 739 851 749 847 682 875 701 855 712 849 721 847 662 876 670 857 678 852 684 852 
855 1044 817 1022 801 988 795 956 788 935 840 964 825 916 808 908 794 910 864 960 842 915 820 908 804 912 878 962 855 922 835 917 820 922 883 966 865 938 849 932 836 933 648 942 689 960 724 950 739 935 739 925 724 894 749 880 762 874 771 872 703 881 726 860 741 852 752 848 683 877 702 858 713 853 721 852 665 879 680 864 690 860 697 862 
855 1044 816 1023 799 989 795 954 791 931 838 964 824 916 809 906 796 905 863 961 843 914 823 908 809 912 878 962 857 923 839 918 826 922 883 966 867 939 852 932 841 934 646 942 688 961 724 950 740 934 738 924 724 894 751 878 764 872 774 870 703 881 725 859 741 852 752 850 682 877 701 860 714 854 723 854 666 881 682 872 694 871 702 874 
854 1045 816 1023 799 987 794 952 788 926 836 966 820 919 806 905 794 900 862 961 841 914 822 907 807 909 877 961 855 922 837 917 825 920 884 965 864 938 849 932 839 934 645 944 687 962 722 951 738 937 741 927 724 894 752 878 765 873 774 870 703 881 727 859 742 853 752 853 682 878 702 859 716 854 726 855 665 882 682 874 694 874 701 879 
854 1043 815 1022 798 989 793 956 788 931 832 961 813 918 800 904 790 897 858 955 835 910 816 903 802 904 874 957 853 920 835 914 824 918 883 963 866 937 852 930 841 931 644 947 687 964 721 953 736 939 740 929 723 895 750 879 763 874 773 872 702 882 726 860 742 855 753 855 681 879 701 859 715 854 726 854 665 883 681 874 694 873 702 877 
852 1042 814 1020 797 988 791 955 785 930 827 959 808 920 795 906 786 896 852 951 830 910 812 904 800 906 869 952 851 916 834 912 824 917 878 957 866 932 852 926 843 928 644 946 687 963 722 952 738 937 739 928 723 896 749 880 763 874 773 872 701 883 726 860 743 854 754 853 680 880 700 860 713 855 723 856 664 884 680 875 692 875 699 880 
850 1038 812 1019 793 987 785 956 778 934 819 955 801 918 789 905 781 897 844 948 825 907 808 904 800 909 863 949 848 912 832 910 825 917 873 955 867 928 854 922 847 926 643 946 685 964 721 953 739 938 742 929 722 898 749 881 762 874 771 871 702 884 727 861 744 854 755 853 681 880 701 859 716 855 726 856 665 883 681 872 693 871 701 876 
846 1033 808 1015 788 985 779 957 768 938 813 950 795 916 784 903 776 894 839 942 819 905 803 900 794 903 858 944 843 909 828 906 820 910 871 950 865 924 853 919 845 921 643 946 685 965 721 955 738 940 738 930 722 898 748 881 761 874 771 870 702 884 727 860 743 853 755 851 681 880 701 858 715 854 724 856 665 882 681 871 692 869 700 873 
842 1029 805 1013 785 983 778 954 772 933 808 948 791 913 780 900 771 892 834 940 813 901 798 898 790 903 854 940 838 904 823 902 816 907 867 946 860 918 848 913 841 915 644 946 685 965 721 955 738 939 738 929 722 898 749 880 762 872 772 869 702 884 727 860 744 853 755 850 682 879 701 858 716 853 726 855 665 881 681 870 693 869 700 872 
839 1027 802 1011 783 981 776 952 769 932 803 946 786 911 776 899 769 892 828 937 809 900 793 893 783 896 849 938 834 902 819 898 811 902 862 944 858 917 847 909 839 910 647 947 688 965 723 954 738 937 738 925 724 898 751 880 765 873 774 870 704 884 729 859 746 852 758 850 682 879 701 858 715 854 724 856 665 883 679 871 690 870 697 875 
836 1024 798 1009 777 983 764 961 752 947 796 943 781 909 771 897 764 893 822 935 804 898 789 891 779 892 843 936 829 900 815 894 807 897 858 942 853 914 842 905 834 906 647 948 688 965 722 954 738 938 738 925 725 900 752 880 766 873 776 869 704 885 731 861 749 853 761 850 682 880 702 858 714 855 722 858 665 883 678 872 687 873 692 881 
832 1019 794 1006 776 980 768 955 759 937 793 940 775 901 764 891 758 889 820 932 799 893 783 887 775 889 841 934 825 897 810 891 802 894 854 941 849 911 837 902 829 903 648 948 689 966 723 955 738 937 737 924 725 902 752 882 765 874 775 870 705 886 732 862 749 854 761 851 684 880 703 858 716 854 725 856 666 882 680 870 690 871 696 877 
830 1018 791 1004 770 978 760 953 751 937 791 938 772 901 759 893 752 892 817 929 795 892 779 884 768 882 838 929 821 894 805 885 794 884 851 935 844 907 833 896 823 894 647 948 690 966 724 954 739 936 737 922 726 901 752 882 766 874 775 870 705 885 732 861 749 854 761 851 683 879 704 857 717 853 726 855 666 882 681 869 692 870 699 876 
827 1016 788 1002 769 975 763 948 758 931 788 935 770 899 758 891 751 890 814 926 792 889 776 882 767 880 834 927 817 892 802 883 792 883 848 934 840 906 829 897 820 896 647 947 688 966 723 955 738 937 735 924 725 900 752 881 766 874 775 871 705 884 732 862 749 854 762 852 683 879 703 857 716 853 725 855 665 881 678 871 687 873 692 880 
825 1016 787 1000 768 973 759 947 752 929 786 933 768 899 758 892 751 891 812 925 791 890 776 881 767 878 832 926 816 892 802 882 792 881 846 933 840 905 829 895 820 893 647 948 688 966 723 955 738 937 734 924 725 901 752 882 766 875 776 871 705 885 733 862 750 855 763 852 684 878 704 856 716 853 724 856 666 880 679 866 688 867 693 873 
824 1013 786 1000 767 975 759 950 752 932 785 931 768 896 757 890 750 891 811 923 790 887 775 880 767 880 832 924 815 891 801 882 791 881 845 931 837 904 826 895 817 895 647 948 688 966 722 955 737 937 734 925 725 901 752 882 766 875 776 871 705 886 733 863 751 855 763 851 683 880 704 856 716 852 724 854 665 882 675 866 683 866 688 871 
827 1014 788 999 769 973 761 946 755 927 786 931 769 897 756 893 750 895 812 923 792 890 777 886 770 888 832 925 816 893 801 887 793 889 847 932 839 906 828 897 820 897 647 949 690 966 723 955 737 937 736 926 725 900 752 883 765 877 775 873 704 885 734 863 752 856 764 853 683 879 705 855 719 851 729 852 666 880 680 863 690 861 698 866 
830 1015 790 1000 770 973 762 947 754 929 789 931 770 902 758 894 750 891 815 923 793 893 777 884 767 880 835 925 817 895 802 885 792 881 848 932 838 906 827 896 817 893 648 948 691 965 725 954 739 935 736 924 725 900 753 882 768 875 778 871 705 884 735 863 753 856 765 853 684 878 704 854 718 849 729 850 666 879 680 862 690 859 698 863 
835 1019 795 1004 775 977 766 953 757 936 795 934 776 907 764 898 757 894 821 927 798 898 782 890 771 887 841 930 823 901 808 891 798 888 854 939 845 918 836 909 828 906 648 947 691 964 725 954 739 935 737 924 725 898 754 882 768 876 778 872 705 883 735 862 754 856 766 854 684 878 706 854 721 849 732 851 666 880 678 861 688 857 697 860 
841 1021 800 1007 778 980 767 955 756 938 799 936 776 909 762 897 753 889 824 929 798 900 780 888 767 879 843 931 823 903 806 890 794 882 855 939 843 916 830 904 820 900 651 946 693 962 726 952 739 934 739 922 727 897 756 882 770 875 780 872 707 882 739 861 757 855 770 853 687 876 710 852 724 847 735 849 669 876 683 856 694 851 704 854 
848 1025 807 1012 784 985 772 960 762 942 804 940 782 916 770 910 762 907 828 933 803 907 786 899 775 896 846 936 826 910 810 902 799 900 858 946 845 924 832 916 823 916 651 944 695 960 729 948 742 928 743 917 728 895 757 880 773 875 783 872 709 879 741 860 761 854 774 851 689 874 710 850 725 844 737 844 669 874 680 851 690 846 698 846 
855 1027 815 1017 792 994 781 972 769 957 809 946 783 923 769 917 761 914 832 939 806 912 788 907 777 905 850 941 830 917 813 910 802 908 860 950 846 929 833 922 823 922 653 943 695 959 729 948 743 930 740 920 730 891 761 878 776 875 787 873 712 876 744 857 764 852 779 849 691 870 713 846 730 839 743 838 672 871 682 848 692 838 701 834 
863 1031 821 1021 797 996 783 975 767 962 814 952 787 932 773 925 764 919 837 944 810 920 792 914 781 911 855 946 833 923 816 916 805 913 867 954 850 937 836 930 825 929 657 938 700 954 734 944 749 927 746 916 736 888 768 876 783 874 794 874 717 872 749 854 770 849 785 847 696 867 718 841 734 833 748 831 676 869 683 844 690 830 698 823 
874 1035 831 1028 805 1002 790 979 772 968 821 957 794 938 780 931 770 924 844 948 816 925 799 920 787 918 862 949 837 927 820 920 809 919 873 956 855 937 840 931 829 930 660 933 703 951 739 941 758 924 767 914 742 884 774 873 788 873 798 876 724 867 754 850 775 846 790 847 703 861 725 837 742 829 755 827 683 863 690 838 697 825 703 818 
886 1035 842 1032 814 1006 798 982 780 972 827 960 801 941 787 933 778 928 850 950 822 928 803 925 791 923 867 949 842 928 823 923 811 923 879 953 859 936 845 931 833 932 667 930 709 947 745 938 763 924 771 915 748 880 780 870 794 873 804 879 730 863 761 847 782 844 797 845 710 857 733 835 750 827 763 826 691 858 698 834 704 820 710 813 
899 1035 855 1031 827 1004 808 981 789 971 844 959 810 943 792 939 780 935 864 948 829 928 807 925 792 925 879 948 849 928 828 924 814 923 888 954 867 937 852 933 840 934 673 924 714 942 751 934 773 919 786 913 757 875 789 867 802 872 810 879 740 858 770 843 790 842 804 846 719 852 743 830 760 824 773 825 699 852 708 828 715 814 721 805 
915 1038 872 1029 844 1000 824 976 802 965 873 956 835 937 813 933 796 931 890 947 850 929 825 925 806 926 899 947 861 930 837 925 819 925 900 952 869 937 848 931 831 928 681 918 722 937 759 929 780 913 794 902 767 869 798 861 810 866 818 875 749 852 779 839 799 841 812 849 729 846 755 826 773 823 786 828 709 846 718 822 726 808 733 799 
931 1039 892 1025 864 993 842 968 823 955 901 953 865 929 841 922 822 918 914 946 876 924 851 918 831 917 919 946 882 928 860 921 841 920 917 951 887 934 867 926 850 924 691 912 733 930 769 922 790 907 807 899 777 863 809 857 820 863 826 870 760 846 790 835 808 838 820 846 740 839 767 822 784 822 796 827 720 839 732 816 742 804 749 797 
943 1040 910 1021 886 983 867 955 851 939 930 948 890 921 862 911 840 903 939 944 900 919 872 909 847 904 940 946 905 925 880 917 859 914 935 951 908 931 886 921 868 918 703 903 745 923 785 914 808 898 821 890 791 855 822 849 832 855 835 863 773 838 805 829 820 835 826 844 753 831 780 817 796 820 805 827 732 830 747 809 760 802 770 800 
955 1035 925 1012 908 973 895 942 882 926 959 946 926 912 900 900 879 893 967 942 931 910 904 898 880 892 965 943 931 915 906 903 884 897 959 946 931 921 911 909 892 902 712 893 753 914 792 909 816 895 832 889 808 846 838 843 846 853 848 862 790 826 821 821 832 832 835 844 770 817 798 809 811 817 818 827 750 814 771 802 784 806 791 813 
968 1029 942 1003 930 964 919 934 909 916 982 937 948 900 920 891 899 888 990 938 955 906 926 899 902 900 988 943 955 915 931 909 911 909 982 949 956 927 935 921 916 921 724 884 767 905 808 900 830 885 840 878 821 839 849 837 857 846 859 855 802 820 832 817 842 829 845 842 781 812 808 806 820 815 825 827 761 810 781 800 793 804 801 812 
979 1027 955 994 949 953 940 923 929 906 999 934 971 897 947 886 927 882 1007 937 978 902 951 893 927 893 1005 942 975 913 953 907 933 906 999 948 975 926 955 919 938 918 734 874 776 897 818 894 842 881 858 879 829 836 858 832 867 839 871 848 811 817 841 812 850 823 852 836 792 807 818 801 828 811 832 823 773 805 794 800 806 807 811 815 
988 1023 968 990 963 949 956 919 946 901 1014 932 989 893 965 881 946 875 1018 936 993 900 969 887 945 881 1014 941 989 910 969 901 951 896 1007 946 987 924 971 917 954 913 746 864 787 889 829 888 852 876 865 878 842 830 868 828 877 836 882 845 824 811 851 809 859 820 861 833 804 802 829 799 839 808 843 819 785 799 805 799 816 806 821 815 
993 1018 975 983 972 943 967 912 958 893 1023 931 1000 891 977 879 959 872 1028 935 1002 898 979 885 956 879 1024 940 998 909 978 901 961 897 1017 944 997 924 981 918 967 916 760 857 800 882 839 882 863 874 881 880 854 826 878 826 885 834 887 843 836 807 859 806 866 817 866 829 816 798 838 796 845 806 847 817 797 795 814 795 823 804 826 812 
995 1011 979 978 977 940 972 911 965 891 1029 928 1010 889 988 876 971 868 1035 933 1012 897 989 883 967 876 1032 939 1008 909 988 899 970 895 1026 944 1007 923 991 915 974 912 771 850 809 876 847 878 872 874 889 881 861 824 885 822 892 829 894 837 843 805 866 802 873 812 873 823 823 796 844 794 851 803 852 813 804 793 820 795 828 803 829 811 
995 1006 980 972 980 936 975 909 968 890 1031 925 1015 887 997 872 981 862 1035 931 1016 895 994 882 973 876 1032 937 1011 907 990 899 971 895 1025 942 1009 922 992 914 975 910 784 844 818 872 851 877 870 867 881 861 870 820 894 818 897 826 895 835 852 801 874 798 877 808 872 818 832 792 850 791 854 801 851 811 813 790 825 792 829 801 828 808 
996 999 980 967 980 932 976 904 969 886 1029 918 1017 882 1000 868 985 859 1035 925 1019 889 997 877 977 872 1032 931 1013 901 993 893 975 890 1025 936 1011 916 995 907 978 904 796 837 828 863 857 870 877 864 886 862 876 815 899 812 902 819 900 828 859 797 879 795 880 805 876 815 840 789 855 789 856 799 852 809 821 787 830 790 832 798 829 806 
997 992 980 960 979 927 974 901 968 883 1027 914 1016 878 1001 865 989 855 1034 920 1024 884 1006 871 988 864 1031 926 1019 897 1001 887 984 883 1025 932 1013 912 999 903 983 899 806 830 836 858 863 866 880 860 885 854 881 811 903 806 907 812 905 820 865 794 883 789 885 799 880 808 845 786 859 785 861 795 856 804 827 784 835 786 837 793 834 801 
997 983 979 953 977 921 972 895 966 878 1024 907 1013 872 999 859 988 849 1032 913 1023 878 1007 864 991 856 1032 919 1022 890 1007 879 992 874 1027 924 1018 904 1006 894 993 889 813 826 840 853 864 859 880 855 884 849 883 808 903 800 909 804 909 811 866 791 884 782 886 790 883 798 847 783 861 780 862 788 857 797 829 782 835 782 835 788 831 795 
995 977 978 948 974 916 970 891 965 874 1020 904 1012 869 1001 855 991 844 1029 910 1021 877 1007 862 993 853 1029 917 1021 889 1008 878 994 872 1025 922 1017 902 1006 892 992 888 817 822 844 849 867 853 882 849 887 847 885 802 904 796 909 800 908 807 867 787 885 778 887 786 884 795 847 780 860 778 862 787 857 795 830 780 836 780 837 786 834 792 
994 967 975 940 972 910 969 886 964 871 1017 897 1010 864 999 850 989 839 1027 904 1022 872 1007 859 994 852 1028 911 1023 884 1011 873 999 868 1025 916 1021 896 1012 887 1001 882 819 819 847 846 870 850 883 844 884 841 883 799 904 791 910 793 911 799 865 784 884 774 887 781 884 791 846 779 860 777 861 785 857 793 828 780 836 780 838 785 835 791 
992 961 973 934 971 904 967 881 963 866 1015 893 1009 859 998 845 989 835 1025 899 1021 867 1006 854 993 848 1027 906 1022 879 1010 869 997 865 1024 912 1019 892 1011 883 1000 878 819 817 849 843 871 845 884 841 885 837 883 795 901 788 908 787 912 790 864 782 882 772 886 777 886 785 845 778 859 774 860 782 857 790 828 780 836 778 838 784 835 790 
991 954 970 929 968 899 965 878 962 865 1011 887 1006 854 996 839 986 829 1023 894 1020 861 1006 848 993 842 1026 900 1024 872 1012 860 1000 855 1023 905 1021 884 1014 873 1004 867 820 815 850 841 872 842 883 838 887 833 882 794 899 785 908 782 912 780 863 780 878 772 882 775 882 780 844 777 857 772 860 777 858 784 827 780 835 778 837 782 834 788 
989 948 967 923 964 890 960 866 955 850 1005 879 1001 847 992 834 983 825 1018 885 1015 854 1001 841 988 835 1022 892 1019 865 1007 853 995 848 1020 897 1017 875 1010 865 1000 859 822 814 851 840 873 841 886 835 891 831 882 793 899 782 908 779 912 777 863 780 878 772 883 776 883 780 845 777 859 771 863 776 862 782 828 780 837 778 839 782 837 788 
985 942 963 918 960 886 956 865 951 850 1003 872 998 842 988 828 980 819 1014 879 1012 849 998 838 985 833 1017 886 1015 859 1003 848 991 844 1015 891 1011 870 1004 859 994 854 818 814 849 840 873 840 885 836 891 831 880 793 895 783 903 779 907 777 862 781 875 772 881 774 883 777 845 778 857 772 862 774 864 780 828 782 838 779 841 781 840 787 
982 938 959 915 955 885 952 864 946 850 997 868 993 837 985 822 977 812 1009 875 1008 843 996 830 985 823 1013 882 1012 854 1002 841 992 834 1011 887 1010 865 1004 853 996 846 816 812 851 839 879 837 896 833 908 827 880 794 894 786 902 781 906 779 863 782 878 777 887 777 892 777 847 778 860 774 868 774 873 777 832 781 844 779 850 780 852 783 
980 934 956 913 951 883 947 861 941 846 990 863 988 830 981 816 974 806 1003 869 1003 835 991 823 981 817 1007 876 1008 847 998 834 989 827 1007 881 1007 858 1002 845 995 839 818 812 849 840 872 840 883 836 888 831 882 798 893 788 901 781 905 779 868 785 884 777 893 775 899 774 854 779 867 771 873 771 875 774 842 780 854 775 860 775 860 778 
977 932 952 910 947 879 943 858 937 845 985 858 983 826 978 811 972 801 999 864 999 831 990 817 981 809 1004 870 1005 841 997 827 989 818 1003 876 1003 852 999 839 991 830 819 813 848 840 872 841 883 837 888 833 882 797 893 785 902 777 906 773 868 783 884 774 894 772 900 771 853 778 866 769 871 772 872 777 840 780 851 777 856 780 855 785 
975 927 949 906 944 876 940 855 935 841 980 854 978 822 974 806 969 795 995 859 996 826 989 811 982 801 1002 864 1002 835 996 820 989 810 1001 869 1001 845 998 831 991 822 819 815 847 841 870 841 882 837 888 834 880 797 892 783 901 774 907 769 865 784 879 774 887 774 893 776 850 779 863 769 869 771 871 776 837 781 848 776 852 779 852 785 
973 922 947 901 941 874 938 853 934 839 978 851 976 819 971 802 966 790 994 855 995 820 987 804 979 793 1001 860 1000 830 993 814 986 803 1000 864 998 840 994 826 987 816 820 816 848 840 870 840 882 836 888 834 878 794 892 779 902 770 908 764 862 782 875 771 880 773 882 778 845 779 859 770 864 772 865 779 831 783 842 780 845 784 844 791 
971 920 945 898 938 871 935 851 931 838 976 846 972 813 967 795 963 781 993 850 992 816 986 799 980 787 1000 855 999 827 993 811 986 799 1001 860 999 838 995 825 988 816 819 815 849 840 872 839 885 836 893 835 880 792 893 778 902 768 908 762 864 782 879 770 888 769 895 769 848 779 861 768 868 768 871 772 835 783 845 779 850 780 850 784 
969 915 942 894 935 866 933 846 930 833 972 842 968 809 964 792 960 779 990 846 990 812 985 795 979 782 999 852 999 824 993 808 985 797 1000 857 1001 837 997 825 991 816 819 816 848 838 873 839 886 834 889 832 879 791 892 775 901 764 908 759 863 781 876 773 878 780 876 788 849 778 864 769 867 776 865 784 837 781 850 775 854 780 852 787 
967 913 940 893 933 865 930 845 927 833 968 840 964 806 961 788 958 774 987 844 987 810 982 792 977 780 997 851 998 822 992 807 985 796 1000 857 1003 837 999 825 993 817 820 816 850 837 874 836 886 831 890 829 878 790 891 773 901 763 908 757 861 780 874 769 878 774 879 780 845 778 860 768 864 773 864 781 833 781 846 776 849 781 848 787 
967 912 939 891 930 863 927 841 921 826 967 838 962 802 957 784 952 772 987 843 987 806 980 788 974 776 997 850 1000 819 992 802 984 793 1000 858 1005 834 1000 821 994 814 822 813 852 835 875 834 887 828 893 825 881 786 893 770 902 759 908 753 864 776 876 762 881 763 885 766 848 775 860 763 866 765 868 771 835 780 845 775 848 778 848 783 
966 907 939 886 930 857 923 834 914 820 967 832 962 797 957 780 953 767 987 837 988 801 982 784 975 774 998 845 1002 816 994 802 985 795 1002 854 1005 833 1000 821 993 815 823 811 853 832 876 829 889 824 895 821 883 781 895 764 904 753 911 746 866 771 878 757 883 760 885 765 850 771 862 759 867 762 868 769 836 776 847 771 849 774 848 781 
966 904 940 883 931 855 924 833 916 819 966 828 964 793 960 775 957 761 987 832 991 796 981 781 971 775 999 840 1003 810 994 795 985 789 1003 850 1007 828 1001 816 994 809 828 807 858 828 882 825 896 818 903 815 886 777 899 759 908 748 914 741 869 767 880 751 885 752 888 756 853 766 865 752 870 755 871 761 840 771 850 765 852 768 852 774 
967 901 940 879 930 851 922 830 912 818 965 824 963 790 961 773 958 759 988 828 993 793 982 784 971 784 1001 837 1006 807 995 797 986 797 1006 846 1009 826 1002 816 994 813 830 805 862 824 887 820 900 812 907 811 888 771 901 754 910 742 916 735 872 761 884 746 888 750 888 757 858 760 870 744 874 750 873 758 845 765 856 755 858 759 857 767 
967 897 939 877 929 849 922 828 910 816 966 820 961 786 953 772 948 764 989 825 992 787 977 783 966 787 1002 834 1006 803 993 798 984 800 1007 844 1009 824 1000 816 992 816 834 800 866 817 895 813 911 809 922 815 891 766 903 749 913 737 919 730 875 756 888 741 894 745 897 751 862 755 875 739 880 743 881 751 852 759 863 746 868 748 869 754 
966 896 939 874 929 846 923 824 914 812 965 817 961 782 951 771 945 769 988 822 988 785 973 781 962 785 1001 832 1003 801 990 797 981 801 1007 843 1008 823 998 817 990 818 838 796 870 814 896 809 909 801 915 800 895 760 906 744 914 733 920 725 879 751 892 738 899 740 904 743 866 750 878 735 882 741 883 749 857 754 868 742 872 745 873 751 
966 894 937 871 925 844 918 824 914 811 965 815 963 779 951 773 943 776 988 820 986 784 970 783 960 789 1001 829 999 798 987 796 978 801 1008 839 1006 819 997 815 990 817 837 795 875 812 901 805 912 800 917 799 896 753 908 738 917 727 923 721 880 747 893 737 903 736 911 735 867 748 879 738 888 738 893 741 859 754 870 745 878 744 881 747 
964 893 935 870 922 844 912 824 908 811 965 813 963 781 951 776 941 779 986 819 984 785 970 783 960 788 998 829 997 801 984 797 976 799 1003 840 1003 820 994 814 986 814 834 790 874 805 902 801 916 796 924 790 893 750 906 736 915 728 921 722 878 745 894 734 905 733 913 731 867 746 881 736 891 737 896 740 861 751 873 743 881 743 884 747 
962 894 934 872 919 843 908 820 905 807 964 813 961 782 949 776 938 779 983 818 977 787 963 785 953 789 995 828 989 801 976 797 966 799 1000 838 999 817 989 810 980 810 835 790 873 802 900 796 915 790 924 788 891 748 904 732 913 723 919 718 876 743 891 731 903 730 911 730 865 744 879 733 889 734 896 737 859 748 871 739 880 739 884 742 
961 898 932 872 918 841 906 818 902 806 965 813 963 784 952 777 940 778 982 822 977 792 963 786 951 787 990 832 985 808 974 800 963 799 993 843 990 823 982 814 973 810 834 787 873 799 899 792 913 786 922 785 888 744 900 728 909 718 914 712 874 740 888 726 899 722 907 719 863 741 875 730 886 728 893 729 857 747 867 737 876 734 881 735 
961 900 933 873 921 842 909 820 900 805 967 814 963 784 952 778 942 777 982 823 978 794 964 786 953 784 987 834 982 812 973 802 962 799 988 844 984 826 978 816 969 812 836 788 875 799 901 788 914 782 923 782 886 741 895 722 902 709 906 701 871 737 883 723 893 716 900 711 859 740 872 729 883 725 891 724 853 747 865 737 873 734 878 735 
958 901 931 872 921 839 911 817 900 803 970 817 964 787 952 779 942 776 982 825 977 796 964 786 950 782 985 835 979 812 969 801 956 798 985 844 978 826 970 816 959 811 838 788 875 798 900 787 914 781 925 780 885 739 891 717 897 704 901 695 870 736 881 719 890 712 897 707 860 739 872 727 881 727 887 730 855 744 866 734 874 734 878 738 
955 902 930 872 922 838 912 816 903 803 973 822 969 788 958 779 947 777 985 831 979 799 965 788 951 785 987 841 979 815 967 804 954 801 986 847 979 828 970 818 958 814 828 790 870 797 896 785 913 782 926 782 881 740 888 719 895 707 898 698 866 738 877 720 886 711 893 705 856 741 867 728 878 721 886 717 850 749 863 738 872 732 878 731 
952 905 928 875 922 842 913 820 904 807 976 824 974 789 962 777 950 775 986 834 980 803 965 791 951 787 988 844 979 818 966 807 952 804 985 851 979 831 968 821 955 818 821 796 867 797 896 788 915 787 931 786 878 743 885 724 892 715 896 712 863 744 875 730 886 727 895 728 851 750 864 741 877 738 886 739 844 758 857 750 868 749 875 750 
951 911 925 878 919 842 910 818 904 806 974 828 977 791 965 777 954 772 985 838 983 802 968 787 953 782 987 847 978 819 964 806 950 802 984 854 976 833 964 823 952 818 816 802 860 804 893 796 916 795 935 794 883 747 900 739 911 738 916 740 868 750 886 747 898 750 906 754 856 758 874 757 886 760 894 763 847 768 864 766 873 767 880 770 
944 915 919 881 915 844 913 822 914 813 972 832 978 796 965 781 952 776 981 842 982 809 965 793 949 787 982 851 977 823 962 809 947 805 979 858 973 838 961 826 947 822 807 811 853 815 890 805 915 804 936 802 881 758 903 752 915 759 921 767 864 760 887 760 902 768 912 779 852 768 874 773 890 780 900 791 844 780 862 783 874 788 882 796 
938 923 913 890 910 854 907 832 906 821 970 839 976 802 961 785 948 780 980 848 981 813 962 797 944 791 982 857 978 825 961 811 944 806 977 861 973 837 960 825 945 820 801 826 845 831 885 820 911 817 931 817 878 768 904 773 917 791 920 805 863 770 888 779 901 796 907 812 850 779 875 790 889 804 896 818 841 791 863 797 874 807 880 819 
937 937 913 905 907 869 898 847 890 839 971 849 975 809 959 793 944 790 980 858 975 820 954 806 936 803 980 867 974 833 956 821 939 818 976 872 970 847 956 835 942 832 793 837 833 844 875 831 903 824 927 819 874 778 900 776 916 787 924 797 861 780 886 784 901 797 912 810 850 788 873 796 889 806 900 818 842 800 863 805 875 813 883 821 
939 961 913 930 907 893 897 867 881 854 963 869 969 822 955 802 940 795 977 875 979 828 960 811 941 807 979 881 979 841 961 827 944 823 977 886 975 854 962 842 946 838 783 848 823 853 863 840 893 831 918 822 860 789 887 778 897 795 896 810 850 792 876 786 890 802 895 818 841 800 866 800 880 812 887 825 834 812 856 811 868 820 874 831 
941 974 915 947 906 909 895 876 874 862 967 886 965 834 946 816 929 810 982 888 980 834 956 819 936 817 985 892 982 846 961 833 943 829 982 895 979 860 965 847 949 841 768 858 811 861 851 848 881 840 907 830 846 799 873 783 887 790 892 798 836 802 861 793 876 801 886 811 827 811 850 809 865 816 875 825 819 822 841 820 854 826 861 834 
942 988 918 964 909 926 900 890 880 873 973 903 963 847 940 829 921 825 987 900 982 841 954 826 931 826 989 900 983 851 959 837 938 835 983 902 978 866 960 854 942 850 749 865 798 870 840 860 871 853 896 844 836 810 861 794 876 798 882 805 823 812 849 802 865 808 877 817 813 819 837 817 853 821 865 828 805 829 827 827 842 831 852 837 
945 1002 919 981 911 944 903 908 886 887 976 919 969 861 945 839 924 831 991 914 989 852 959 834 935 831 993 912 993 858 967 841 946 835 987 911 986 869 970 853 954 845 725 873 779 882 823 871 853 865 879 857 819 821 842 803 854 803 860 805 804 824 827 812 842 817 852 823 791 833 813 834 828 838 839 845 782 845 800 848 813 853 822 860 
946 1018 918 1000 909 963 902 925 884 902 973 937 976 876 955 851 935 840 989 931 992 867 965 844 940 836 992 927 993 873 968 853 943 845 988 925 987 885 970 868 952 859 708 879 758 892 802 886 832 880 856 872 804 834 835 820 850 822 859 825 789 835 819 827 834 833 843 842 777 843 802 846 816 854 826 864 767 853 788 858 802 864 810 874 
949 1027 916 1013 902 984 897 950 881 931 962 951 968 893 956 863 942 845 983 943 986 881 963 856 941 847 990 937 990 882 966 863 943 856 989 934 990 892 975 873 959 863 687 888 734 910 782 905 816 900 842 895 787 847 825 835 844 832 857 830 773 841 808 840 821 855 827 870 761 844 790 849 804 864 810 879 752 851 776 857 788 870 793 883 
951 1034 916 1026 897 1004 887 976 868 962 951 973 950 921 939 891 925 870 975 958 973 901 953 873 930 861 986 949 981 897 961 873 939 860 987 942 980 901 965 882 948 871 672 897 717 923 767 920 806 917 840 923 779 858 826 853 849 859 863 865 765 849 806 854 826 868 841 883 751 850 784 865 800 882 810 899 740 859 766 872 780 887 787 902 
957 1038 917 1034 889 1017 873 993 853 982 941 989 927 943 911 912 896 889 968 971 961 913 934 891 911 884 982 958 973 905 947 892 928 891 984 950 978 908 958 896 941 895 664 904 706 933 757 934 798 932 830 942 770 872 827 869 856 875 877 881 759 858 811 860 839 870 860 881 747 857 790 867 816 877 835 889 739 864 771 877 792 889 806 902 
951 1040 911 1046 879 1030 856 1009 829 1000 928 1010 910 962 891 933 878 913 958 985 936 922 905 904 887 903 976 967 951 910 922 903 908 910 980 954 964 909 940 902 927 912 653 916 697 946 749 946 792 947 825 957 764 885 819 883 847 892 867 901 752 866 804 868 830 879 849 893 740 862 784 870 809 880 827 893 730 868 765 877 786 888 800 901 
942 1051 903 1055 871 1038 848 1016 822 1005 918 1019 888 967 862 940 844 922 948 994 916 931 882 911 859 908 967 977 937 920 904 909 885 912 973 965 951 919 925 911 909 917 647 924 691 955 743 957 785 958 815 971 760 895 816 896 838 909 852 922 749 873 803 876 823 892 835 907 736 865 782 871 802 885 814 900 726 868 761 874 779 886 790 899 
936 1051 895 1056 861 1039 839 1014 814 999 909 1026 880 974 854 949 835 934 938 1001 902 938 870 927 853 931 957 981 922 923 892 918 877 924 964 966 937 920 913 917 900 926 643 930 685 964 737 965 777 964 804 979 758 906 812 909 832 921 843 931 749 883 803 887 822 902 832 915 736 873 783 876 802 889 814 902 724 872 761 873 781 883 793 893 
926 1050 886 1054 851 1035 829 1007 805 987 903 1027 867 972 841 950 825 938 932 1001 888 939 860 933 849 942 950 979 909 921 883 921 874 932 958 962 928 920 906 918 897 928 645 938 687 971 734 973 772 970 798 978 759 914 813 914 831 929 840 943 748 890 801 893 818 910 825 926 734 880 780 881 799 896 808 913 720 879 758 878 777 889 786 902 
917 1049 878 1051 846 1031 828 1001 807 980 900 1023 867 964 843 944 828 937 929 999 886 934 860 932 850 942 947 978 907 918 883 920 874 931 954 962 925 920 905 919 895 928 642 942 687 975 733 974 772 968 800 975 757 917 811 913 828 925 834 938 746 892 798 896 814 913 820 927 732 881 777 884 794 900 800 916 718 879 754 880 771 892 777 906 
906 1047 867 1047 839 1025 824 994 806 969 899 1017 870 955 845 937 828 933 926 995 883 929 857 930 848 942 941 976 900 916 878 922 872 935 946 962 916 918 898 919 891 930 640 949 687 978 733 976 770 966 797 970 754 919 806 911 826 919 837 929 741 896 792 894 810 907 819 920 725 885 769 882 787 895 796 910 710 883 746 878 764 888 772 900 
895 1041 857 1040 832 1019 821 989 806 962 889 1012 867 950 845 929 828 920 917 990 878 924 852 920 841 927 932 973 895 911 871 912 862 919 936 959 909 915 889 910 878 913 640 950 687 979 732 974 769 962 797 966 750 918 801 908 818 919 825 931 737 894 787 891 803 906 810 919 721 883 766 879 782 893 789 907 707 879 743 873 760 883 767 895 
893 1036 854 1036 829 1014 819 983 805 956 886 1001 865 940 846 922 834 914 913 980 877 918 853 915 845 923 926 965 891 906 867 906 858 912 928 953 902 910 883 905 874 907 639 950 688 976 732 970 765 957 792 959 750 913 798 900 816 909 822 921 736 889 783 886 798 900 802 914 720 879 761 874 776 888 781 902 704 877 738 870 755 878 761 890 
892 1032 852 1034 828 1010 818 977 803 949 886 993 860 934 841 920 829 915 912 970 867 911 846 920 845 933 923 953 878 899 858 909 855 923 922 939 890 900 872 900 865 907 644 950 691 972 733 966 765 952 791 953 747 916 797 896 813 906 815 918 732 892 783 882 797 896 799 909 716 880 760 869 775 882 779 895 700 876 735 864 753 872 759 883 
892 1032 851 1032 829 1007 821 971 803 945 884 988 859 926 840 914 830 912 910 967 870 904 846 908 842 920 923 952 884 894 861 900 856 912 925 940 896 900 876 899 869 905 646 951 693 973 736 966 769 953 794 952 749 916 796 892 810 901 813 912 734 893 780 882 791 896 792 908 716 881 756 871 770 883 772 896 701 878 733 868 748 876 754 887 
903 1036 860 1028 836 1001 824 966 803 940 892 973 866 915 841 902 825 900 916 957 878 898 851 892 835 898 927 948 888 894 862 893 849 900 926 943 895 903 874 898 861 901 645 950 696 971 741 964 778 952 808 951 748 912 794 892 810 900 814 912 733 889 780 879 796 892 800 903 716 879 758 870 775 881 780 893 701 876 736 866 754 874 760 884 
913 1028 872 1022 851 993 839 958 815 938 898 960 874 905 848 895 828 899 921 946 886 891 858 888 839 897 932 939 895 892 868 892 851 902 933 937 902 903 879 899 864 903 647 949 694 971 736 961 767 946 792 942 745 902 794 886 817 890 830 897 729 882 779 874 799 884 810 895 715 875 757 868 776 878 786 891 702 875 736 868 754 875 763 885 
927 1021 885 1017 863 989 853 954 834 936 909 946 890 890 864 881 842 887 931 934 901 882 871 877 849 886 940 929 905 887 877 885 857 891 940 928 910 898 887 892 869 893 650 940 697 964 740 951 776 938 804 938 746 888 796 866 820 875 828 888 731 870 782 860 804 875 813 890 717 865 761 861 782 873 791 888 706 868 741 864 761 872 770 884 
938 1017 897 1015 877 986 866 949 846 932 928 938 902 883 872 873 847 877 945 926 913 877 879 872 853 878 948 921 913 883 883 878 860 881 943 921 914 892 889 885 869 885 647 935 697 953 741 937 779 926 811 932 745 870 791 849 815 858 824 874 725 853 771 845 791 859 801 874 708 849 747 842 766 853 776 868 696 852 726 845 745 854 755 866 
948 1021 908 1016 888 984 874 949 847 934 936 932 917 881 888 868 864 868 953 923 923 882 889 879 864 889 957 922 925 888 895 886 873 893 954 924 930 899 907 895 889 898 645 924 698 941 743 922 784 911 817 916 735 857 782 826 808 837 818 856 717 844 767 830 789 846 801 864 704 841 746 837 768 850 779 867 697 847 729 847 748 859 757 874 
952 1027 916 1021 896 992 879 956 851 937 952 937 931 883 898 864 870 860 963 931 940 882 907 869 880 868 962 930 939 889 911 875 887 872 956 929 939 898 918 886 898 882 639 914 690 931 737 910 779 897 815 903 730 844 781 814 807 829 818 848 717 832 772 818 797 836 811 853 707 831 752 826 776 840 790 857 702 838 736 837 755 849 766 864 
952 1032 919 1024 897 993 877 956 851 931 961 944 944 888 916 865 890 858 972 936 951 883 921 864 893 861 970 934 950 890 925 874 901 869 963 932 946 899 927 884 908 878 635 908 688 925 735 904 779 890 816 893 728 838 779 807 805 822 815 842 714 826 770 810 795 827 809 844 704 826 750 819 775 832 788 850 700 833 733 831 752 843 763 859 
947 1035 917 1028 895 995 875 957 853 926 966 949 953 894 927 869 900 859 971 937 954 882 925 860 896 857 965 932 946 885 920 868 896 863 955 930 939 895 921 879 903 871 633 905 685 921 732 903 777 890 817 891 728 835 782 805 809 822 819 843 716 823 773 807 801 826 815 844 705 823 753 819 777 834 790 854 701 832 735 832 754 846 764 863 
945 1040 917 1029 897 993 875 954 850 924 969 950 956 893 926 872 896 863 973 938 956 880 923 862 892 862 966 933 947 883 917 869 890 866 955 931 938 894 916 880 896 873 634 906 687 922 735 905 779 892 817 895 733 837 787 808 813 826 824 846 720 826 775 811 801 830 813 849 708 827 754 825 776 842 787 862 701 836 735 838 753 852 761 869 
943 1041 915 1028 894 990 873 949 846 922 968 954 954 897 922 877 896 869 978 940 967 876 931 861 902 863 976 934 967 878 935 863 909 861 967 931 958 889 935 872 915 864 634 910 689 927 737 911 780 897 819 899 737 843 790 813 816 829 826 850 722 833 777 820 802 841 814 861 710 835 755 834 778 853 790 873 702 844 735 847 754 861 764 879 
938 1043 912 1030 894 991 876 949 852 922 965 960 946 901 913 877 886 866 976 942 972 874 936 859 906 860 972 934 965 877 931 865 904 865 962 931 950 892 923 880 900 877 637 911 690 932 739 916 783 901 822 899 738 849 794 817 820 833 828 854 724 836 782 825 805 849 815 869 713 836 760 837 782 856 792 877 706 844 741 846 760 862 769 881 
935 1043 910 1028 894 989 876 946 852 917 965 957 943 899 905 877 877 868 974 940 962 873 920 858 886 860 970 930 961 873 922 861 892 862 958 927 948 886 918 874 893 870 635 914 687 933 735 919 778 901 816 894 735 850 792 819 821 825 839 838 721 838 779 826 807 844 823 863 711 838 758 841 781 859 794 880 706 847 739 852 759 868 770 887 
935 1045 907 1028 895 988 881 943 857 916 964 952 944 893 908 873 876 864 973 937 951 874 905 857 865 856 969 930 954 874 916 858 882 854 958 929 946 885 917 868 892 860 635 916 689 934 737 919 778 901 815 889 729 853 783 814 815 817 836 827 714 840 772 815 803 826 823 843 705 839 754 828 781 840 798 858 701 847 735 841 759 850 775 866 
933 1043 910 1025 901 985 887 941 866 909 970 939 951 881 914 862 879 855 966 927 941 871 897 855 856 853 953 925 929 877 889 863 853 857 941 928 918 893 887 879 859 871 633 914 686 930 734 913 775 890 811 879 723 847 773 809 804 808 824 817 708 835 760 808 789 816 807 831 698 835 742 815 770 821 788 836 695 842 727 828 750 832 767 844 
933 1044 915 1024 907 986 891 942 868 909 974 942 954 882 918 862 884 855 965 933 937 875 895 858 855 856 949 930 921 884 883 870 849 864 935 933 909 900 880 889 853 883 634 913 688 927 732 903 766 877 797 868 718 839 765 805 792 807 809 816 700 823 750 791 776 801 791 816 688 819 731 791 756 799 771 813 681 823 714 800 736 803 752 812 
939 1041 916 1022 905 984 893 942 875 912 973 949 959 889 932 867 907 858 976 940 965 881 937 860 910 856 969 937 960 887 936 868 912 860 959 936 952 897 935 878 918 866 633 914 685 920 724 895 756 868 785 854 712 836 754 812 774 817 787 824 694 820 736 790 762 792 779 802 678 815 712 784 739 782 758 788 666 818 690 790 709 783 724 784 
940 1040 913 1020 903 981 892 939 872 910 971 942 951 884 923 864 898 857 978 936 961 879 933 863 905 862 973 935 959 887 933 872 908 866 965 935 953 899 934 884 916 874 629 916 683 918 719 896 747 867 773 852 706 840 748 823 765 830 773 838 685 824 725 794 753 792 771 797 666 820 693 785 718 779 735 781 650 824 667 792 683 782 697 780 
934 1043 909 1016 899 977 887 937 868 912 964 942 950 887 925 868 900 860 969 940 950 890 920 874 892 869 963 942 945 901 919 889 893 883 955 945 942 918 924 907 903 901 626 917 678 924 716 902 742 877 765 864 708 843 744 836 756 848 759 862 687 826 719 802 743 802 758 808 665 822 687 789 709 782 727 782 646 828 655 796 667 781 678 772 
933 1045 903 1021 892 980 879 940 859 911 959 944 943 887 917 868 893 860 967 940 937 891 902 878 872 876 963 941 934 902 903 893 876 891 956 944 934 917 912 908 891 904 624 919 675 927 714 907 739 884 760 875 709 851 739 850 745 863 745 872 689 834 717 818 737 814 748 813 666 829 685 801 702 791 716 787 645 832 651 804 658 790 664 781 
925 1045 895 1016 882 975 867 935 845 908 943 939 933 886 908 869 883 864 953 940 936 894 907 882 882 880 952 945 935 908 910 898 886 896 946 950 935 924 917 916 898 912 628 921 675 932 712 916 733 897 751 887 711 860 736 863 742 875 742 883 691 844 717 831 734 825 743 821 668 839 686 812 701 802 711 797 646 840 648 812 652 795 656 784 
919 1046 884 1016 870 975 856 937 834 910 927 936 917 886 893 873 869 870 943 939 920 897 891 887 867 887 946 946 921 913 898 904 875 902 942 953 924 929 906 920 887 918 629 922 676 935 714 920 736 899 747 886 709 867 733 865 741 875 743 883 689 852 715 837 732 832 741 829 667 845 685 819 700 808 710 803 646 847 647 818 650 801 653 788 
912 1041 874 1013 857 975 844 938 824 915 907 936 895 885 870 873 848 871 924 936 903 889 874 883 850 886 928 941 907 902 881 897 858 900 926 947 909 921 890 914 871 914 634 922 679 937 714 921 732 901 741 889 712 868 734 864 743 868 746 870 692 853 716 838 731 832 739 829 669 847 686 821 699 811 708 807 647 848 647 820 651 803 653 791 
904 1035 862 1010 841 974 829 940 814 918 884 932 867 888 847 875 831 871 904 929 882 886 861 876 843 875 913 933 891 893 871 883 854 882 914 939 896 905 879 892 864 887 637 923 680 937 713 922 729 901 735 887 714 871 734 866 743 869 747 870 693 855 715 840 729 834 737 830 670 849 684 824 695 815 704 810 648 850 648 823 650 807 651 796 
893 1026 851 1010 829 972 816 938 800 918 866 924 839 880 814 866 794 858 890 920 857 878 833 878 818 883 901 925 873 887 851 888 836 895 904 932 884 903 867 897 853 901 638 923 679 937 712 924 725 904 728 891 711 874 733 864 745 862 751 862 691 859 712 842 726 836 736 834 669 854 683 830 693 821 702 818 647 855 648 832 651 820 655 812 
884 1020 839 1006 816 971 804 937 791 917 854 939 827 888 804 873 786 869 878 927 842 879 816 874 801 878 890 922 857 877 834 877 819 884 893 921 869 884 850 879 836 885 640 924 681 938 713 925 725 906 721 894 710 874 734 864 744 861 751 859 690 861 713 843 728 839 739 837 668 857 684 834 697 829 708 829 648 860 652 838 658 830 664 830 
873 1020 831 1003 809 970 797 938 786 916 834 938 810 893 793 877 781 868 860 927 830 880 810 873 797 875 879 925 853 883 834 877 821 880 890 927 878 896 864 884 853 881 638 924 680 939 714 927 726 909 720 899 712 873 735 862 746 858 753 855 691 859 714 843 729 838 740 835 669 855 688 837 700 835 709 836 650 856 663 841 672 840 679 844 
868 1019 826 1003 804 972 794 941 788 919 828 937 803 896 788 881 777 871 854 925 825 880 807 878 798 884 872 922 849 883 832 880 822 885 884 926 876 897 863 885 853 881 639 925 681 941 714 926 724 907 719 896 714 871 737 859 749 854 757 852 692 858 716 841 732 837 743 836 670 854 689 838 699 839 704 843 652 858 666 846 675 847 680 853 
864 1018 822 1001 801 969 794 938 789 916 820 934 798 899 784 883 774 872 846 922 820 882 803 883 796 890 866 920 846 882 830 883 823 892 879 925 872 897 863 888 856 886 639 924 682 938 715 922 726 902 727 889 713 870 737 857 749 852 757 849 691 857 716 841 732 837 743 836 669 854 691 837 703 836 712 838 652 856 670 846 681 847 688 852 
859 1015 818 998 799 968 794 942 794 926 814 933 793 898 782 883 774 874 840 921 816 880 802 882 797 891 861 919 843 881 828 884 822 892 876 924 870 897 860 889 855 887 638 924 681 938 713 922 724 904 726 893 711 869 736 856 749 851 758 848 689 856 715 839 733 836 746 836 668 853 688 836 700 836 708 840 651 857 667 846 677 848 684 854 
858 1016 818 1000 800 973 794 949 789 934 813 934 794 900 783 885 775 876 839 922 817 882 802 882 796 890 860 921 843 883 827 884 819 891 874 926 869 899 859 891 853 890 637 925 680 937 712 920 723 900 725 890 709 868 734 857 746 853 754 851 688 855 715 840 732 838 743 838 667 852 690 836 703 836 712 839 651 855 670 845 681 847 688 852 
856 1015 816 997 799 967 799 942 803 927 811 932 794 899 784 886 778 877 837 921 819 882 807 887 804 897 858 920 843 883 830 886 826 894 874 925 870 897 861 889 856 888 633 925 676 939 711 921 722 900 718 892 708 867 733 858 745 855 754 853 688 854 714 841 731 840 742 841 667 851 687 837 699 838 707 842 650 856 667 847 677 849 684 856 
857 1015 817 997 801 967 800 941 800 924 812 933 796 900 787 886 782 877 837 923 820 886 808 885 804 892 859 921 845 886 831 885 825 891 875 925 871 898 862 888 855 885 633 926 675 939 710 922 722 902 718 896 707 867 733 859 745 857 754 856 687 854 715 842 732 842 743 843 666 852 688 838 701 838 710 841 649 856 667 845 679 847 686 852 
859 1017 820 999 803 971 799 947 796 932 815 934 800 903 791 888 786 879 840 924 823 889 810 885 805 888 862 924 847 891 833 888 826 890 878 928 873 902 863 892 856 888 633 926 675 939 710 923 721 902 714 894 707 868 733 860 745 858 753 857 687 855 714 842 731 842 742 844 666 852 686 837 699 838 707 842 649 856 666 846 677 848 684 854 
862 1017 823 1001 808 973 805 950 805 935 818 934 806 903 798 890 794 884 844 926 829 893 817 887 812 889 866 927 854 895 842 887 834 888 883 932 880 907 872 896 864 891 634 926 675 939 709 923 721 902 716 893 708 868 734 861 746 859 754 858 688 854 716 842 732 843 742 845 666 851 688 838 700 839 708 843 649 855 667 847 677 850 684 856 
867 1017 828 1001 813 970 810 945 810 928 824 934 811 903 802 893 796 890 851 926 834 895 822 890 816 892 874 928 862 898 849 890 841 889 892 935 890 911 880 901 871 897 632 926 674 940 708 923 720 901 713 891 706 869 735 861 746 861 752 862 686 855 717 842 732 844 741 848 665 852 687 838 699 841 706 848 648 856 665 847 676 851 682 858 
874 1022 834 1004 818 974 815 946 815 927 832 938 818 910 809 910 805 915 858 931 840 902 827 902 822 908 880 931 865 902 850 897 842 898 897 937 893 909 882 897 873 891 631 927 673 940 708 924 720 903 713 894 706 870 734 862 745 862 752 862 685 857 714 843 731 844 741 847 663 854 684 838 697 839 705 845 646 859 662 846 673 848 680 855 
880 1028 839 1009 823 978 818 950 815 930 842 941 826 918 820 925 820 934 868 935 849 909 839 913 836 920 889 937 876 907 862 899 853 898 907 943 905 915 895 903 884 896 630 927 672 941 707 924 719 903 713 895 705 869 732 862 743 861 751 860 684 856 713 843 730 842 741 843 663 854 683 839 696 839 705 843 646 858 662 847 672 849 679 855 
885 1030 847 1013 829 983 820 957 812 938 848 943 834 922 826 930 826 940 872 938 855 913 844 919 843 929 894 939 878 911 865 911 859 916 914 945 915 918 906 914 899 918 629 927 672 940 706 923 717 902 713 892 703 871 730 861 742 860 750 859 683 857 712 843 729 842 740 843 661 854 682 839 694 839 702 844 644 857 659 847 668 849 674 856 
890 1034 852 1016 835 985 825 959 818 940 854 948 840 923 834 933 836 946 878 942 861 915 851 924 853 935 901 942 885 914 873 916 869 924 920 949 924 921 914 914 906 916 626 927 669 940 704 923 716 902 712 893 701 869 728 861 741 860 748 859 681 855 711 842 728 841 739 843 660 852 680 837 693 838 700 843 643 856 657 847 667 849 673 856 
894 1036 856 1018 839 988 830 961 820 942 858 951 842 929 835 937 836 948 881 944 862 917 852 924 851 935 904 945 887 913 872 912 864 918 924 951 931 924 923 919 913 921 625 927 666 940 701 923 715 902 712 893 699 869 728 861 741 860 749 861 679 855 710 841 728 841 739 845 658 852 680 837 692 838 700 844 641 856 656 846 666 848 673 856 
896 1040 858 1022 840 992 830 965 820 945 861 955 840 936 830 943 828 952 884 947 860 922 847 931 844 941 906 949 885 917 869 918 861 926 925 956 930 926 920 921 911 924 623 927 665 940 699 923 712 902 708 891 698 869 730 862 743 863 752 864 677 855 709 842 726 843 736 847 655 853 677 837 689 837 698 843 638 858 653 847 663 849 669 856 
898 1042 859 1026 838 996 827 968 815 947 858 957 837 941 829 951 829 961 883 949 856 928 844 938 843 949 905 950 882 920 867 924 861 934 924 956 926 926 917 920 909 922 619 928 662 941 696 924 709 903 706 894 695 870 725 864 738 865 746 865 674 855 704 843 722 843 733 846 653 852 675 836 688 837 697 842 635 856 651 845 662 847 669 854 
907 1041 865 1030 840 1002 826 972 811 952 858 960 834 942 828 954 829 964 882 949 854 930 843 943 844 953 904 948 880 919 866 927 862 939 922 952 922 923 912 920 904 925 617 927 659 939 693 922 706 901 701 891 691 867 718 862 730 866 737 869 671 853 699 841 717 843 728 849 650 851 670 835 681 837 688 844 632 855 644 841 653 842 658 847 
917 1039 872 1028 845 1001 829 973 816 952 870 957 839 941 833 956 838 967 891 947 857 929 847 942 852 953 910 946 879 920 867 929 868 941 926 950 918 922 909 918 904 919 612 925 656 936 690 920 702 899 694 891 685 863 711 860 723 864 730 869 665 849 693 838 712 841 723 846 644 846 666 830 677 833 683 840 626 849 639 834 648 835 653 841 
931 1039 891 1028 866 999 848 968 835 947 900 956 860 935 846 948 845 958 920 944 881 922 864 934 858 946 933 944 902 919 885 927 878 938 940 949 924 927 912 928 906 933 611 922 656 932 688 916 698 896 689 887 683 858 708 855 719 861 725 866 663 844 690 833 707 836 717 842 642 841 662 824 673 827 680 835 623 845 633 829 641 830 646 837 
947 1037 908 1024 884 991 870 958 863 938 929 947 886 926 869 930 861 935 947 936 905 918 887 927 881 936 956 935 917 917 901 923 894 931 955 937 928 921 913 924 906 930 609 916 654 927 687 910 696 888 690 878 682 852 707 850 718 857 724 865 662 838 689 826 707 830 718 838 640 834 662 818 677 821 686 829 622 838 634 824 644 825 651 830 
958 1034 924 1017 906 980 895 946 893 923 963 938 915 915 895 922 890 933 975 930 929 910 910 922 906 934 977 929 936 909 920 919 917 930 973 930 940 914 926 921 923 929 609 910 654 920 690 903 702 881 700 874 682 846 710 842 722 849 729 856 662 832 692 819 710 822 722 829 641 828 663 810 677 811 686 817 624 832 639 816 650 816 658 819 
970 1031 940 1011 928 976 918 944 914 925 982 945 950 913 924 909 906 914 996 940 965 908 937 906 916 913 1000 940 974 909 949 907 929 912 997 943 979 916 962 909 946 909 611 904 658 914 694 896 708 873 702 861 684 840 715 836 727 842 734 850 665 824 696 811 715 814 728 822 645 819 670 802 686 804 698 811 629 822 647 807 660 807 670 811 
984 1024 957 1000 946 963 940 931 933 911 997 938 972 904 951 897 936 897 1012 934 988 900 964 894 944 897 1016 935 995 904 975 900 958 902 1014 937 1000 912 986 906 972 905 617 896 663 906 700 891 718 869 720 856 693 833 724 831 736 837 743 842 673 818 705 806 725 809 737 816 653 814 678 796 694 799 705 807 637 816 654 799 667 799 676 804 
984 1015 959 989 951 953 945 922 937 902 999 930 976 897 955 890 939 888 1017 929 993 893 968 889 950 890 1025 933 1005 900 985 896 967 898 1024 938 1015 911 1002 903 989 901 627 887 673 896 712 883 732 861 732 850 703 823 735 819 747 826 753 833 684 808 717 799 734 806 744 815 664 804 690 791 705 796 714 805 647 807 666 793 679 794 688 800 
986 1006 958 981 949 945 942 914 931 895 996 920 974 887 954 880 939 879 1014 920 993 884 968 880 949 882 1022 924 1006 891 986 886 969 889 1023 931 1015 903 1003 895 990 893 636 876 681 889 721 877 743 857 752 846 717 816 748 810 761 818 769 828 697 801 731 792 746 802 755 815 678 796 706 784 721 792 729 803 661 798 682 786 695 789 704 796 
979 998 952 973 942 938 934 908 923 890 987 913 964 882 946 874 932 871 1005 912 983 878 961 872 943 872 1015 917 997 884 978 879 962 881 1016 923 1007 896 995 887 982 885 649 863 693 877 732 868 754 851 758 842 731 805 765 801 777 810 783 820 713 790 748 786 761 797 767 810 694 785 724 778 738 786 747 797 677 787 698 778 712 781 721 788 
972 992 943 967 931 932 924 905 917 889 973 906 954 877 937 871 924 869 994 906 975 873 954 869 939 871 1004 913 991 880 975 875 961 877 1007 921 1002 895 991 887 980 886 663 852 705 867 745 861 766 844 770 833 749 799 779 794 789 802 795 810 731 782 760 780 770 790 774 802 712 776 737 772 748 781 753 791 695 777 713 771 724 775 730 783 
965 987 937 965 922 932 912 906 900 893 960 902 940 873 923 869 912 869 980 900 961 867 942 866 929 870 991 904 978 873 963 871 951 876 996 911 990 888 979 882 968 884 680 842 722 857 758 853 778 838 789 829 764 794 793 790 802 797 806 806 745 777 774 776 784 786 788 797 725 770 752 768 763 777 768 788 707 770 727 766 738 771 744 779 
955 980 927 959 912 928 902 904 889 892 943 897 927 871 914 866 906 864 964 895 949 865 932 861 920 863 977 899 969 869 956 864 944 866 983 905 983 883 975 875 966 873 694 832 736 851 770 849 788 835 795 827 779 788 804 787 812 795 815 805 760 772 784 775 791 785 793 796 740 766 761 769 768 780 769 791 721 765 737 766 743 775 745 785 
947 976 917 956 902 925 888 902 874 890 933 893 916 870 904 865 895 863 954 891 938 863 922 861 911 864 967 899 962 868 951 864 943 865 974 910 980 891 977 882 972 878 711 823 750 844 781 844 798 834 806 829 792 788 814 789 821 798 823 808 773 772 796 776 802 787 803 798 753 766 775 768 781 779 782 791 735 764 749 765 756 774 758 784 
939 971 909 953 894 925 884 905 871 895 919 889 907 866 895 862 887 862 940 887 930 860 916 860 906 864 957 893 952 866 942 863 934 867 966 904 972 884 968 876 962 875 722 819 759 842 790 842 808 833 813 829 800 789 820 790 825 800 826 811 782 774 801 778 806 790 805 801 762 767 779 773 781 784 779 796 743 766 755 770 758 779 755 789 
930 964 899 950 886 929 885 910 884 900 907 891 894 868 882 864 877 866 929 886 919 858 905 857 896 862 945 891 940 861 928 859 919 863 952 901 959 884 957 876 954 874 729 816 764 841 794 842 813 834 817 830 805 790 824 792 830 802 830 813 788 775 806 780 810 791 808 802 768 769 784 772 786 783 783 793 749 768 760 770 762 779 759 788 
922 960 892 951 881 934 883 920 886 912 897 889 885 864 876 861 872 865 919 885 912 855 900 854 893 861 935 889 934 860 924 858 916 864 945 900 953 884 948 879 943 881 736 816 769 839 798 841 814 833 817 831 807 791 826 792 831 802 832 813 791 776 809 780 813 791 812 801 771 770 787 774 788 785 784 795 753 769 764 771 765 780 763 788 
915 957 887 947 877 930 876 916 874 907 890 888 878 862 868 861 864 866 912 883 905 852 894 855 888 865 930 887 929 857 917 857 911 865 942 897 948 876 939 874 932 881 740 816 772 841 800 843 816 835 816 832 810 792 828 794 832 803 831 813 794 778 809 781 812 791 810 800 774 772 788 776 788 786 784 795 756 772 765 774 765 781 762 789 
911 953 883 940 873 923 869 909 865 901 888 885 877 858 870 863 870 872 910 880 901 848 892 853 889 864 927 884 926 853 917 855 912 864 938 894 946 876 940 873 933 877 743 816 774 840 800 844 816 837 820 835 810 795 829 796 832 805 831 815 793 781 811 784 815 794 814 804 774 775 791 778 794 788 792 798 756 774 766 776 767 783 764 791 
908 952 880 939 870 923 865 909 860 899 885 884 877 856 870 859 869 867 907 879 901 848 893 854 891 864 924 882 925 852 918 856 915 864 935 892 945 875 941 873 937 877 742 818 775 843 802 846 817 839 818 836 811 797 829 799 834 809 833 819 794 783 812 787 817 798 817 809 774 777 791 781 795 791 793 802 756 777 767 779 769 787 767 796 
907 947 880 932 868 916 861 902 854 893 884 880 876 854 870 861 871 870 906 876 900 846 892 853 889 864 923 880 923 852 916 855 913 862 934 890 944 875 941 872 938 874 743 822 777 846 804 848 819 841 821 841 811 800 830 802 834 811 833 822 794 786 812 789 817 799 818 810 774 781 791 783 796 793 796 804 756 781 765 782 768 788 767 797 
905 946 879 928 867 909 860 894 855 884 884 877 876 855 869 861 868 870 905 873 899 847 890 854 887 865 921 879 922 851 914 857 911 866 933 889 943 872 937 872 931 877 745 825 777 849 804 851 820 844 824 842 811 805 830 805 834 814 833 824 794 790 812 792 817 802 818 812 775 783 791 786 795 795 794 806 757 783 765 783 767 790 765 798 
905 942 880 921 868 900 859 882 850 872 885 874 878 853 874 862 875 871 906 873 898 847 891 856 890 866 922 878 921 851 914 857 911 867 934 888 942 872 936 871 931 875 745 827 778 850 804 851 819 845 823 846 809 806 828 806 834 815 834 826 792 791 811 794 816 804 817 815 772 786 789 787 794 796 794 808 754 786 761 785 763 791 761 799 
904 939 879 918 868 895 859 878 851 869 886 871 880 849 875 858 874 867 906 871 898 848 891 856 890 866 922 877 920 852 912 857 909 866 933 887 942 873 936 871 931 872 741 829 776 851 803 851 819 845 826 847 809 805 828 807 833 816 833 826 792 792 810 795 815 805 816 816 772 786 788 789 792 798 791 810 753 786 762 787 764 794 762 803 
903 937 879 913 863 886 847 869 831 860 886 871 881 847 876 857 875 868 905 871 897 851 890 861 889 870 922 877 919 852 911 858 907 869 934 886 942 872 936 870 931 872 741 831 775 852 803 851 819 847 827 849 809 805 828 807 833 816 832 826 791 792 809 794 814 803 814 814 770 786 786 788 790 797 789 809 752 787 760 787 762 793 759 802 
904 938 879 915 862 890 846 871 831 861 887 870 879 846 872 858 872 870 907 871 896 852 888 864 889 874 923 877 919 853 910 861 907 873 935 886 941 871 936 870 933 874 741 830 775 850 803 850 820 847 828 850 810 803 828 805 832 814 832 825 792 790 808 792 812 802 811 813 771 785 784 787 787 797 784 808 752 786 758 787 759 793 756 801 
905 939 880 917 865 894 851 876 839 866 887 871 879 846 871 856 870 868 907 870 896 853 886 864 887 874 923 876 918 854 908 862 905 873 934 885 941 869 934 870 929 875 741 830 774 851 802 850 820 846 829 850 810 803 828 804 833 813 833 823 792 790 809 792 813 801 813 811 771 785 785 787 788 796 785 807 752 785 759 787 761 794 757 802 
907 940 881 920 864 896 849 878 837 867 889 870 879 848 871 858 870 870 908 870 895 854 884 866 885 876 924 876 915 855 904 865 902 877 934 885 937 867 928 870 924 879 743 831 776 852 803 851 818 844 824 844 811 803 828 804 833 812 833 823 793 790 810 792 814 801 813 811 773 785 787 787 790 796 787 807 753 785 761 787 762 794 759 801 
906 940 879 918 862 892 847 871 833 858 890 868 876 850 870 862 871 872 910 869 894 855 886 867 889 876 925 877 916 856 909 863 908 874 935 886 941 873 940 870 942 871 742 833 776 855 803 853 817 844 821 841 812 805 830 804 835 812 835 822 795 791 811 792 814 801 814 811 774 785 788 788 790 797 786 808 754 786 763 787 764 794 761 802 
910 944 884 924 872 902 863 883 855 873 897 869 882 849 873 856 872 866 917 871 900 854 890 862 888 870 931 879 921 856 911 859 906 867 939 889 944 873 944 867 945 865 743 835 776 857 804 853 820 844 830 841 814 806 832 804 838 810 840 818 797 792 814 790 820 798 821 808 776 786 791 785 795 794 795 804 756 786 765 785 767 792 765 800 
918 944 888 927 876 901 870 879 860 867 905 869 889 847 876 853 872 861 925 871 907 850 894 858 892 866 938 879 929 853 919 857 915 865 945 889 950 872 949 866 950 864 744 836 777 859 806 854 822 844 832 840 815 806 836 803 843 808 845 815 797 791 817 787 824 794 825 803 778 785 795 780 802 787 804 795 758 784 769 781 775 786 777 793 
925 944 895 929 882 901 875 878 868 864 914 871 900 844 887 841 878 844 934 870 917 845 902 849 896 855 948 875 939 845 926 848 919 856 957 883 962 862 954 858 946 861 744 838 777 862 806 857 821 845 832 838 817 809 839 803 848 805 852 810 800 793 821 784 829 790 832 799 779 785 797 775 804 781 807 790 759 785 770 778 776 782 777 789 
933 945 901 932 888 905 882 878 871 861 920 875 907 841 891 835 880 837 943 871 923 839 906 843 898 851 957 874 947 838 931 841 922 850 965 879 970 856 962 851 954 853 744 840 778 865 808 859 826 848 841 844 818 811 842 804 855 803 863 804 801 795 825 785 837 787 844 794 781 788 801 774 812 775 819 781 761 787 772 773 781 772 787 775 
938 951 904 937 890 907 885 876 874 856 921 881 907 842 892 835 884 837 945 875 926 838 908 840 902 848 961 875 950 836 933 834 923 840 971 879 981 853 974 844 964 844 742 841 776 867 808 862 827 852 842 850 821 817 848 808 861 804 869 803 805 800 829 788 843 788 852 792 785 791 806 775 820 773 829 777 765 789 774 773 783 768 790 768 
944 961 908 948 890 917 884 883 874 860 924 895 907 849 892 837 882 834 949 886 926 841 908 840 901 850 967 883 951 838 933 833 921 838 977 885 986 859 979 846 969 842 739 848 771 874 805 869 829 859 848 856 821 823 852 813 866 811 874 811 806 804 835 792 849 797 855 805 786 794 811 778 826 779 836 784 765 791 777 773 788 767 796 767 
947 975 909 959 888 926 880 891 868 867 920 914 900 864 884 848 875 846 948 903 923 854 904 845 895 850 968 897 952 850 933 839 921 844 980 896 988 863 978 849 965 849 734 856 767 880 803 874 828 863 848 860 822 826 856 820 864 829 864 839 808 807 837 802 847 813 847 826 787 797 814 785 826 793 830 804 766 794 783 775 795 773 801 778 
949 985 909 974 883 942 874 906 868 879 916 939 894 886 878 866 868 859 946 924 921 867 900 857 892 863 968 914 951 861 931 853 920 860 981 910 988 872 974 859 961 860 719 865 753 892 791 886 818 873 840 870 815 836 850 832 856 846 853 859 801 816 832 813 839 829 834 844 781 806 809 796 819 809 819 823 760 803 779 788 790 793 792 802 
951 993 911 987 882 961 871 928 866 902 915 957 889 906 871 886 862 878 945 939 915 884 896 872 887 877 966 927 947 877 928 867 917 874 980 921 987 886 975 871 963 870 702 869 739 900 781 899 812 887 834 888 798 848 842 848 846 868 839 884 787 827 827 835 832 857 826 873 774 818 809 826 817 846 814 863 762 815 791 820 800 835 800 848 
950 1003 912 1000 881 977 864 944 853 917 916 973 887 924 867 904 857 897 945 952 913 900 892 888 884 896 966 937 944 888 924 878 913 886 979 929 985 894 973 878 960 878 685 874 716 906 761 909 800 907 829 913 783 863 834 869 840 893 834 910 775 849 820 864 825 890 822 908 765 847 800 867 808 889 807 907 756 851 785 868 793 886 793 902 
949 1008 911 1007 878 989 860 960 844 935 917 981 886 933 863 913 848 903 945 958 907 905 885 899 877 910 965 941 936 890 914 885 903 896 976 931 975 894 962 881 950 882 669 883 705 914 751 919 792 923 823 930 776 869 823 893 826 920 821 937 769 861 808 890 811 918 808 937 758 863 789 895 791 919 788 937 748 871 774 894 778 915 774 931 
943 1007 904 1009 870 989 852 959 837 932 917 977 881 924 856 910 841 908 942 954 897 900 879 904 879 916 959 936 921 884 904 891 902 904 969 924 954 880 937 875 926 881 663 886 697 922 738 931 780 935 814 940 766 879 816 897 815 921 808 936 763 862 810 883 810 908 803 924 756 857 796 876 799 899 793 915 748 859 781 872 787 891 783 907 
927 1011 884 1008 860 980 850 941 846 913 918 954 881 897 857 902 852 916 940 938 895 887 875 903 879 921 951 928 912 877 895 893 898 913 952 923 928 884 915 893 917 909 664 895 699 927 741 931 780 932 811 938 765 879 814 890 822 912 820 928 759 862 805 877 816 899 817 918 750 856 789 872 802 892 806 910 741 858 773 869 786 885 789 901 
914 1015 873 998 857 963 850 923 843 894 908 924 876 876 851 880 840 894 925 918 889 877 862 883 849 896 930 918 894 884 873 891 863 904 928 920 899 895 882 899 873 907 665 901 705 928 746 929 783 925 812 928 764 879 811 884 822 903 823 918 756 861 801 869 814 888 817 905 744 852 784 861 799 878 805 895 732 850 766 856 781 869 787 883 
902 1007 865 982 852 943 843 908 836 882 896 904 866 864 841 875 832 890 908 907 875 877 848 887 835 899 910 915 876 892 856 901 846 914 908 922 880 906 863 912 855 922 667 905 707 929 749 931 786 920 814 914 770 882 812 879 820 894 819 908 756 859 794 862 805 877 805 892 739 847 772 853 783 867 784 882 721 841 750 846 760 857 762 869 
895 1002 865 965 854 924 843 891 835 869 889 894 860 862 835 869 823 882 889 905 859 881 834 887 817 900 884 918 855 902 834 907 821 917 878 929 854 918 839 921 830 927 663 907 703 931 744 929 779 916 807 912 767 883 808 876 815 890 811 905 754 859 792 859 799 874 796 889 736 844 767 847 775 860 773 875 716 836 741 838 749 849 749 859 
899 998 872 958 856 919 839 890 824 869 884 891 852 867 831 869 821 877 879 910 851 890 829 893 817 903 873 930 848 917 829 919 818 924 868 946 845 939 835 943 829 948 664 913 708 935 749 931 785 918 810 913 769 885 804 875 809 888 804 901 755 860 789 858 794 872 789 884 736 845 766 842 772 854 768 868 716 836 739 830 746 840 745 850 
897 995 880 956 868 918 847 888 827 870 880 891 849 869 835 877 832 887 871 907 840 892 828 900 824 909 863 925 836 918 830 925 829 932 855 942 835 937 833 943 836 948 667 918 709 940 749 932 784 918 810 913 770 888 805 876 812 888 808 901 756 863 790 858 794 872 788 884 736 847 767 838 773 851 769 863 715 839 738 829 745 838 743 848 
899 995 884 958 870 922 850 892 831 872 889 894 861 870 843 869 833 876 876 910 850 890 835 893 828 902 866 927 843 916 834 922 831 928 858 944 840 936 836 940 837 944 666 920 709 943 748 936 786 922 814 915 769 891 811 877 817 891 811 904 754 865 793 858 795 874 789 886 735 849 769 839 773 853 766 867 714 840 739 830 744 841 741 851 
898 996 884 960 875 921 862 892 849 869 900 896 878 865 856 866 840 875 887 909 867 882 845 883 828 892 876 922 857 900 839 903 826 906 866 933 850 917 839 918 832 919 661 921 705 945 749 936 784 916 814 910 763 886 805 871 819 882 821 894 748 862 791 854 806 868 809 882 730 849 767 842 782 854 788 868 712 843 743 838 757 846 763 857 
909 1006 881 983 874 945 872 908 866 878 917 912 898 866 871 866 853 877 921 915 899 875 869 873 848 884 917 921 894 888 869 889 851 897 912 926 892 903 873 902 858 907 660 920 710 940 755 929 793 909 825 903 758 879 806 869 824 883 830 898 742 858 791 856 808 872 816 887 726 849 767 851 784 865 791 881 711 848 743 849 759 861 766 874 
923 1016 884 1008 870 973 868 930 864 900 926 940 901 881 872 879 854 890 945 927 911 873 877 876 859 891 949 922 916 874 886 880 870 895 946 920 920 886 897 887 884 898 657 912 707 930 752 919 790 907 821 902 753 866 805 870 823 891 831 906 743 859 793 867 813 888 824 906 733 865 775 878 794 897 805 915 725 876 757 888 772 903 781 920 
936 1021 890 1025 865 999 858 960 855 930 926 977 895 921 871 916 862 920 949 955 909 897 883 906 882 923 960 940 927 883 903 895 903 913 960 929 940 889 924 892 925 905 644 907 693 927 744 925 787 920 823 917 762 875 812 895 817 922 811 938 752 877 794 901 791 929 779 947 740 885 772 911 768 934 758 948 728 896 752 916 752 933 747 946 
940 1033 897 1038 864 1021 850 995 849 969 919 1014 882 960 861 945 853 937 944 990 895 931 874 929 873 939 960 969 913 911 892 912 891 924 966 950 938 904 923 901 921 913 634 906 690 931 740 940 783 947 819 954 770 892 814 920 808 946 793 959 756 894 790 934 771 956 748 964 739 902 762 943 743 957 723 958 722 910 737 939 727 951 716 956 
934 1033 898 1044 866 1033 847 1005 832 976 919 1028 874 977 845 958 828 948 944 997 894 942 864 936 851 945 959 971 917 918 892 917 883 928 965 952 936 912 915 909 906 918 624 903 672 929 724 943 772 950 811 960 761 899 810 928 811 959 801 978 751 900 790 934 781 963 762 979 737 908 765 942 756 964 739 976 723 914 743 942 738 960 726 971 
928 1036 889 1045 856 1030 837 998 824 966 912 1023 870 971 838 953 818 945 939 992 887 937 855 937 845 949 953 966 907 912 880 919 874 934 957 947 924 907 903 910 897 922 625 905 667 932 718 945 765 954 807 960 752 899 806 924 819 951 818 970 746 896 794 920 808 946 810 969 738 901 778 923 792 947 796 968 728 910 763 928 776 948 780 966 
923 1028 878 1035 845 1016 831 980 826 947 902 1009 864 943 847 938 843 944 929 980 873 924 864 941 877 960 942 958 892 904 882 923 895 940 944 939 909 899 903 912 913 929 625 909 672 939 721 946 767 951 803 956 743 891 804 903 814 930 807 948 737 884 791 898 801 927 800 947 727 887 770 904 781 930 779 951 716 894 750 908 758 930 755 946 
913 1020 867 1020 841 994 834 954 828 922 899 974 861 906 846 923 849 944 922 953 873 898 861 919 871 938 932 938 887 889 877 907 886 922 933 926 897 889 891 900 902 913 632 913 679 942 726 943 770 944 804 951 741 887 802 897 818 917 823 932 735 871 788 887 803 909 813 926 727 869 771 888 785 909 790 928 719 873 753 887 764 907 766 925 
902 1019 860 1005 845 970 841 930 834 901 893 931 864 884 840 890 831 905 913 925 880 880 854 888 844 904 920 924 887 885 864 893 858 909 918 927 892 897 874 900 869 910 640 917 687 943 731 940 772 933 804 935 747 891 800 889 817 903 823 916 735 871 785 875 801 891 808 907 722 861 765 867 781 883 787 899 710 858 745 862 761 875 767 889 
896 1013 861 991 848 952 840 916 833 890 891 914 864 873 836 878 821 889 901 914 871 884 843 890 826 901 902 920 870 897 848 904 835 916 898 926 871 912 854 918 844 927 645 924 694 946 741 940 780 928 809 928 759 891 800 886 816 896 823 905 743 868 779 869 789 881 790 893 723 855 753 857 761 870 760 883 703 849 727 846 736 856 735 868 
890 1014 865 985 853 946 842 913 833 889 885 910 859 875 833 880 817 892 880 918 853 895 827 901 810 911 873 929 846 913 825 919 811 928 866 941 845 930 830 935 821 941 647 928 695 952 741 945 777 933 805 933 760 903 800 891 803 903 797 917 746 878 781 875 780 889 772 900 728 861 758 860 759 872 751 884 709 851 732 847 736 857 732 866 
892 1018 871 981 853 944 837 913 825 890 883 914 857 881 833 884 818 894 872 926 846 904 824 905 808 914 862 942 838 927 821 929 807 933 853 956 836 946 823 948 815 949 648 935 697 957 740 949 776 937 804 938 757 912 796 894 799 904 792 916 743 887 778 877 777 890 768 901 725 870 757 861 757 873 748 884 705 858 732 847 735 856 730 865 
896 1022 872 987 856 951 839 921 826 897 885 915 858 884 835 889 824 902 877 927 849 905 830 913 820 926 869 941 843 927 830 936 823 946 861 954 841 944 831 950 827 957 649 938 698 959 740 951 777 939 805 939 755 914 797 894 793 906 780 918 743 889 781 876 777 890 765 900 725 870 761 858 760 870 749 881 706 858 734 843 738 853 734 861 
901 1025 877 996 860 958 843 926 829 900 893 917 865 883 841 890 829 906 884 925 850 906 831 922 823 938 875 937 844 925 831 941 826 956 869 948 846 941 835 951 831 961 649 936 696 957 738 948 774 937 802 937 755 911 798 895 809 905 807 916 741 884 784 872 784 885 775 897 723 866 762 853 764 866 757 879 703 855 730 840 737 850 735 860 
912 1030 882 1001 864 962 846 928 829 903 902 922 874 884 848 888 830 900 902 927 870 902 842 909 823 921 898 938 867 922 844 930 828 940 894 949 870 939 852 944 839 953 648 928 693 951 735 942 768 931 795 928 755 898 796 885 805 896 803 908 741 873 782 862 784 876 776 888 722 857 757 845 761 858 754 870 701 846 727 834 733 844 728 853 
923 1031 884 1010 863 971 847 932 828 907 913 929 880 886 851 888 829 896 924 926 887 892 858 899 837 911 925 931 888 906 864 912 847 922 921 938 894 922 874 926 860 934 646 923 693 941 735 929 769 915 796 914 749 883 788 874 800 885 802 899 735 860 774 851 783 865 781 878 717 845 751 834 761 846 760 860 698 837 723 825 733 833 735 844 
925 1031 886 1014 864 977 846 939 830 912 919 934 884 891 853 889 828 893 934 928 897 888 867 895 847 908 937 930 903 895 877 903 858 915 933 934 909 909 888 912 872 920 642 915 689 932 730 920 764 906 791 910 742 869 781 861 792 873 794 884 727 846 767 841 776 856 774 869 710 833 745 826 755 839 755 852 693 826 719 817 730 826 733 835 
930 1031 892 1019 868 983 850 942 833 917 927 945 890 896 859 891 835 894 944 933 905 887 873 894 854 908 947 929 914 887 886 895 869 909 943 929 921 897 900 898 885 906 640 912 688 926 727 913 759 898 785 899 735 861 776 855 794 865 803 875 719 840 760 835 772 851 773 865 701 829 736 819 749 832 753 847 684 825 708 810 721 818 727 829 
934 1032 895 1019 871 983 854 941 836 915 932 944 894 896 863 891 839 892 949 932 910 886 876 893 857 904 953 928 920 885 892 892 874 905 950 927 929 894 906 894 891 901 636 909 685 922 724 907 752 890 777 889 724 856 767 847 784 856 791 867 708 836 753 825 766 841 766 855 691 826 729 810 743 823 746 838 675 823 698 803 713 809 719 819 
935 1031 896 1017 873 980 856 938 839 912 931 941 896 892 867 887 843 888 950 931 910 886 877 894 858 904 955 928 924 884 897 893 880 907 953 928 934 893 915 894 901 902 632 907 682 917 719 901 746 883 769 878 716 852 759 838 777 846 786 857 699 831 745 817 760 833 761 847 683 820 723 803 738 817 741 831 669 816 696 796 711 803 716 814 
936 1030 895 1013 871 976 855 936 839 912 928 940 893 891 865 885 843 885 948 930 907 883 875 890 856 899 955 927 923 882 895 889 880 903 954 928 934 892 915 891 902 898 630 906 678 915 713 897 739 879 763 874 712 846 751 832 769 841 779 852 694 826 737 809 752 824 754 839 677 816 713 797 729 809 733 822 662 812 687 793 701 798 706 807 
929 1029 889 1011 865 974 851 936 836 911 921 940 887 894 860 887 838 887 942 930 901 884 869 885 848 893 951 926 915 883 888 886 871 896 950 926 927 892 908 889 893 893 626 908 674 915 708 897 732 878 756 873 707 843 743 830 760 837 768 845 688 825 727 806 743 817 748 831 670 817 701 794 717 800 725 811 653 817 671 793 685 792 694 798 
924 1025 883 1010 859 973 844 935 828 911 908 943 866 899 836 888 814 883 930 928 885 885 853 886 834 892 939 922 903 879 878 883 863 894 939 921 913 889 894 888 881 894 624 909 671 915 705 897 727 879 749 875 705 843 737 831 749 839 751 849 685 826 718 804 733 813 738 825 665 819 687 792 703 794 713 801 645 820 657 794 670 789 680 791 
918 1026 875 1009 850 973 836 936 823 912 899 938 854 899 825 892 805 889 922 925 879 884 853 893 838 904 932 922 897 882 875 890 864 902 934 924 910 896 893 896 883 905 624 911 671 915 701 899 722 882 743 879 701 848 732 840 742 848 743 859 681 832 712 808 731 813 740 824 660 827 681 797 698 795 711 800 640 831 647 802 656 790 665 785 
910 1022 868 1006 842 970 828 934 815 911 885 937 841 901 811 890 789 882 909 923 870 883 845 891 831 903 920 919 887 881 867 889 857 900 923 921 900 894 885 896 876 905 624 913 669 918 699 902 719 885 738 880 700 850 730 848 736 856 736 866 681 835 710 816 727 818 736 826 659 830 682 802 700 799 713 803 639 833 641 803 649 790 658 784 
902 1019 860 1003 835 969 820 935 805 912 876 934 836 899 812 893 797 891 898 921 864 882 843 889 833 898 910 919 882 882 863 887 855 896 913 922 894 894 879 893 871 900 621 914 664 923 696 906 715 887 732 881 699 858 723 853 731 860 732 868 680 842 706 824 721 823 730 826 658 836 679 809 694 803 705 804 637 838 640 810 646 795 652 786 
892 1017 851 1001 825 966 810 933 797 911 866 931 827 899 802 895 785 893 888 919 856 881 834 886 823 894 900 918 874 884 855 886 845 894 903 922 887 896 871 893 861 898 622 915 663 927 696 914 712 895 727 887 700 865 722 863 728 870 729 875 681 849 705 833 719 830 726 831 658 842 677 816 691 810 702 809 636 842 640 814 645 799 650 788 
883 1015 841 999 816 965 801 933 789 911 855 929 815 898 789 892 770 890 877 918 843 882 820 884 805 890 889 917 862 884 842 885 831 891 892 921 874 895 858 892 848 896 622 918 663 931 695 917 712 900 727 893 700 870 718 865 724 870 725 874 681 854 703 840 715 838 722 838 659 846 677 823 690 816 700 815 637 845 640 819 644 802 648 790 
873 1010 832 995 809 963 795 930 782 909 847 929 802 896 774 887 752 881 867 915 824 878 795 869 771 865 878 913 847 879 824 876 808 877 880 916 860 891 843 886 830 888 627 920 666 933 696 919 712 901 725 895 701 870 720 866 729 869 732 871 681 855 703 841 715 840 722 841 659 848 675 825 687 818 697 815 637 848 639 823 643 807 645 795 
865 1009 825 994 800 961 785 930 773 911 841 926 798 897 772 892 753 888 861 914 823 877 799 877 782 882 872 912 838 882 818 884 806 890 874 917 852 894 835 895 824 901 628 921 668 934 697 920 710 901 716 890 702 870 722 864 729 866 732 869 683 855 703 842 716 841 725 843 661 849 676 829 687 824 696 823 639 850 639 824 641 808 643 796 
858 1007 817 992 794 959 780 928 767 909 833 925 789 897 763 891 744 885 854 913 816 878 792 885 778 895 865 911 831 879 810 885 798 893 866 914 845 891 827 892 816 899 628 921 667 935 697 921 709 901 711 888 702 870 724 861 730 860 733 862 684 856 705 843 717 842 725 843 661 850 679 830 690 825 698 824 639 850 640 824 642 809 644 797 
850 1004 811 988 788 957 775 927 763 908 826 923 785 896 760 891 742 887 846 911 811 876 787 879 770 886 857 908 827 876 806 878 791 885 859 912 841 886 825 884 812 889 628 921 667 936 698 922 708 901 707 888 701 870 723 860 730 860 733 860 682 855 705 842 718 841 725 843 660 850 677 829 690 823 698 822 639 851 639 824 642 808 645 797 
844 1003 806 985 785 954 771 927 761 909 822 921 788 894 767 891 752 891 843 912 813 879 788 876 769 880 855 912 832 879 810 875 795 879 858 917 844 892 828 886 815 887 628 921 668 936 699 920 708 899 705 887 701 868 723 859 731 858 735 858 683 854 705 842 719 841 727 842 660 849 678 829 692 826 701 826 639 850 640 823 643 807 645 795 
843 1001 805 985 785 953 771 925 759 908 821 917 788 892 769 891 757 893 840 910 807 881 783 880 766 883 851 911 826 880 805 875 789 878 853 917 838 891 824 883 811 881 628 922 668 936 698 920 708 899 706 888 701 868 723 861 730 861 734 862 682 854 704 842 719 842 727 844 659 850 676 831 689 828 698 829 638 852 638 826 641 810 643 799 
841 1001 804 984 785 952 773 925 762 908 820 918 788 895 770 892 758 893 840 911 808 883 785 881 768 883 851 911 828 881 808 874 791 874 854 916 839 890 825 881 812 878 628 923 667 936 697 921 708 901 706 891 701 867 725 860 731 863 731 866 682 854 708 843 721 844 727 848 660 850 680 832 694 830 703 832 638 853 639 826 642 810 645 799 
842 1001 804 984 786 950 777 923 767 908 824 920 795 893 776 891 762 891 845 913 816 883 793 878 774 878 857 913 835 882 813 876 796 876 860 918 845 894 830 886 815 885 625 923 667 936 698 921 708 901 706 890 701 867 725 861 733 862 737 864 682 854 707 844 721 844 730 846 659 850 680 833 694 830 704 831 638 852 640 827 644 812 647 801 
846 1001 808 984 792 952 784 925 777 908 826 921 799 896 779 892 765 889 848 914 821 885 799 877 781 874 861 916 840 884 821 877 805 875 866 921 853 896 839 888 826 885 627 925 668 937 700 922 709 902 704 891 701 868 726 863 734 865 739 868 682 855 709 845 724 845 733 849 659 851 681 834 696 832 705 834 638 853 640 827 645 812 649 802 
854 1003 815 988 798 956 791 928 786 910 833 922 804 898 784 891 770 886 854 915 826 886 805 880 788 876 866 915 844 885 825 877 809 875 870 920 857 895 843 887 830 884 627 925 668 937 699 923 709 903 704 892 702 869 727 863 736 865 741 868 683 855 710 845 726 845 734 849 660 851 683 834 698 832 707 834 638 854 640 826 645 811 650 800 
861 1008 823 992 805 958 797 930 793 912 840 926 815 900 799 894 787 890 861 919 835 889 815 881 799 879 874 921 855 890 837 881 821 880 879 926 869 902 856 891 843 888 626 925 668 937 699 922 709 903 705 892 702 868 727 863 736 864 740 867 683 855 710 845 725 845 735 848 661 851 683 834 697 831 707 833 639 853 641 826 646 811 650 801 
870 1011 833 994 815 961 805 932 799 914 850 929 823 902 805 896 792 891 871 923 845 890 823 882 805 878 883 924 863 892 844 882 827 880 888 930 877 904 864 894 851 890 627 925 669 937 700 921 708 902 703 892 701 869 725 861 735 862 741 863 682 856 708 844 725 843 736 845 660 852 681 833 696 831 706 833 638 854 640 827 644 812 649 801 
880 1015 842 997 824 963 814 935 807 914 861 933 834 904 815 897 801 893 883 927 857 894 835 886 817 884 894 929 874 897 853 888 835 886 898 935 884 909 869 900 855 896 628 925 669 936 700 920 708 902 702 892 701 866 725 861 733 864 737 868 681 854 706 842 722 843 731 847 658 850 679 832 693 830 703 832 638 853 639 827 643 811 647 800 
890 1021 854 1001 837 966 828 937 819 916 876 938 851 910 832 902 818 896 896 933 873 901 849 893 830 891 906 934 887 902 865 893 847 891 909 939 894 912 878 902 862 897 626 923 667 936 698 919 707 899 703 889 701 864 726 859 734 860 739 863 681 851 705 841 721 841 730 845 658 848 680 830 695 828 705 831 638 852 639 826 644 812 648 802 
900 1019 868 1000 852 966 843 936 835 916 894 942 869 911 850 899 834 894 911 935 885 901 862 892 843 890 919 933 898 900 876 891 858 889 920 935 904 905 887 894 873 888 626 921 668 933 700 918 708 898 702 888 700 863 728 856 738 858 743 862 681 849 708 838 723 839 733 844 659 846 681 828 696 827 707 831 639 849 642 824 648 810 653 801 
912 1022 883 1001 868 962 859 930 853 910 917 940 887 909 864 899 847 894 931 935 904 902 879 893 859 892 935 935 914 903 891 894 873 893 933 937 918 909 901 898 886 893 627 917 670 928 701 912 709 893 709 884 702 858 729 854 741 856 749 860 682 846 708 834 726 835 737 841 661 843 684 825 699 824 710 828 642 847 646 822 653 808 660 799 
925 1019 897 999 886 960 880 929 873 914 937 939 911 905 888 896 868 893 950 936 925 900 900 893 877 893 953 935 934 902 912 895 892 895 950 937 936 908 921 899 905 896 630 911 673 922 703 907 713 888 715 876 704 857 732 852 746 853 755 856 685 843 713 831 731 832 743 837 665 838 690 821 705 820 717 824 647 840 653 818 662 807 670 802 
933 1016 908 991 902 952 898 922 895 905 956 940 933 902 911 892 893 889 967 938 945 899 920 890 900 890 969 937 951 900 930 892 911 893 965 938 953 907 939 897 925 893 632 901 674 915 708 901 721 882 718 871 709 850 739 847 752 851 761 855 691 835 721 826 739 827 753 832 672 829 698 815 712 816 723 821 654 828 668 810 679 805 688 805 
943 1016 918 989 914 951 912 920 909 900 966 939 948 898 926 887 908 883 979 940 963 899 938 888 917 887 981 943 971 905 950 896 932 894 978 946 972 914 958 901 945 895 637 895 678 907 711 897 727 880 733 867 716 843 746 839 758 843 766 849 699 828 729 819 746 822 757 829 680 822 707 809 722 811 734 817 663 822 680 806 693 805 702 808 
946 1008 924 981 920 945 919 916 916 895 969 934 951 894 932 882 918 877 985 936 970 893 945 884 927 882 991 940 985 899 965 889 949 888 989 944 988 911 976 897 965 891 644 883 685 900 723 887 740 865 755 856 727 831 762 825 770 839 768 851 708 814 747 810 756 825 755 837 691 807 724 803 736 815 737 827 674 808 700 802 712 809 716 817 
951 1003 927 976 923 940 921 910 917 889 972 927 954 889 934 878 920 874 988 929 972 886 947 878 930 878 994 933 987 893 967 885 951 887 993 938 991 906 979 895 967 892 652 875 695 889 732 876 751 857 767 851 738 821 770 815 782 822 788 828 721 804 755 803 767 813 772 824 704 799 733 795 747 803 755 813 688 799 712 795 725 800 733 807 
949 1000 925 973 919 936 916 908 910 890 965 921 949 885 931 874 917 870 982 923 969 883 946 876 930 876 989 928 983 891 964 884 949 884 988 933 987 903 976 892 965 889 664 862 706 877 742 867 759 848 769 837 750 813 782 804 794 811 800 819 732 797 764 792 773 803 776 814 714 791 742 787 753 797 757 808 698 792 720 788 731 795 736 804 
942 992 918 967 910 934 906 908 900 892 951 913 939 879 923 871 909 868 969 914 957 877 937 870 921 869 978 919 973 883 956 876 942 877 981 924 982 897 975 887 965 884 676 852 720 866 754 856 771 836 780 825 763 804 794 796 805 802 811 810 745 788 774 786 783 795 787 805 727 783 752 783 761 793 762 804 710 783 731 782 741 789 744 799 
939 989 911 966 901 932 894 907 884 896 941 906 927 876 913 867 901 863 960 907 947 873 928 865 914 862 970 912 964 880 949 871 935 869 972 918 972 893 964 882 954 878 689 841 732 855 766 847 782 829 792 820 776 795 805 789 816 796 822 805 757 780 785 778 796 788 801 800 738 776 764 776 774 786 778 798 721 777 743 776 752 784 757 794 
933 983 902 960 892 928 885 903 875 888 929 898 912 871 897 863 886 859 948 899 934 867 916 862 903 861 959 905 953 874 939 867 927 866 962 912 961 889 954 880 945 877 701 833 744 847 776 840 791 824 802 816 784 790 813 785 824 793 829 804 766 776 793 775 802 786 805 797 747 772 773 772 781 782 784 795 731 773 752 773 760 781 764 791 
925 975 892 959 884 933 886 913 887 900 912 896 900 869 888 861 880 859 933 894 923 861 906 860 896 862 947 898 942 866 928 865 918 869 952 907 953 885 945 879 937 881 715 825 755 841 784 838 799 825 807 816 796 787 823 784 831 793 834 803 779 772 801 776 806 787 805 800 760 768 781 772 787 784 786 797 744 769 761 771 766 780 766 792 
918 973 886 959 878 936 881 918 884 906 904 895 892 868 879 860 871 857 926 891 916 859 899 855 887 857 938 895 934 863 918 857 905 859 943 902 941 880 930 871 921 870 729 816 767 835 795 835 809 823 813 814 805 786 828 785 834 796 836 807 788 772 809 779 814 792 812 805 771 768 790 775 795 788 793 801 756 768 772 773 777 783 777 794 
743 810 774 833 799 836 812 828 818 822 811 789 832 790 837 801 837 811 797 774 817 781 821 793 821 804 781 769 799 775 804 786 803 797 767 768 781 772 786 780 787 791 912 966 894 957 888 938 883 923 879 913 923 898 916 872 903 863 894 862 928 892 920 859 905 854 894 857 923 890 916 857 901 851 889 852 908 891 896 867 884 858 873 855 
911 962 880 951 867 933 862 916 858 905 890 889 881 861 870 854 862 853 912 884 905 853 892 850 883 853 928 887 926 857 913 853 903 855 936 895 939 876 933 869 926 870 750 808 778 833 801 837 815 832 820 828 814 794 834 794 839 804 839 813 801 779 821 782 827 792 827 802 788 773 807 777 813 787 815 798 775 773 791 775 797 783 798 792 
904 957 877 944 865 927 857 912 850 901 885 887 876 859 867 851 860 850 906 883 899 851 888 848 879 853 922 886 922 855 912 853 904 858 930 896 941 881 939 874 936 872 754 807 782 832 804 837 817 833 821 832 819 799 836 800 841 809 839 818 807 785 826 789 830 799 830 810 796 777 813 782 819 791 820 802 785 776 799 778 805 785 807 794 
758 808 785 831 807 837 818 836 821 838 822 801 837 805 841 815 839 824 811 788 827 794 831 805 830 816 798 781 814 788 819 798 820 810 787 780 801 786 806 794 808 804 902 950 886 941 879 926 874 910 868 897 896 888 884 860 872 855 866 855 905 880 897 848 885 847 877 853 907 879 906 845 893 845 885 853 901 883 896 865 888 860 881 862 
897 948 869 936 856 921 847 909 840 899 874 877 863 849 853 850 848 856 897 873 891 842 879 846 874 856 914 878 914 848 903 852 897 861 924 889 930 870 923 868 918 871 760 806 787 829 809 837 821 840 827 843 822 802 837 808 840 818 839 828 810 790 826 799 829 810 828 822 798 785 812 796 816 807 815 819 786 785 798 795 802 804 802 814 
895 946 867 934 854 920 845 909 837 901 871 876 861 847 852 848 849 855 894 872 888 841 878 846 873 857 911 877 910 847 901 853 897 863 921 887 925 867 919 867 915 873 762 806 789 830 810 837 822 839 827 843 822 803 838 808 841 819 838 828 810 791 826 799 830 809 829 820 798 786 812 795 818 804 818 816 786 787 799 794 803 802 804 811 
891 944 864 930 851 915 842 903 835 893 869 874 857 848 849 851 846 859 892 870 885 840 874 846 869 856 908 875 907 845 898 852 894 862 919 885 924 867 917 867 913 873 765 806 791 830 812 837 822 839 825 843 823 803 838 809 841 819 838 828 812 792 827 799 830 809 829 819 799 787 812 796 817 805 817 816 787 787 799 796 803 804 803 813 
891 941 865 929 850 917 837 910 824 906 866 872 855 846 848 851 848 860 888 867 882 839 873 847 870 858 905 872 904 845 896 851 893 862 917 882 923 862 917 862 912 867 766 807 792 831 813 836 823 836 823 837 824 803 839 807 842 816 840 825 813 791 827 798 831 807 831 816 801 786 814 795 818 803 819 813 789 787 800 795 805 802 805 810 
889 937 864 927 848 918 836 911 825 908 863 872 851 845 843 852 842 862 886 866 878 838 868 846 866 857 904 871 901 842 892 849 888 859 915 881 919 861 913 861 910 866 767 807 793 830 815 835 825 836 825 837 825 802 840 807 843 817 841 826 813 791 828 799 832 809 831 818 801 787 814 796 819 804 820 815 789 787 801 797 806 804 806 812 
887 936 860 922 847 908 840 896 835 887 863 871 850 845 844 854 845 865 885 866 876 838 867 847 866 858 902 870 898 842 889 849 887 858 913 880 917 862 911 861 908 865 767 808 793 832 815 836 825 834 826 834 825 803 840 807 843 816 841 824 814 791 829 796 833 804 833 814 802 785 816 791 822 799 823 809 790 786 803 791 809 798 810 805 
887 934 860 920 846 907 839 895 833 887 861 871 849 846 844 856 846 867 883 865 873 838 865 847 865 858 900 868 897 841 888 848 885 858 912 876 917 859 910 859 906 864 767 808 793 830 815 835 824 836 827 838 825 802 840 807 843 817 841 826 813 791 827 800 830 810 829 819 800 787 812 797 817 807 816 816 787 788 797 798 801 806 801 814 
887 932 859 919 845 904 839 891 835 882 860 870 848 846 845 856 848 867 881 864 872 837 865 847 866 858 899 866 894 840 887 848 886 859 912 874 915 857 907 860 904 866 767 807 791 831 812 837 823 837 826 838 825 804 839 809 842 819 841 828 814 794 828 802 831 812 830 822 802 789 815 799 819 809 818 820 791 789 802 799 806 808 806 816 
887 932 859 916 848 896 847 879 847 868 861 867 850 845 848 856 851 865 883 863 871 837 865 848 866 858 900 865 894 839 886 847 886 857 913 873 916 854 909 854 904 860 767 810 792 832 812 839 822 839 825 840 823 807 838 812 841 821 839 829 812 796 827 805 829 816 828 826 801 792 814 803 819 812 818 823 791 792 803 801 807 809 808 818 
889 931 862 917 852 897 854 880 859 870 864 868 854 843 848 848 847 858 885 862 873 838 865 846 864 855 902 865 896 839 887 844 884 853 915 873 920 857 914 856 909 859 765 811 791 833 813 838 822 838 825 841 823 807 837 812 840 821 839 830 811 797 825 806 828 816 828 825 800 792 812 803 817 812 817 822 789 792 800 801 805 809 805 817 
894 930 867 916 855 894 852 877 853 866 870 867 859 841 850 846 847 857 890 863 878 838 867 843 865 854 906 867 901 839 890 841 887 850 918 875 924 854 915 850 909 855 764 813 791 835 812 841 822 840 824 841 822 808 837 813 841 821 840 830 811 798 827 806 831 816 831 825 800 794 813 804 818 813 819 823 789 794 802 803 806 810 807 818 
897 930 869 915 857 892 854 874 854 865 873 864 863 837 852 843 849 856 895 862 882 836 870 843 869 854 912 866 904 838 893 840 890 849 924 874 928 852 920 849 915 854 766 811 788 836 810 843 823 843 832 845 820 812 838 813 844 819 845 824 812 800 831 802 838 809 841 816 805 793 821 796 830 801 834 809 797 791 812 793 821 797 824 802 
901 931 872 918 859 892 853 871 848 859 878 866 866 834 856 837 851 847 900 862 885 834 872 838 869 848 917 864 908 833 895 833 889 840 929 871 934 848 926 843 919 847 764 811 791 838 815 843 829 844 842 844 823 810 839 811 846 815 848 818 813 798 829 801 837 806 842 812 802 792 817 795 826 799 832 805 792 791 806 794 815 797 820 802 
908 935 875 924 863 897 858 873 851 858 880 868 869 834 858 834 853 842 902 863 887 833 873 836 869 846 920 864 910 831 896 829 888 835 931 870 939 847 932 839 925 838 757 814 782 842 811 845 829 844 845 844 819 808 839 808 849 812 852 818 809 794 829 797 838 804 844 811 797 786 816 792 827 798 833 804 787 786 805 790 814 795 818 800 
913 941 879 930 866 899 859 871 848 855 886 872 872 835 860 831 854 836 910 866 891 832 877 832 871 841 928 866 916 830 901 826 892 832 940 871 947 846 938 835 928 834 750 815 773 844 802 847 821 844 836 841 817 808 840 808 850 813 854 819 807 793 830 796 839 804 845 813 796 786 817 791 828 798 834 806 786 786 806 789 816 795 821 802 
918 949 884 935 868 903 862 874 851 858 890 878 875 838 864 830 856 833 914 870 895 834 880 831 872 837 933 869 919 832 904 827 891 832 946 872 953 847 944 835 933 834 745 818 768 846 799 849 822 846 841 845 815 806 843 807 853 816 855 826 805 791 832 795 841 807 845 819 794 785 818 791 829 802 833 814 784 786 806 789 816 798 820 808 
927 958 890 945 872 912 865 879 855 859 897 889 877 845 863 832 854 829 922 880 898 838 880 831 871 835 941 877 923 835 906 827 894 831 954 879 961 851 951 837 939 834 737 823 765 846 798 847 825 845 847 846 812 803 844 805 854 818 855 832 800 788 830 797 839 812 842 827 788 783 813 794 825 808 829 822 776 785 799 793 809 805 811 817 
935 968 896 955 875 922 867 888 859 864 902 904 880 857 864 841 853 834 929 892 902 844 882 839 874 846 949 887 928 841 909 835 898 842 963 887 968 853 955 840 942 840 724 829 755 851 792 849 820 846 843 849 806 805 840 808 850 823 852 837 794 791 823 801 833 818 836 835 780 787 805 800 817 815 820 831 768 790 789 799 800 812 803 826 
940 978 900 965 876 932 865 897 855 872 906 925 883 876 867 856 856 847 934 910 905 858 886 851 878 859 956 902 933 852 914 845 904 853 971 900 973 862 959 848 946 849 712 833 745 857 786 855 818 854 841 859 798 808 837 819 848 840 850 857 786 796 822 814 832 836 834 855 773 796 803 817 814 836 816 854 763 802 788 818 797 834 800 850 
943 988 905 980 876 952 863 918 853 892 909 948 886 899 867 876 855 864 938 930 908 878 887 869 878 874 959 918 936 869 916 860 904 865 972 913 974 874 961 859 949 858 697 839 733 861 778 861 811 864 837 871 789 817 830 833 842 856 846 874 779 811 816 830 827 853 830 873 768 814 798 836 809 856 813 874 760 822 784 838 794 855 796 871 
947 998 907 999 874 977 858 946 853 920 911 975 883 925 864 903 852 892 939 954 905 899 884 890 878 896 960 938 933 886 914 880 907 889 972 929 973 888 959 875 948 878 680 852 721 878 770 878 803 879 827 886 780 831 821 849 834 872 839 890 767 825 804 847 817 870 822 890 753 830 783 854 794 875 799 892 742 839 767 858 775 875 777 890 
943 1005 905 1012 869 997 849 975 838 950 910 999 873 948 851 929 839 921 937 975 894 917 875 915 875 925 957 954 920 902 905 905 906 918 969 939 956 895 942 894 937 904 662 863 700 892 751 898 789 903 819 911 772 852 815 873 826 899 828 919 760 848 794 877 799 906 794 929 746 851 769 885 773 909 770 930 734 859 752 887 755 907 754 926 
936 1018 897 1027 860 1014 837 992 824 971 904 1016 863 963 840 947 830 943 930 990 883 935 861 931 858 939 948 968 906 917 888 919 885 931 959 951 941 908 923 903 913 911 646 879 692 906 746 915 785 925 814 937 766 865 809 892 821 923 824 947 754 866 792 894 806 924 811 952 739 873 768 901 781 927 787 952 726 886 750 907 760 926 763 946 
924 1024 888 1037 851 1032 828 1012 813 987 895 1024 848 973 827 962 821 964 919 996 866 945 849 945 850 956 936 973 890 924 873 927 873 939 947 955 920 913 902 910 894 918 642 891 684 924 734 935 773 944 802 956 753 877 803 906 816 935 818 960 745 865 796 890 809 918 811 944 733 866 778 890 794 915 798 940 722 875 756 895 772 916 777 937 
911 1027 876 1039 839 1034 817 1012 810 984 886 1029 844 983 823 968 813 966 909 1000 856 954 838 952 838 962 925 974 877 928 859 930 858 943 934 954 903 915 884 914 878 926 636 903 678 936 729 945 769 954 798 967 750 896 800 918 812 945 812 966 741 888 785 914 797 942 799 966 729 891 762 919 776 944 779 967 717 901 744 922 754 943 756 963 
905 1027 863 1038 827 1022 811 992 813 965 877 1016 838 966 817 951 806 945 901 988 849 940 836 948 844 960 917 965 869 922 858 932 866 946 925 947 895 908 882 913 884 925 636 918 674 947 720 952 761 955 794 962 743 902 800 919 812 945 811 965 739 893 790 913 802 938 805 961 732 896 774 916 787 940 790 962 725 904 759 920 771 939 774 958 
890 1025 844 1026 821 1000 821 964 829 940 876 983 843 936 832 941 836 952 898 963 856 913 842 925 849 941 911 951 873 899 861 912 868 927 916 944 895 905 884 909 889 921 634 924 675 954 722 952 761 949 792 952 739 899 793 907 809 925 815 941 733 881 785 887 803 905 810 923 724 876 771 881 788 899 796 918 715 881 751 883 767 896 775 912 
876 1021 837 1018 821 992 822 957 824 928 875 970 860 914 837 912 827 923 895 955 869 898 843 905 835 921 902 945 877 894 853 903 846 919 900 939 881 902 863 903 857 914 638 933 680 959 723 955 761 946 793 946 740 902 789 895 809 905 820 915 730 881 780 875 801 886 812 899 719 872 763 866 785 875 798 889 708 871 744 865 765 871 777 881 
869 1024 831 1009 821 976 823 941 824 913 870 942 861 891 834 891 819 903 885 938 869 891 839 893 823 906 889 939 867 900 841 904 829 916 887 940 869 911 850 912 840 920 638 942 686 963 728 954 762 942 791 941 740 905 785 894 807 897 821 902 727 884 771 873 791 879 803 888 711 874 752 864 771 870 783 881 697 873 730 864 749 868 760 876 
856 1020 825 996 819 959 818 924 819 897 865 929 854 884 830 882 814 891 875 931 859 893 833 893 816 902 875 935 855 904 835 907 823 916 871 939 854 917 839 919 828 926 638 948 684 966 727 957 761 943 788 937 735 916 780 896 801 893 815 894 721 893 765 877 779 885 783 895 706 879 746 864 759 874 762 885 692 873 722 862 737 869 742 877 
852 1018 826 989 821 952 819 919 815 895 860 924 845 881 820 880 805 889 863 929 847 893 822 891 805 898 860 936 842 908 821 907 807 913 853 943 837 925 822 924 810 928 638 951 679 970 719 959 751 940 776 932 732 916 774 895 792 890 802 890 717 893 756 875 767 881 769 889 699 881 735 863 747 869 751 878 684 876 712 862 725 866 731 872 
854 1018 835 982 829 942 819 910 810 888 852 916 828 882 807 885 798 896 843 925 824 895 803 895 792 903 834 937 815 913 798 912 789 914 826 948 808 929 796 928 792 931 634 954 677 971 716 960 748 943 773 935 726 921 769 898 787 893 796 891 712 897 753 879 760 889 757 899 695 883 732 865 741 875 739 887 679 877 706 863 716 871 717 879 
857 1018 843 983 833 943 817 909 806 885 851 913 822 885 807 891 803 904 837 925 812 900 798 908 793 919 825 941 802 924 793 932 792 941 814 955 794 943 790 950 792 956 631 958 674 974 712 960 742 939 766 928 720 925 763 898 782 892 794 889 705 901 747 879 752 890 746 900 688 886 727 865 733 876 727 887 672 878 701 861 708 869 706 876 
857 1019 843 983 834 945 819 912 804 887 850 918 821 887 803 891 798 901 837 929 813 902 795 905 787 914 825 942 804 920 789 923 781 927 814 954 793 938 784 941 781 944 629 959 674 977 714 962 743 941 768 935 718 925 758 898 775 894 782 894 702 902 744 879 751 887 749 894 684 888 722 867 729 876 725 886 668 881 697 866 704 873 702 880 
860 1019 829 989 816 950 808 917 800 894 851 922 821 886 802 895 799 908 850 929 824 899 805 904 797 914 847 940 821 918 804 922 796 928 841 949 819 935 807 939 801 944 631 960 675 974 714 958 743 937 768 927 718 917 758 893 773 899 777 908 703 898 745 879 756 888 756 898 686 887 723 872 734 881 733 891 670 882 700 871 711 877 713 884 
870 1029 829 1011 813 973 807 935 801 908 855 935 828 892 807 899 799 915 871 934 843 900 819 906 809 919 878 939 848 912 828 918 821 931 878 945 853 923 838 927 832 938 628 958 676 970 715 950 740 926 763 916 710 903 753 881 770 894 776 909 693 888 734 876 750 889 757 902 678 883 713 877 728 890 735 903 665 886 692 879 707 889 712 900 
874 1037 831 1026 813 994 804 959 794 935 853 943 831 901 808 905 794 918 877 938 850 900 825 909 812 923 889 941 865 909 843 917 831 931 893 947 875 923 857 926 845 935 626 950 674 961 710 939 742 917 768 907 702 891 752 880 772 897 780 912 689 882 738 881 757 899 767 915 679 885 721 891 739 907 748 923 672 893 705 898 721 911 729 927 
880 1042 839 1040 815 1010 804 972 787 948 858 980 836 929 813 919 795 921 882 963 846 914 814 914 797 923 895 955 865 907 840 913 827 926 901 953 883 916 865 914 855 921 619 947 664 953 706 937 740 921 767 907 707 889 756 883 768 908 763 927 702 894 747 895 755 922 748 942 697 905 734 916 738 937 730 953 692 918 718 929 722 945 716 958 
888 1050 848 1052 819 1030 803 997 790 971 859 1006 828 956 806 943 793 941 885 986 845 933 828 940 830 952 901 973 866 922 851 932 854 946 908 965 887 922 875 923 876 935 619 948 661 958 702 944 737 928 764 914 715 896 764 898 776 921 773 938 708 897 753 909 753 938 742 958 700 906 733 927 727 950 715 966 691 919 715 935 713 953 703 966 
889 1053 854 1063 821 1050 803 1021 790 990 863 1036 832 985 808 965 794 956 889 1010 847 951 821 948 812 959 905 991 870 934 845 933 837 943 912 978 890 931 870 924 860 931 614 950 659 960 706 951 746 942 776 931 719 906 767 916 783 941 785 962 710 912 753 929 757 957 749 980 699 923 730 945 730 967 721 985 689 935 709 952 710 968 703 983 
889 1059 853 1071 819 1061 799 1034 786 1006 862 1051 827 1002 801 982 786 975 888 1022 846 967 818 960 805 969 905 999 871 947 845 944 833 953 913 982 891 942 871 937 859 944 620 956 659 968 704 968 743 965 774 960 730 923 774 929 787 951 787 970 725 931 765 945 770 969 764 989 717 944 748 959 753 978 748 995 708 956 731 967 735 982 730 997 
885 1061 850 1071 817 1060 796 1038 784 1012 862 1053 821 1006 795 990 780 987 887 1024 841 973 812 964 797 971 903 1000 867 952 838 946 823 952 910 983 886 945 863 940 848 947 615 955 658 971 703 973 742 974 775 978 726 924 776 930 790 953 788 973 720 933 761 946 774 971 776 994 711 947 741 963 755 984 759 1003 700 962 725 974 735 990 737 1006 
880 1054 843 1066 811 1054 793 1028 784 1000 858 1043 820 991 799 977 790 973 883 1015 837 961 814 963 812 976 899 994 859 942 838 947 839 961 905 978 880 935 864 938 864 953 612 957 653 976 697 980 737 981 771 982 723 924 774 926 791 947 793 966 716 928 760 937 775 960 779 980 708 937 742 948 756 967 761 986 699 948 726 957 737 971 738 986 
871 1060 830 1056 811 1029 806 997 802 971 878 998 823 959 809 973 815 988 892 985 832 944 818 963 826 981 892 978 832 940 821 962 832 982 882 975 840 943 829 954 836 970 611 955 653 973 695 976 735 979 768 987 718 919 767 914 785 934 789 953 711 921 755 924 770 945 777 964 704 929 736 935 751 952 757 971 697 939 722 943 732 956 736 970 
864 1045 827 1040 812 1009 808 971 806 945 861 971 839 929 813 934 800 947 878 961 848 926 822 940 816 957 884 957 855 927 833 941 827 960 882 958 857 938 841 946 837 959 614 952 658 975 701 972 740 973 770 987 713 910 766 905 782 924 783 941 704 901 751 906 761 931 760 952 695 903 732 911 743 933 744 953 688 911 716 917 727 934 728 951 
858 1034 825 1022 815 986 811 949 805 921 861 953 843 906 818 900 801 907 874 950 849 913 821 915 805 927 876 951 846 922 825 927 814 940 871 953 849 932 831 935 820 945 623 949 667 970 705 967 744 965 774 976 717 911 768 903 782 920 784 936 705 892 755 888 768 906 770 922 694 884 736 882 750 897 755 913 684 885 717 882 732 893 737 907 
849 1033 820 1008 811 968 803 934 794 911 851 940 832 897 808 898 795 908 859 943 836 912 811 915 797 923 858 950 832 926 813 929 802 938 853 955 831 940 816 942 805 949 624 949 670 967 709 958 741 946 767 947 722 914 757 895 765 900 767 905 706 894 740 879 754 882 761 887 687 883 718 874 732 878 740 884 669 879 694 874 705 879 708 886 
850 1032 822 1006 810 967 798 934 787 911 841 933 821 896 799 907 791 923 841 938 821 906 798 915 789 928 837 946 815 922 795 930 788 942 832 954 812 937 798 942 793 951 624 951 667 968 704 957 735 942 760 938 719 918 755 898 757 906 750 915 703 896 739 880 748 887 749 894 684 884 715 870 723 880 723 891 665 877 690 865 699 872 700 880 
857 1037 826 1008 811 968 800 934 789 909 842 937 812 905 791 916 785 928 845 941 817 916 797 922 786 931 842 951 815 935 796 940 785 946 839 960 816 949 801 954 792 960 622 956 664 975 701 964 732 947 756 944 714 926 751 903 750 913 741 924 700 903 736 883 744 890 744 897 682 888 713 872 718 885 714 897 663 879 688 868 695 876 693 884 
862 1032 826 1004 811 968 801 937 789 911 840 936 809 910 789 910 780 912 852 939 828 911 810 902 797 900 855 949 832 928 814 923 801 923 852 957 834 942 819 941 806 942 626 960 668 978 704 967 734 950 759 947 711 929 754 901 756 911 746 923 696 906 736 887 737 901 730 911 679 892 714 876 719 888 713 898 661 883 690 867 697 875 697 882 
866 1032 828 1007 811 971 801 939 791 914 841 934 808 914 788 923 780 932 856 938 822 924 800 931 787 943 861 948 827 939 808 945 795 953 860 956 835 950 818 954 807 960 625 963 668 979 704 966 735 948 762 944 709 928 751 901 760 907 756 918 695 906 735 887 742 898 739 907 678 892 715 875 724 885 723 895 662 884 691 865 703 869 708 874 
873 1031 832 1011 815 975 806 942 795 915 847 934 817 913 800 921 797 930 866 937 835 921 818 929 812 939 876 946 846 935 833 941 827 949 880 954 856 944 844 948 837 955 626 960 668 975 706 961 737 943 764 939 710 918 749 896 759 905 758 916 696 897 736 883 750 891 755 900 681 885 716 872 734 876 744 882 665 879 692 866 708 868 717 872 
879 1030 838 1019 820 985 811 950 798 928 854 939 829 899 809 905 799 917 875 937 846 909 826 917 817 929 886 943 858 925 843 931 838 943 890 950 867 935 854 940 849 950 629 955 672 968 711 950 742 933 767 930 711 900 748 887 758 902 759 916 694 885 730 876 744 887 749 898 677 880 707 876 720 887 725 899 662 882 685 878 694 887 696 898 
886 1034 844 1029 823 996 809 959 788 936 861 950 836 900 813 880 794 868 882 942 855 897 828 884 805 880 891 942 867 903 841 895 820 894 892 945 872 916 852 905 834 902 622 946 666 961 707 943 740 925 765 915 699 890 745 883 759 902 762 917 685 880 729 880 745 899 752 916 673 881 713 889 728 906 735 922 664 888 696 895 710 909 717 923 
894 1039 852 1035 826 1004 808 967 782 946 863 964 836 907 813 883 793 868 888 952 856 899 827 886 806 884 901 949 875 899 850 893 832 897 906 949 887 909 868 899 853 900 621 939 664 953 704 935 738 916 763 901 705 884 753 882 764 905 765 922 695 878 739 885 748 910 748 930 685 883 724 898 731 920 728 938 678 894 709 905 717 922 717 938 
898 1048 856 1044 827 1015 808 979 785 958 868 988 845 935 824 913 806 900 894 970 863 909 837 904 826 911 911 959 883 903 859 902 848 911 918 956 901 909 880 902 868 907 621 937 667 946 709 931 744 914 770 898 709 882 758 882 765 905 762 923 700 881 742 890 749 914 747 932 691 890 726 906 732 927 731 943 683 902 710 913 717 930 718 945 
903 1051 860 1049 828 1020 812 981 792 954 873 1003 841 953 813 931 794 918 900 980 864 920 834 914 819 921 917 965 887 907 858 905 846 915 924 957 906 908 883 902 871 910 621 936 665 942 708 930 745 913 774 900 715 881 765 886 779 907 782 925 706 885 747 899 749 924 745 944 698 897 731 914 732 934 728 950 690 909 714 921 717 937 715 952 
906 1052 863 1050 830 1021 813 982 790 957 881 1013 841 962 811 939 793 925 908 988 867 927 835 921 823 930 923 970 892 910 861 908 847 918 929 959 911 909 885 902 870 911 621 936 664 943 706 932 743 918 773 905 716 883 768 887 779 909 776 928 712 890 755 903 755 928 747 948 708 903 741 919 741 939 732 956 702 916 727 928 728 944 721 959 
907 1047 866 1046 834 1017 816 981 792 958 885 1014 845 964 817 942 799 928 912 989 873 932 841 922 826 926 927 969 897 912 866 907 851 914 933 955 917 908 891 901 875 907 625 937 665 945 706 932 744 917 773 908 718 881 772 890 783 914 780 933 714 887 760 901 764 927 759 947 709 900 745 917 749 939 743 956 704 913 731 925 736 943 731 959 
905 1044 862 1043 834 1015 822 978 801 955 887 1007 848 954 817 938 798 932 913 982 873 925 840 920 825 928 927 964 897 909 866 905 850 913 932 951 917 906 892 898 876 903 628 936 668 946 710 935 751 923 784 915 719 879 774 886 786 911 783 929 714 879 763 892 771 918 768 937 708 889 747 907 752 930 749 946 701 902 732 915 738 933 736 949 
903 1040 862 1038 836 1008 824 970 802 948 886 996 857 941 831 925 815 919 912 975 875 917 842 913 828 919 926 960 897 903 867 900 852 909 931 949 916 901 893 894 879 901 633 936 671 951 710 938 750 928 782 931 714 877 772 873 792 897 801 919 709 869 766 872 792 893 809 911 705 874 750 885 768 907 778 929 702 884 736 893 751 910 758 929 
895 1039 857 1034 835 1002 827 962 806 942 887 979 861 923 833 914 814 916 909 962 874 906 839 906 822 914 919 952 891 897 861 899 846 910 921 945 907 900 883 893 868 899 636 935 678 953 717 942 754 929 786 933 718 884 770 874 788 892 798 907 707 867 762 862 788 876 806 888 696 861 743 863 766 878 781 893 688 863 725 864 743 877 753 891 
889 1041 853 1031 835 996 826 957 806 936 883 962 860 914 834 907 814 908 903 951 873 903 839 903 818 911 910 946 887 900 859 899 841 907 910 945 895 907 873 899 858 901 634 936 680 952 717 943 754 928 784 926 718 895 772 884 787 897 790 910 706 872 759 870 774 885 778 897 693 859 738 861 750 874 751 885 682 855 718 853 730 863 732 873 
884 1043 850 1027 836 991 826 953 807 929 887 957 863 908 834 903 810 906 901 950 875 903 844 904 822 912 903 949 878 911 852 914 833 922 899 950 880 922 858 922 841 927 633 938 679 954 721 944 758 933 787 939 721 908 771 886 783 894 784 904 706 883 755 873 758 887 752 896 692 867 736 860 739 872 733 881 679 857 713 849 721 858 719 866 
878 1041 848 1021 838 983 829 944 811 920 891 948 865 904 836 901 813 906 902 944 869 910 840 913 819 919 901 946 871 916 846 919 827 925 896 948 874 927 855 927 838 930 635 939 680 955 722 946 759 932 788 937 722 912 774 887 782 897 778 907 707 887 759 873 760 887 751 896 693 870 739 858 742 872 733 881 679 859 715 847 722 857 718 865 
880 1038 852 1015 845 977 837 940 823 914 900 942 871 901 842 898 820 901 906 941 873 911 846 915 828 922 904 944 872 919 850 923 834 931 898 948 872 932 854 935 841 939 637 938 680 957 722 948 757 933 786 935 725 911 773 891 793 891 803 893 711 886 762 869 769 881 765 890 696 870 743 854 750 866 745 876 682 859 718 844 728 853 727 861 
884 1035 862 1007 855 968 846 932 832 906 910 936 880 897 851 895 831 900 909 936 877 909 852 915 838 924 903 940 874 918 853 924 840 933 896 945 873 930 856 935 845 942 639 937 680 955 722 948 758 932 786 933 724 912 774 890 796 885 808 883 711 886 765 866 773 876 770 885 697 868 744 850 753 861 749 872 682 858 718 841 730 849 731 858 
892 1035 870 1003 861 964 848 928 833 903 917 931 884 892 853 891 833 897 915 933 882 903 853 907 834 915 907 939 878 914 855 918 838 926 900 945 876 929 857 930 845 935 639 935 680 954 721 946 756 930 784 925 724 910 775 886 795 883 807 882 710 884 764 862 774 872 773 881 696 867 743 846 754 857 752 868 682 858 717 839 730 847 732 856 
896 1031 872 999 862 961 848 926 832 901 918 926 882 888 851 887 830 893 918 928 881 900 854 907 836 917 912 935 879 912 856 918 840 928 905 942 879 927 860 930 847 936 637 932 678 951 718 942 752 925 780 919 723 905 774 882 796 880 809 880 710 879 765 858 777 869 777 880 696 863 744 843 756 854 756 866 684 854 719 834 733 842 736 852 
897 1027 871 995 859 956 846 922 832 898 919 924 883 886 851 884 829 889 922 926 882 899 858 908 843 920 917 932 881 910 861 919 848 932 911 937 883 923 865 929 853 937 634 931 676 947 717 937 753 921 782 919 719 901 771 877 795 872 810 871 706 874 761 853 772 865 769 878 692 857 739 835 751 848 749 861 678 848 711 825 726 833 729 843 
897 1025 870 997 860 957 847 922 831 897 919 922 884 884 852 881 827 885 922 923 882 896 855 902 837 912 917 929 881 907 858 914 842 923 911 934 882 922 863 926 848 931 629 926 672 941 713 930 748 914 778 913 716 891 764 867 788 865 802 865 702 865 755 845 761 858 755 870 688 847 734 828 741 841 736 853 675 837 707 817 718 826 717 836 
896 1025 871 996 860 956 846 921 832 895 919 921 886 883 854 879 829 880 921 924 883 897 852 900 829 906 914 930 879 909 854 914 835 921 907 936 880 924 860 926 843 930 626 922 669 935 707 923 740 905 768 901 712 881 756 857 779 853 793 855 698 856 742 833 755 842 755 855 682 840 719 816 732 825 734 838 667 831 690 807 703 811 708 821 
896 1025 871 997 859 957 846 921 831 894 919 923 885 883 853 880 827 882 920 925 884 894 852 895 827 902 914 930 880 906 854 910 834 918 906 935 879 921 859 923 842 928 620 920 663 931 700 917 730 897 758 893 703 873 744 850 766 843 779 841 687 851 728 822 745 827 748 839 670 838 703 808 721 812 729 823 654 833 674 801 691 797 703 802 
897 1025 871 998 858 959 843 921 826 895 918 925 884 884 852 880 826 881 922 926 883 895 852 897 828 903 917 931 880 908 855 911 835 919 909 937 881 923 860 924 842 929 619 916 664 925 697 911 724 893 750 887 699 863 734 842 750 842 758 847 682 843 717 816 736 817 744 827 663 833 690 803 709 801 721 807 645 828 662 798 678 790 691 792 
899 1028 869 1000 855 960 841 924 825 900 915 929 881 889 851 883 827 882 925 930 889 893 857 889 832 892 924 935 890 905 863 904 841 907 919 941 894 920 872 917 853 917 618 916 663 923 696 907 722 892 746 888 694 859 733 842 746 845 750 853 676 840 711 813 730 816 738 826 657 832 681 800 702 799 715 806 639 831 650 798 665 786 678 783 
897 1027 863 1003 848 962 836 926 822 902 908 932 872 892 841 885 816 883 920 931 880 893 847 889 819 891 920 935 883 904 855 904 833 908 915 940 887 918 865 918 847 921 615 917 658 926 690 911 716 896 740 892 690 858 731 844 739 858 735 873 672 840 709 815 728 822 733 835 653 834 679 802 700 800 713 806 635 836 644 804 657 791 668 784 
893 1028 858 1007 842 968 830 932 817 910 901 939 866 896 835 892 811 894 913 936 874 898 842 898 817 902 915 939 879 907 852 910 832 917 910 944 882 922 861 924 844 931 614 920 656 928 688 913 714 901 737 899 690 860 729 854 737 866 734 880 672 842 707 820 728 825 737 836 652 836 679 803 699 803 711 810 634 838 640 807 650 790 659 780 
890 1032 854 1012 837 976 825 941 812 916 890 943 855 903 828 898 808 898 905 939 870 901 841 897 818 902 909 941 879 909 854 908 835 912 907 945 886 921 868 918 852 921 614 924 656 933 685 919 709 907 729 906 691 865 726 859 732 870 729 884 673 848 705 826 725 828 734 838 652 842 677 810 695 806 708 809 633 845 636 813 643 795 649 783 
880 1031 848 1011 831 978 818 944 805 922 881 940 844 906 818 902 798 904 894 934 854 902 825 899 801 904 898 935 862 906 836 905 814 910 895 939 870 915 848 911 828 912 613 927 655 936 686 922 711 909 733 909 690 869 722 862 730 873 729 887 672 853 701 830 721 830 731 838 651 847 673 816 692 811 705 814 630 849 632 819 637 801 642 789 
879 1034 843 1014 824 978 811 944 799 921 877 944 843 909 818 904 799 904 893 940 857 905 829 902 807 905 897 942 867 911 843 909 824 913 895 946 875 921 857 916 840 916 612 927 655 937 684 925 704 913 723 912 690 872 718 865 724 877 724 890 671 857 698 835 716 835 725 841 649 851 670 820 687 813 700 813 628 853 630 823 634 805 638 793 
877 1032 840 1014 820 977 808 943 796 923 872 944 838 910 814 905 796 905 889 937 851 905 825 906 807 911 897 936 862 908 840 910 826 916 895 939 873 915 856 914 843 919 614 929 654 939 684 927 705 915 723 915 689 876 714 867 720 877 721 889 671 861 697 837 714 836 724 840 649 854 668 824 683 815 694 813 628 856 628 826 631 809 634 798 
871 1031 835 1012 816 977 806 944 796 922 864 944 833 912 812 906 797 905 884 937 849 905 825 901 807 903 894 937 866 907 845 903 829 906 896 941 879 914 863 907 849 906 613 931 653 940 684 926 706 913 724 912 688 877 712 875 718 885 718 894 670 861 696 843 713 841 723 844 648 855 666 826 682 818 693 815 627 858 626 829 629 812 630 800 
866 1030 831 1011 813 976 802 944 793 922 860 944 830 910 809 907 793 909 881 938 846 904 821 903 803 907 891 938 860 907 840 906 823 912 893 941 874 916 857 911 843 912 614 930 654 941 686 927 708 912 725 905 688 879 708 879 714 889 714 899 670 863 693 846 710 845 718 848 648 857 664 828 679 819 689 817 627 860 625 832 627 816 627 804 
861 1031 827 1010 809 975 798 943 787 922 857 944 827 911 806 908 789 909 877 938 842 906 817 904 798 907 886 939 859 909 838 907 821 911 888 943 872 919 857 914 842 914 615 931 656 943 689 929 708 910 720 899 689 881 708 878 714 887 714 895 670 866 692 848 707 846 716 848 647 860 662 832 676 822 687 817 626 862 626 835 627 819 628 807 
856 1028 822 1008 804 975 794 943 783 922 852 943 821 913 800 909 784 909 873 938 839 905 814 901 794 903 883 938 854 909 833 906 816 909 884 942 866 919 851 914 836 913 618 933 658 946 691 931 708 910 717 897 690 883 710 879 717 885 719 892 671 867 694 851 710 849 721 850 649 861 664 835 678 826 688 822 628 863 627 837 628 822 628 811 
851 1030 817 1009 800 975 789 945 779 925 846 944 815 912 794 909 779 910 866 940 835 908 810 905 791 908 877 943 851 914 830 911 814 914 879 949 865 926 850 920 837 921 621 933 661 947 695 932 710 909 711 895 691 883 712 875 720 877 724 880 672 868 695 853 711 850 721 850 650 862 665 837 678 829 687 826 629 864 629 839 630 824 630 813 
845 1028 812 1008 795 974 784 943 773 925 839 945 809 913 788 909 771 908 860 940 830 908 805 905 785 906 870 942 849 913 828 910 810 913 874 948 863 924 850 919 836 919 623 934 662 949 695 933 711 910 717 896 694 883 721 872 736 871 747 871 674 867 698 852 715 849 727 850 651 862 666 838 679 831 689 829 630 865 629 839 631 824 631 813 
840 1029 808 1008 789 973 777 942 765 923 835 944 804 914 784 908 769 906 854 940 825 908 801 904 782 903 864 941 842 912 821 907 804 907 866 946 855 922 840 914 826 912 622 934 662 949 695 935 708 914 704 903 693 883 717 871 724 870 727 872 673 868 697 852 711 850 720 851 650 862 668 838 682 833 691 832 630 864 630 839 631 824 631 813 
837 1028 803 1007 784 972 772 940 762 919 827 944 795 912 775 906 762 904 847 939 816 906 793 902 775 904 856 941 835 910 814 905 798 908 859 945 848 919 834 912 820 910 622 933 663 948 695 935 708 914 702 902 692 882 716 869 725 868 730 868 672 867 697 851 714 848 724 849 650 862 669 838 683 834 694 835 629 864 630 839 632 824 632 813 
833 1026 798 1007 778 972 768 940 759 920 822 943 792 914 772 905 759 900 842 938 812 908 789 900 771 898 852 939 829 909 809 900 792 898 854 943 840 916 825 906 810 901 621 933 663 948 696 934 708 914 701 904 691 881 714 869 725 866 731 864 671 867 696 851 713 849 724 849 649 862 669 839 685 834 696 835 629 864 630 840 632 825 632 813 
829 1021 793 1003 776 969 766 941 759 921 816 936 787 910 769 902 757 897 837 934 810 904 788 897 772 895 848 937 829 907 810 899 795 896 851 943 839 917 826 906 813 901 619 934 661 948 694 934 707 913 701 902 691 878 715 867 724 865 730 865 671 865 695 850 711 849 720 851 649 861 667 840 682 837 692 839 629 864 630 840 632 826 633 815 
827 1022 792 1003 775 967 765 937 757 918 816 936 786 910 767 902 755 897 836 933 809 905 788 898 773 895 847 937 828 908 810 899 795 897 850 944 839 917 826 906 813 900 619 935 661 948 695 934 708 914 702 902 690 879 716 867 727 865 734 865 671 866 696 850 713 848 723 851 649 861 667 841 682 838 693 839 629 864 630 840 631 825 632 814 
828 1021 792 1003 775 968 766 938 757 919 816 937 787 911 768 903 756 898 837 933 810 905 789 898 773 896 848 936 829 907 810 899 795 898 851 942 840 916 828 906 815 902 618 936 660 949 693 934 707 915 702 904 689 881 714 869 725 866 733 864 671 867 694 852 711 849 722 849 649 862 666 842 679 839 689 840 629 864 629 839 631 824 632 813 
828 1020 793 1002 776 968 769 940 762 921 816 939 790 912 771 905 758 901 837 935 812 905 791 899 775 898 849 937 829 908 810 900 795 899 853 942 842 917 829 907 816 903 617 937 659 950 693 935 707 915 703 904 689 881 713 870 724 868 730 868 670 867 693 852 710 850 721 852 648 863 666 842 680 840 690 842 629 865 629 840 631 825 633 813 
829 1021 794 1002 780 969 774 943 769 926 818 938 792 914 775 909 764 907 838 934 813 906 793 900 778 897 851 936 832 908 814 899 799 897 855 942 847 918 836 908 823 903 617 938 658 951 691 936 704 915 698 905 688 882 713 871 723 868 730 867 669 868 693 853 710 850 720 852 648 863 666 843 681 840 692 842 628 866 629 841 631 826 633 815 
833 1023 798 1003 782 971 776 945 773 928 818 938 795 916 779 912 768 910 840 934 817 908 798 900 783 896 854 938 838 910 822 900 808 896 860 944 854 919 845 908 834 902 615 939 657 951 691 936 703 915 698 903 687 883 711 873 721 870 728 868 669 869 692 854 708 851 719 852 648 864 666 843 680 841 690 843 628 866 629 841 631 826 632 815 
837 1023 801 1005 785 973 777 947 773 929 820 939 796 917 781 912 769 910 841 935 818 909 799 900 784 895 854 938 838 910 822 900 807 896 860 945 851 921 840 910 828 905 616 939 658 952 691 936 704 915 697 904 687 881 712 872 722 870 729 870 669 867 693 852 710 850 722 852 648 864 665 843 679 841 690 843 628 867 628 842 630 827 632 816 
840 1024 805 1007 788 975 780 949 776 932 823 941 799 920 785 913 775 907 844 937 820 911 802 902 787 897 857 940 840 912 824 903 810 900 863 946 854 921 843 910 831 906 616 939 658 952 692 937 703 915 696 904 687 883 711 871 722 868 729 866 668 869 692 853 709 850 721 852 647 865 666 843 681 839 692 841 628 867 628 842 630 826 632 815 
844 1027 809 1009 792 977 784 950 780 931 826 943 802 922 788 916 777 910 847 939 824 913 805 906 791 902 861 941 842 914 826 906 812 903 867 948 857 923 846 913 834 909 617 936 658 950 691 936 703 915 696 907 688 879 712 868 723 864 731 861 669 866 693 850 711 847 722 849 648 862 667 841 683 837 693 838 628 866 628 841 630 826 632 815 
852 1028 815 1011 798 977 791 948 787 929 835 944 809 923 793 918 782 913 856 940 831 913 811 907 796 905 868 942 849 915 832 907 818 905 872 947 861 923 849 914 837 909 617 934 661 948 695 932 704 910 695 901 689 876 715 865 727 860 734 858 669 862 695 847 712 844 723 846 648 859 668 837 683 835 692 838 629 862 630 836 632 819 634 807 
861 1030 826 1012 809 978 800 948 793 926 849 947 821 920 804 914 792 910 869 943 840 914 819 908 803 906 879 946 857 916 839 909 823 909 883 951 868 926 854 917 840 914 621 931 664 945 697 930 706 907 698 897 693 874 720 861 733 858 740 858 673 860 698 843 716 840 727 843 651 857 672 834 688 829 698 832 631 860 633 832 636 816 639 804 
873 1031 839 1013 824 977 818 946 813 925 866 952 845 921 827 910 814 903 884 949 862 916 840 909 823 907 891 951 873 919 854 913 839 913 892 955 879 928 865 918 853 915 621 927 665 942 699 928 711 906 706 896 697 872 725 859 740 854 750 852 678 857 702 841 721 836 734 838 656 853 677 831 693 827 705 829 636 855 638 829 643 813 646 802 
887 1033 857 1013 843 973 837 940 831 919 891 947 861 916 842 907 828 901 906 945 880 915 859 907 842 907 911 949 890 921 870 913 855 913 909 954 894 929 878 919 864 916 627 923 669 938 705 923 717 900 715 887 703 868 733 855 747 853 757 856 683 853 709 836 728 833 740 837 662 849 684 827 701 822 711 825 642 853 647 826 652 809 656 797 
900 1032 873 1008 863 971 859 942 857 926 914 954 895 919 876 906 857 901 926 953 908 918 886 907 865 904 930 954 912 921 893 912 874 910 927 956 913 929 898 917 882 913 633 920 676 935 711 921 727 898 733 884 710 866 740 851 756 848 767 849 690 851 718 833 737 830 750 833 670 847 692 824 709 819 721 820 650 849 655 824 660 809 664 799 
916 1025 893 1001 886 963 884 933 882 914 940 948 923 912 901 899 882 894 951 948 936 915 913 903 893 900 952 950 938 919 920 909 903 905 948 953 938 925 925 913 912 908 639 918 683 932 720 917 738 893 742 876 717 864 749 848 765 846 775 848 698 849 727 829 746 826 759 830 678 843 703 820 721 815 733 817 659 844 666 817 673 800 677 789 
932 1020 910 993 909 955 912 924 912 908 964 949 948 906 925 893 904 888 976 949 957 907 931 896 908 894 976 951 959 913 937 904 917 902 969 951 958 922 942 912 927 908 653 914 697 927 733 913 749 889 752 873 730 860 758 845 771 841 781 840 711 844 738 826 756 822 769 823 691 838 715 817 731 811 743 812 672 839 680 813 686 796 691 785 
946 1020 927 991 927 954 928 924 926 905 981 946 965 905 945 890 929 882 992 947 977 908 956 894 936 888 992 950 978 915 960 903 944 896 986 951 977 922 964 909 951 901 665 910 708 926 743 912 760 890 773 876 742 859 772 842 787 838 798 837 723 842 751 823 770 819 784 821 703 836 728 814 747 809 760 811 684 836 693 810 702 794 708 784 
955 1015 936 986 937 950 940 919 940 897 991 944 978 902 959 886 943 878 1003 946 989 903 967 889 947 884 1005 948 990 909 970 897 952 892 1000 950 991 918 976 904 962 896 677 910 720 927 757 913 776 889 789 876 757 858 787 841 803 837 815 836 738 841 767 822 786 817 800 819 718 834 744 811 763 807 776 808 699 835 710 809 719 793 725 782 
961 1016 942 986 944 947 947 914 948 892 996 941 982 898 964 882 951 871 1010 943 996 900 974 886 955 879 1012 947 1000 909 981 895 963 889 1007 950 1000 920 987 907 974 899 690 910 734 928 772 913 790 892 802 879 773 858 804 842 819 838 831 837 753 842 782 822 800 817 813 819 733 836 758 813 775 807 787 808 713 836 722 810 731 795 739 785 
964 1014 944 982 944 943 947 910 949 889 998 936 983 893 965 878 951 867 1010 939 994 896 972 883 953 876 1012 943 996 906 976 896 957 893 1008 946 995 921 979 912 964 908 709 915 754 933 791 917 808 894 818 880 792 863 823 846 839 841 850 841 772 845 800 823 819 820 832 822 751 838 776 816 793 811 805 812 733 839 743 812 752 798 760 790 
961 1007 939 976 939 940 942 909 942 889 991 932 977 890 961 874 948 863 1005 935 991 893 972 878 954 871 1008 939 998 901 981 889 964 885 1005 942 999 914 988 902 976 895 726 919 772 937 807 920 824 899 836 887 812 867 841 850 854 845 862 845 792 850 817 829 834 824 846 826 771 843 794 821 811 817 822 818 751 843 760 817 769 802 776 792 
954 1003 930 975 929 938 932 907 932 888 976 930 970 888 955 872 941 863 991 933 985 891 965 877 948 872 996 937 993 899 975 888 959 885 994 939 995 910 985 897 974 891 742 925 786 944 822 930 840 909 853 895 833 875 861 859 872 857 877 860 813 857 838 836 853 834 862 839 790 850 814 828 830 825 841 827 769 849 778 824 787 810 792 801 
947 1000 921 973 917 938 918 910 916 892 959 921 951 883 936 869 924 862 975 923 969 884 951 871 936 865 982 926 978 891 963 879 949 873 982 930 981 902 971 889 961 882 755 936 798 957 832 945 850 927 859 913 847 888 875 870 885 866 890 865 828 870 854 847 868 846 875 850 806 860 831 838 844 837 853 840 785 858 796 832 804 817 809 807 
936 995 909 973 902 941 902 912 902 896 942 920 933 885 920 871 909 865 959 918 950 882 934 870 920 866 967 920 960 886 945 875 931 871 969 923 964 896 954 883 943 877 770 951 812 970 845 961 861 944 864 929 860 905 886 884 898 876 904 872 840 886 864 861 876 858 882 860 818 876 841 854 852 850 860 851 797 873 810 848 819 837 826 832 
774 963 813 988 850 979 869 963 875 949 870 930 896 906 908 891 913 882 852 909 876 881 889 869 899 860 832 897 854 874 867 864 878 858 811 892 823 871 830 861 836 855 923 990 901 967 898 940 897 919 896 903 945 908 931 881 914 869 899 865 946 908 935 878 918 867 902 863 941 909 932 879 917 866 903 861 929 911 924 884 915 872 904 865 
783 980 821 1005 857 999 876 980 884 966 875 943 903 921 918 909 927 900 859 922 883 897 897 887 908 880 840 912 862 888 873 879 883 875 821 909 835 887 844 877 851 872 916 994 921 964 923 938 919 921 914 907 936 914 925 888 910 873 893 867 930 913 920 883 905 869 888 861 920 914 912 883 899 868 884 861 906 917 898 891 890 876 880 867 
-1 -1 -1 -1 -1 -1 -1 -1 -1 -1 -1 -1 -1 -1 -1 -1 -1 -1 -1 -1 -1 -1 -1 -1 -1 -1 -1 -1 -1 -1 -1 -1 -1 -1 -1 -1 -1 -1 -1 -1 -1 -1 783 989 820 1017 856 1015 875 997 888 983 873 961 903 934 918 919 928 908 855 940 884 910 900 898 912 890 836 929 860 904 875 894 886 887 817 925 836 905 846 895 853 890 
-1 -1 -1 -1 -1 -1 -1 -1 -1 -1 -1 -1 -1 -1 -1 -1 -1 -1 -1 -1 -1 -1 -1 -1 -1 -1 -1 -1 -1 -1 -1 -1 -1 -1 -1 -1 -1 -1 -1 -1 -1 -1 782 998 818 1026 853 1023 874 1008 886 994 870 970 898 940 913 924 923 913 853 949 881 916 897 902 909 895 835 938 858 909 873 896 884 889 817 935 833 913 843 904 850 900 
-1 -1 -1 -1 -1 -1 -1 -1 -1 -1 -1 -1 -1 -1 -1 -1 -1 -1 -1 -1 -1 -1 -1 -1 -1 -1 -1 -1 -1 -1 -1 -1 -1 -1 -1 -1 -1 -1 -1 -1 -1 -1 780 1000 817 1027 849 1025 868 1011 879 1000 864 972 890 944 903 926 911 914 846 953 872 919 886 901 894 888 827 943 848 914 861 899 870 888 810 941 828 919 839 907 848 899 
-1 -1 -1 -1 -1 -1 -1 -1 -1 -1 -1 -1 -1 -1 -1 -1 -1 -1 -1 -1 -1 -1 -1 -1 -1 -1 -1 -1 -1 -1 -1 -1 -1 -1 -1 -1 -1 -1 -1 -1 -1 -1 776 1001 812 1026 845 1025 862 1009 873 998 857 972 881 945 893 930 902 920 837 955 859 923 872 906 880 895 819 946 837 920 847 907 855 898 802 945 817 924 827 913 835 907 
-1 -1 -1 -1 -1 -1 -1 -1 -1 -1 -1 -1 -1 -1 -1 -1 -1 -1 -1 -1 -1 -1 -1 -1 -1 -1 -1 -1 -1 -1 -1 -1 -1 -1 -1 -1 -1 -1 -1 -1 -1 -1 772 999 807 1023 838 1021 856 1009 869 1005 847 968 872 942 886 927 896 915 828 952 851 923 863 906 870 894 810 946 828 921 839 906 845 894 794 945 809 927 820 915 828 906 
-1 -1 -1 -1 -1 -1 -1 -1 -1 -1 -1 -1 -1 -1 -1 -1 -1 -1 -1 -1 -1 -1 -1 -1 -1 -1 -1 -1 -1 -1 -1 -1 -1 -1 -1 -1 -1 -1 -1 -1 -1 -1 769 995 803 1019 834 1018 852 1008 866 1003 841 965 866 939 879 923 887 911 823 948 846 917 858 898 864 884 805 941 823 915 834 898 840 885 789 941 805 923 815 911 823 903 
-1 -1 -1 -1 -1 -1 -1 -1 -1 -1 -1 -1 -1 -1 -1 -1 -1 -1 -1 -1 -1 -1 -1 -1 -1 -1 -1 -1 -1 -1 -1 -1 -1 -1 -1 -1 -1 -1 -1 -1 -1 -1 764 995 800 1018 832 1017 850 1006 862 1002 836 964 856 942 867 928 875 917 817 950 833 923 843 906 849 893 799 944 813 923 823 908 832 898 784 948 794 935 802 926 808 922 
-1 -1 -1 -1 -1 -1 -1 -1 -1 -1 -1 -1 -1 -1 -1 -1 -1 -1 -1 -1 -1 -1 -1 -1 -1 -1 -1 -1 -1 -1 -1 -1 -1 -1 -1 -1 -1 -1 -1 -1 -1 -1 764 995 798 1018 831 1015 851 1005 862 1001 836 965 857 945 868 930 877 920 817 950 833 926 843 911 849 899 800 944 815 925 825 911 833 902 785 947 798 932 807 922 814 916 
-1 -1 -1 -1 -1 -1 -1 -1 -1 -1 -1 -1 -1 -1 -1 -1 -1 -1 -1 -1 -1 -1 -1 -1 -1 -1 -1 -1 -1 -1 -1 -1 -1 -1 -1 -1 -1 -1 -1 -1 -1 -1 766 995 799 1018 831 1016 849 1005 859 1002 837 965 858 944 870 930 879 920 818 950 835 925 845 911 852 900 801 945 816 925 826 911 834 901 786 947 797 933 806 924 812 918 
-1 -1 -1 -1 -1 -1 -1 -1 -1 -1 -1 -1 -1 -1 -1 -1 -1 -1 -1 -1 -1 -1 -1 -1 -1 -1 -1 -1 -1 -1 -1 -1 -1 -1 -1 -1 -1 -1 -1 -1 -1 -1 768 996 801 1019 832 1017 850 1007 861 1003 838 967 860 945 872 932 881 923 821 953 838 927 848 913 855 902 803 947 816 928 825 917 832 909 787 949 797 936 805 929 810 925 
768 997 801 1021 833 1020 852 1010 865 1008 839 970 861 949 874 936 883 927 822 955 841 930 851 916 858 905 806 949 820 930 830 918 838 910 792 951 805 936 814 927 821 922 797 996 828 1012 852 1004 861 991 866 974 879 959 892 934 884 922 874 918 863 947 881 919 870 908 858 904 843 941 860 912 849 900 839 895 821 940 825 918 822 909 817 907 
-1 -1 -1 -1 -1 -1 -1 -1 -1 -1 -1 -1 -1 -1 -1 -1 -1 -1 -1 -1 -1 -1 -1 -1 -1 -1 -1 -1 -1 -1 -1 -1 -1 -1 -1 -1 -1 -1 -1 -1 -1 -1 768 1000 801 1025 833 1025 851 1015 864 1013 840 975 862 954 875 942 885 933 822 960 840 935 852 921 859 910 805 953 820 933 831 920 839 911 790 954 803 939 813 929 820 922 
-1 -1 -1 -1 -1 -1 -1 -1 -1 -1 -1 -1 -1 -1 -1 -1 -1 -1 -1 -1 -1 -1 -1 -1 -1 -1 -1 -1 -1 -1 -1 -1 -1 -1 -1 -1 -1 -1 -1 -1 -1 -1 768 1002 800 1027 832 1028 850 1019 863 1017 840 977 863 957 876 944 886 935 823 962 841 938 851 924 859 914 805 956 820 937 830 924 838 916 790 956 802 943 811 935 817 930 
766 1005 799 1030 832 1030 853 1021 867 1020 839 981 862 961 876 948 887 939 822 966 840 942 852 928 860 918 805 959 819 940 828 930 836 923 789 959 801 946 810 938 817 934 774 998 809 1022 840 1021 860 1014 874 1006 858 965 885 937 892 923 892 914 839 951 866 923 870 910 865 904 820 946 846 925 850 911 849 905 802 948 819 932 827 923 831 920 
-1 -1 -1 -1 -1 -1 -1 -1 -1 -1 -1 -1 -1 -1 -1 -1 -1 -1 -1 -1 -1 -1 -1 -1 -1 -1 -1 -1 -1 -1 -1 -1 -1 -1 -1 -1 -1 -1 -1 -1 -1 -1 767 1006 799 1033 832 1033 852 1024 866 1023 840 983 865 962 880 949 891 941 823 968 842 943 854 929 863 919 807 961 822 942 833 930 841 922 792 961 806 947 815 938 822 934 
-1 -1 -1 -1 -1 -1 -1 -1 -1 -1 -1 -1 -1 -1 -1 -1 -1 -1 -1 -1 -1 -1 -1 -1 -1 -1 -1 -1 -1 -1 -1 -1 -1 -1 -1 -1 -1 -1 -1 -1 -1 -1 767 1007 800 1034 831 1036 850 1027 863 1023 842 985 868 962 883 950 895 941 825 969 843 943 855 928 862 916 808 963 822 944 833 934 841 927 793 963 807 952 816 946 823 943 
-1 -1 -1 -1 -1 -1 -1 -1 -1 -1 -1 -1 -1 -1 -1 -1 -1 -1 -1 -1 -1 -1 -1 -1 -1 -1 -1 -1 -1 -1 -1 -1 -1 -1 -1 -1 -1 -1 -1 -1 -1 -1 767 1010 799 1035 831 1037 851 1029 864 1026 845 987 868 965 882 952 893 943 828 971 843 947 853 933 860 921 811 964 824 947 834 939 840 935 795 964 808 953 817 949 824 949 
-1 -1 -1 -1 -1 -1 -1 -1 -1 -1 -1 -1 -1 -1 -1 -1 -1 -1 -1 -1 -1 -1 -1 -1 -1 -1 -1 -1 -1 -1 -1 -1 -1 -1 -1 -1 -1 -1 -1 -1 -1 -1 767 1009 799 1035 831 1038 853 1029 868 1026 846 987 870 965 883 951 893 942 829 972 846 947 856 933 864 924 813 964 828 947 837 940 844 937 798 964 812 955 821 952 827 953 
-1 -1 -1 -1 -1 -1 -1 -1 -1 -1 -1 -1 -1 -1 -1 -1 -1 -1 -1 -1 -1 -1 -1 -1 -1 -1 -1 -1 -1 -1 -1 -1 -1 -1 -1 -1 -1 -1 -1 -1 -1 -1 769 1008 801 1036 834 1038 855 1029 871 1026 849 988 872 965 885 951 894 941 833 972 849 947 859 933 865 922 816 964 831 949 841 943 846 941 802 964 814 955 823 953 828 954 
913 1013 885 998 871 977 863 958 861 943 893 939 875 915 863 913 858 918 913 935 901 900 885 897 875 904 928 938 924 904 911 901 901 907 937 946 944 926 938 918 931 917 772 1010 803 1037 834 1039 854 1030 869 1027 850 989 873 967 885 953 894 942 835 974 852 951 860 936 865 924 819 966 836 950 845 943 851 938 805 965 818 955 827 952 832 952 
774 1010 805 1039 836 1041 856 1032 870 1029 852 990 875 967 887 953 896 942 836 974 854 952 863 937 868 924 821 966 839 952 849 945 855 940 808 966 823 957 832 954 837 954 921 1012 933 990 940 966 939 952 934 939 950 942 943 912 928 908 922 916 942 936 931 901 914 901 907 911 927 934 916 897 898 899 888 909 906 937 891 908 876 909 867 920 
775 1013 807 1041 839 1042 860 1034 874 1032 854 992 877 968 890 953 899 942 839 976 857 954 866 940 871 930 823 969 841 955 851 948 856 943 810 969 823 963 832 963 835 964 929 1013 940 991 946 963 946 946 941 931 961 937 948 909 929 909 917 919 955 934 942 903 922 904 911 913 941 932 930 900 910 901 898 910 921 933 911 905 896 904 885 910 
775 1015 807 1043 839 1044 860 1037 875 1035 856 994 879 970 891 956 900 945 841 978 860 957 869 943 874 932 825 971 844 958 854 950 860 945 812 972 826 967 834 966 838 966 937 1013 953 989 958 962 955 946 950 931 977 940 967 915 948 912 936 918 970 934 960 906 940 906 926 914 956 930 946 902 924 903 909 911 937 928 927 905 911 903 898 906 
945 1013 921 990 918 959 916 935 907 919 960 938 955 906 937 899 922 901 976 940 969 906 949 901 933 905 984 944 979 910 960 905 945 908 984 947 983 920 971 911 959 909 774 1018 807 1046 840 1048 863 1040 879 1037 857 997 880 974 893 959 903 948 842 981 861 960 871 947 877 936 826 974 845 960 857 952 864 946 814 974 829 967 838 964 844 964 
958 1018 932 996 929 961 929 932 919 916 971 947 971 907 954 898 940 899 988 950 988 910 966 903 950 907 995 954 995 917 976 912 962 915 997 958 997 929 985 920 973 918 774 1017 809 1048 844 1049 865 1041 882 1038 862 996 886 974 899 958 908 947 846 981 868 959 880 947 888 937 830 973 850 959 863 951 871 946 817 975 834 967 845 964 852 963 
967 1024 945 999 944 965 942 935 933 916 990 953 989 911 971 899 956 899 1004 956 1003 915 983 904 965 904 1008 961 1007 922 990 913 974 912 1007 964 1007 932 995 920 982 916 775 1017 811 1049 847 1050 871 1043 889 1037 864 995 889 971 904 956 914 945 848 978 874 955 889 943 899 935 833 970 857 954 873 946 883 941 822 972 843 962 857 957 866 955 
975 1031 953 1007 953 971 954 937 945 916 1003 959 1003 911 983 900 967 900 1018 962 1017 915 992 905 973 907 1021 967 1020 925 998 916 981 917 1019 969 1019 937 1005 926 990 924 777 1016 814 1048 851 1048 876 1039 893 1033 865 991 892 966 908 951 919 940 850 974 877 949 893 938 905 929 836 966 862 948 878 940 889 935 826 967 849 955 863 950 872 947 
979 1039 958 1013 961 976 963 940 952 917 1017 970 1019 918 999 902 981 898 1028 972 1029 921 1004 907 982 906 1028 972 1026 929 1004 917 986 915 1023 972 1022 939 1008 927 992 923 775 1015 815 1045 853 1043 877 1032 894 1025 865 986 893 960 910 943 922 931 849 969 878 943 896 930 910 919 835 962 863 942 881 933 895 927 825 964 850 952 866 945 877 942 
982 1051 961 1022 964 984 968 946 960 918 1027 976 1028 922 1007 906 985 901 1036 979 1034 928 1009 912 986 910 1034 981 1029 937 1008 924 988 921 1028 981 1025 950 1009 938 992 935 774 1010 815 1042 854 1038 878 1023 895 1015 864 978 894 948 912 930 926 918 845 959 875 930 895 917 911 908 829 951 859 929 878 918 892 911 818 952 844 937 860 928 872 924 
982 1064 961 1034 965 995 970 956 962 925 1032 987 1032 930 1008 911 985 905 1039 988 1036 934 1011 914 985 908 1035 989 1028 944 1006 927 984 921 1028 990 1023 958 1006 944 988 937 767 1008 810 1037 852 1032 878 1016 897 1006 860 971 894 940 914 923 929 911 841 952 877 922 898 907 915 898 825 944 858 920 878 908 894 901 812 945 840 927 857 918 870 913 
980 1078 960 1046 965 1005 970 965 963 933 1034 996 1036 938 1011 919 987 912 1040 995 1037 940 1010 921 983 916 1035 995 1027 948 1003 933 979 927 1027 995 1020 962 1001 949 982 941 763 1003 807 1033 850 1027 877 1010 897 1001 858 965 894 933 915 915 930 903 839 946 876 913 898 898 914 888 823 937 856 911 877 898 891 890 811 937 837 916 853 905 864 900 
975 1085 960 1059 965 1021 970 978 962 943 1037 1004 1038 945 1010 924 983 915 1036 998 1034 944 1006 924 977 917 1025 994 1019 949 996 933 972 926 1013 992 1007 960 989 947 970 940 757 1000 801 1028 845 1022 876 1004 899 994 854 962 894 926 916 907 933 895 837 941 876 906 900 889 919 880 822 931 856 901 880 887 897 878 810 928 834 902 849 888 860 878 
970 1093 956 1071 963 1033 967 990 959 953 1035 1011 1040 953 1013 933 984 926 1030 1001 1030 947 1000 927 970 923 1017 995 1013 948 988 933 962 929 1003 992 998 959 979 947 960 942 751 996 797 1024 840 1016 872 999 897 990 848 959 889 922 912 903 930 890 832 937 873 901 900 886 920 877 816 926 851 894 875 881 894 874 805 924 832 897 849 885 862 879 
963 1100 952 1078 960 1040 964 999 956 962 1033 1016 1039 959 1011 939 981 931 1026 1007 1026 953 997 933 966 927 1012 1001 1009 955 984 938 959 933 996 998 995 965 977 951 959 944 746 991 792 1018 835 1009 868 992 894 983 844 951 886 917 910 900 928 888 826 930 869 897 897 884 917 877 810 920 846 891 870 879 890 873 797 918 826 893 844 882 860 876 
955 1104 948 1084 957 1047 960 1006 954 968 1028 1019 1037 965 1011 946 981 937 1014 1008 1015 956 985 938 955 932 997 1002 996 956 969 941 944 936 981 1002 980 969 961 956 940 952 736 991 781 1016 825 1005 859 986 886 977 837 950 878 919 902 904 921 894 820 928 860 899 885 890 904 887 803 918 837 890 861 880 879 876 786 916 806 890 820 878 831 871 
947 1106 941 1089 950 1053 956 1010 952 972 1018 1024 1035 973 1011 953 982 944 1004 1010 1010 958 981 939 953 934 986 1002 987 956 960 941 936 939 970 1001 967 968 947 957 927 956 726 989 772 1013 816 1000 849 981 875 974 826 942 871 919 895 908 913 900 811 921 852 901 874 900 888 902 793 912 828 890 850 886 866 887 776 910 796 883 811 872 822 867 
938 1105 934 1090 945 1055 952 1012 950 974 1008 1025 1027 976 1003 957 973 949 994 1010 1001 960 972 943 944 940 977 1001 976 956 949 944 924 943 960 1000 957 969 937 959 916 960 716 989 761 1008 805 994 838 978 865 977 812 942 857 920 883 913 902 909 798 920 844 908 864 919 873 932 781 911 820 891 841 898 854 909 765 909 787 882 804 874 815 871 
932 1111 927 1095 937 1059 944 1017 945 980 999 1030 1015 981 993 958 965 945 988 1016 993 966 965 946 936 938 972 1007 974 963 950 948 926 943 957 1005 958 973 943 960 923 956 705 985 750 1005 792 992 827 975 855 973 797 939 847 917 872 916 890 917 783 917 834 905 854 919 862 933 768 908 810 890 833 900 845 913 753 906 778 882 798 878 811 878 
930 1111 915 1092 923 1058 934 1019 934 984 988 1033 996 981 972 958 946 945 987 1021 990 967 959 948 928 942 978 1013 974 967 945 953 918 948 966 1010 962 976 944 964 922 957 692 987 737 1005 780 992 815 976 845 975 786 938 836 923 862 926 879 930 773 917 822 911 842 926 852 941 758 909 799 896 820 908 833 921 743 907 768 884 787 879 803 879 
932 1115 902 1094 903 1060 917 1023 919 991 971 1047 968 985 939 962 914 953 987 1036 980 972 945 951 915 947 989 1026 983 971 953 954 926 948 985 1019 981 977 961 961 941 954 682 984 727 1003 769 993 804 978 834 977 777 938 824 925 847 930 861 936 764 916 813 909 831 924 839 937 750 906 791 894 810 906 820 919 736 904 765 886 783 891 793 900 
930 1112 894 1096 888 1063 901 1026 901 997 953 1054 949 994 923 969 902 957 975 1042 970 975 935 955 909 953 982 1031 975 973 944 958 922 956 978 1023 972 981 950 967 931 964 673 980 716 1002 756 995 793 982 823 984 768 938 817 928 827 943 827 956 757 916 805 912 818 930 820 942 744 906 786 900 799 915 802 928 731 904 764 892 777 901 781 911 
927 1107 888 1096 877 1067 885 1032 882 1002 938 1057 934 995 907 974 885 968 964 1043 952 973 916 959 893 965 974 1030 964 967 931 959 910 966 974 1021 964 974 940 965 922 969 662 978 704 1001 744 995 782 984 813 986 755 940 807 930 821 945 823 959 744 920 794 918 808 937 811 952 731 910 774 908 787 925 790 941 720 908 754 901 767 914 770 928 
923 1104 886 1093 874 1064 879 1028 873 998 937 1054 923 996 895 977 873 971 961 1037 937 974 899 965 878 971 970 1023 952 964 918 963 900 974 971 1013 957 969 934 963 920 970 653 980 697 1002 736 994 773 982 804 984 747 942 798 932 812 946 814 959 734 921 786 918 800 936 804 950 720 911 765 907 781 923 786 937 708 909 742 898 759 908 765 921 
922 1103 886 1093 871 1064 873 1026 865 993 932 1050 913 991 884 973 861 967 956 1033 928 970 891 962 870 967 965 1020 945 961 912 958 893 968 965 1011 952 967 929 960 913 966 649 979 692 1002 731 994 762 980 789 982 741 945 792 931 808 940 810 950 729 923 780 918 794 933 796 944 716 911 760 905 775 918 779 929 702 906 737 895 754 902 761 912 
918 1101 883 1091 869 1062 869 1023 859 990 929 1047 908 988 879 973 856 968 951 1030 921 969 883 961 861 967 960 1017 937 959 903 956 883 965 959 1008 947 964 923 955 907 959 642 981 687 1001 725 993 755 977 781 974 735 946 781 932 800 936 809 942 723 923 770 915 786 926 793 937 707 911 748 898 766 908 774 919 691 905 719 886 738 889 749 898 
913 1100 879 1089 867 1059 866 1019 854 987 927 1040 904 983 874 971 852 972 947 1024 916 965 880 962 860 970 954 1012 929 958 897 958 879 968 952 1004 936 966 912 959 897 963 636 979 678 1001 715 992 745 975 770 968 727 949 778 932 796 935 803 940 714 923 765 911 773 926 769 939 698 907 742 890 754 904 755 918 682 898 710 874 729 879 737 890 
907 1096 873 1086 860 1056 859 1016 847 985 921 1037 899 979 868 969 845 970 941 1021 910 961 871 957 849 964 947 1009 921 955 885 951 863 959 944 1001 927 961 901 953 883 955 632 975 672 997 709 989 740 974 763 966 725 946 775 930 789 933 792 939 711 921 761 907 764 922 756 933 695 906 739 886 746 900 741 913 677 899 701 869 719 865 729 867 
903 1096 869 1085 856 1054 854 1013 841 981 917 1035 895 979 864 967 842 966 938 1020 908 962 869 956 847 963 944 1010 920 955 886 950 864 957 941 1002 926 961 900 952 881 953 627 974 668 995 707 986 740 971 765 965 717 946 770 930 791 931 802 933 705 920 756 906 767 919 766 931 689 904 735 883 746 897 746 912 672 896 694 864 715 856 730 855 
907 1099 874 1084 862 1051 861 1009 849 978 923 1034 902 975 872 962 849 962 943 1022 918 960 881 953 857 958 949 1014 929 958 896 952 873 958 945 1009 931 968 904 960 884 961 621 972 663 992 703 981 733 964 757 956 713 943 760 928 783 923 798 921 700 917 747 897 762 908 764 921 682 901 724 876 744 883 754 894 664 893 682 858 701 847 717 845 
911 1099 881 1081 873 1046 874 1004 863 973 937 1029 924 971 896 958 872 958 955 1020 934 961 901 951 876 955 959 1014 939 962 909 955 884 957 955 1010 939 972 915 962 895 961 623 967 665 983 703 970 733 953 758 950 712 926 755 907 780 898 798 892 697 905 742 884 769 879 788 878 678 892 711 865 733 859 750 859 656 888 669 858 683 847 696 842 
919 1096 891 1077 885 1040 888 998 883 967 950 1027 939 969 912 955 888 954 967 1020 951 961 917 951 893 953 969 1015 955 963 925 955 901 958 965 1011 954 972 931 963 912 962 621 961 664 975 700 958 731 943 760 942 702 910 747 885 776 880 797 880 685 890 729 862 758 857 778 858 667 881 702 854 726 850 743 853 650 878 669 851 687 844 700 844 
925 1092 896 1069 893 1031 899 990 897 960 957 1025 948 965 922 951 899 950 975 1019 962 957 930 948 907 953 980 1014 967 960 937 954 916 959 977 1011 967 972 944 964 926 965 616 957 661 965 696 947 725 932 749 931 693 894 722 864 742 856 757 854 674 879 706 849 727 847 742 850 656 873 683 845 703 841 718 845 640 873 657 846 672 839 683 839 
930 1090 900 1067 898 1028 905 984 901 951 964 1018 955 959 929 946 906 944 983 1012 968 953 936 945 912 948 988 1008 972 957 944 952 922 956 984 1005 972 969 949 962 931 963 615 949 659 956 691 938 719 923 741 921 684 885 711 853 730 847 744 849 664 874 693 841 714 839 727 846 646 872 669 840 689 836 704 840 632 875 646 849 660 842 671 842 
930 1088 902 1063 900 1023 905 980 899 948 965 1012 954 953 929 941 909 940 982 1007 966 948 935 942 915 948 986 1005 972 952 945 949 926 956 982 1003 972 966 951 960 935 963 611 942 653 950 686 932 713 917 736 916 676 877 705 847 724 842 738 845 657 867 688 838 708 839 720 847 642 867 665 840 684 838 696 844 631 872 644 850 658 845 667 847 
927 1084 899 1058 896 1018 899 977 894 945 957 1006 944 949 919 937 899 937 975 1002 957 943 927 937 907 942 979 999 963 947 936 944 918 950 977 998 965 960 945 953 929 955 607 939 650 944 682 927 710 916 733 915 671 873 702 845 721 842 734 846 654 865 685 839 705 841 717 849 640 866 663 843 682 842 694 847 630 871 645 853 659 848 669 851 
921 1081 893 1054 888 1015 891 975 884 946 946 1002 930 948 905 936 887 935 965 998 945 940 915 934 897 938 972 996 957 943 931 938 914 944 970 996 961 957 942 948 928 949 606 936 648 941 681 926 709 916 731 919 671 872 699 846 718 842 730 844 654 865 684 841 702 842 715 850 640 865 664 845 681 844 693 849 632 871 647 853 660 850 670 853 
915 1078 886 1052 880 1013 882 973 875 946 934 1000 919 947 895 936 878 936 953 995 934 940 905 933 887 937 960 993 945 942 919 937 902 942 959 992 948 953 929 944 915 946 605 935 647 941 680 926 705 916 726 917 671 874 699 849 717 845 730 847 654 867 683 844 701 846 713 852 640 868 663 849 680 847 692 852 631 875 646 858 659 854 669 857 
911 1074 880 1050 873 1011 873 972 865 945 926 996 909 944 886 935 870 936 945 991 925 937 897 932 880 938 952 990 936 940 911 937 896 943 951 989 939 951 920 945 907 948 608 935 649 942 680 928 704 917 723 917 672 877 700 852 719 847 732 847 655 869 684 845 703 847 716 855 642 870 665 848 683 847 696 852 634 875 650 856 663 852 674 854 
907 1072 875 1047 868 1008 866 970 858 944 921 991 899 941 876 935 861 935 939 987 912 935 884 930 866 934 944 986 924 940 899 937 882 942 942 987 928 953 910 946 896 948 612 934 652 941 681 927 702 916 720 915 674 876 704 854 721 849 734 849 657 868 687 846 704 848 715 855 643 869 666 847 682 845 694 850 634 874 648 856 661 852 670 855 
902 1069 871 1045 864 1007 862 968 853 942 917 989 896 940 873 934 855 937 934 985 911 935 885 932 867 937 938 984 918 941 895 939 879 946 936 985 921 952 903 947 889 950 616 931 656 939 684 925 705 913 723 911 677 874 708 854 726 851 739 853 659 865 691 845 710 849 721 857 646 866 670 846 687 846 699 852 637 871 654 853 668 850 678 853 
899 1066 868 1043 862 1006 861 968 852 943 914 983 890 936 867 932 850 937 930 979 903 932 877 930 859 935 934 979 910 937 887 936 871 942 930 980 913 949 895 944 880 947 619 930 660 938 688 924 709 912 727 909 679 874 710 854 728 856 739 861 662 865 693 845 711 850 721 859 648 865 672 845 690 846 701 853 639 871 657 853 670 850 680 853 
895 1064 865 1041 859 1004 857 967 848 942 911 981 886 935 862 930 844 933 926 975 898 925 872 911 850 906 929 976 904 933 881 927 862 928 925 978 907 948 888 943 872 944 622 931 663 938 692 924 712 910 729 908 681 875 713 857 730 861 741 869 665 866 695 845 713 849 724 859 651 866 674 845 692 845 705 852 642 871 659 852 673 849 683 852 
892 1064 863 1039 856 1003 852 967 845 942 908 978 885 934 859 930 840 933 922 973 896 924 871 909 849 903 924 975 901 934 878 930 859 931 920 979 902 949 883 946 865 948 624 933 664 940 693 924 714 910 731 905 681 875 714 858 731 864 742 873 665 866 696 846 716 851 727 861 651 866 675 846 694 847 707 854 641 872 658 853 671 850 681 853 
891 1066 861 1040 853 1003 850 969 843 945 902 977 880 935 855 933 837 937 917 973 895 926 870 919 850 920 922 975 901 934 879 931 861 935 919 980 904 949 885 944 869 946 624 933 664 940 694 924 715 910 733 904 681 875 713 858 731 864 742 873 665 866 696 845 715 850 727 861 651 867 675 846 693 847 706 854 642 874 658 855 672 852 682 856 
891 1066 859 1039 850 1003 847 970 839 949 898 975 876 933 852 931 836 936 914 973 891 930 864 929 846 935 919 975 897 937 874 938 858 945 917 980 903 951 885 948 870 951 625 933 664 940 694 923 715 908 734 902 679 875 711 854 730 860 742 870 664 865 696 843 717 850 729 863 652 865 678 843 698 846 711 855 645 870 665 851 680 850 691 855 
892 1062 860 1037 850 1001 845 968 835 948 896 973 876 931 854 930 838 936 912 971 891 927 867 926 850 931 917 974 899 935 878 935 862 941 915 979 902 951 885 948 871 952 625 934 664 939 693 921 714 906 733 901 679 873 711 853 730 860 741 871 664 864 697 843 718 851 730 865 653 864 678 844 698 848 711 857 646 871 664 852 679 850 689 856 
891 1059 858 1034 848 999 844 968 836 947 891 972 876 933 854 930 837 934 909 969 898 921 877 909 859 905 917 973 903 934 882 932 865 936 916 982 906 955 888 951 873 954 623 931 661 936 690 917 713 902 732 899 676 869 711 851 730 860 740 872 662 861 697 841 717 850 729 864 653 862 681 843 700 848 713 858 649 869 669 852 684 853 695 860 
891 1058 858 1035 848 1002 846 972 843 953 890 975 875 935 853 931 836 936 908 969 896 921 876 906 860 901 916 970 903 927 884 923 868 926 914 976 904 943 889 939 873 943 619 931 657 936 688 916 712 901 732 897 674 868 709 852 729 861 740 873 661 861 696 840 716 848 728 863 653 862 681 843 700 848 714 858 649 869 669 853 684 853 695 860 
892 1059 858 1034 848 1000 845 970 842 949 889 975 873 934 851 930 837 934 908 970 891 925 868 923 852 928 916 971 901 928 881 928 867 934 916 976 905 941 890 937 878 942 618 931 656 934 686 913 713 897 737 892 671 866 708 850 729 860 741 872 660 859 697 843 718 854 730 869 653 862 684 849 703 856 717 868 651 870 673 860 689 864 700 874 
890 1059 858 1035 847 1001 843 969 838 949 888 973 871 933 850 931 836 937 908 969 891 925 867 925 852 930 917 972 905 931 885 930 872 936 918 978 914 947 900 941 888 943 617 932 655 934 685 912 713 897 737 893 672 866 708 851 728 861 740 873 660 862 698 850 720 862 734 877 652 866 684 859 705 867 720 879 650 875 673 870 689 876 700 887 
888 1057 856 1032 844 996 838 965 831 944 889 969 871 931 851 929 836 932 909 967 893 925 870 918 852 919 918 971 908 932 888 923 871 921 918 978 916 947 904 937 890 934 617 935 655 936 685 914 714 899 740 895 672 868 709 853 729 864 741 877 660 863 699 853 721 866 734 882 651 866 684 861 705 871 719 884 648 875 672 872 689 879 699 891 
885 1055 853 1032 841 998 833 966 824 945 886 970 870 929 849 921 832 919 906 966 891 922 867 909 848 903 915 968 905 926 885 910 866 903 915 973 913 938 902 921 889 912 618 935 657 936 687 916 716 901 742 898 673 869 711 856 732 867 745 879 661 864 701 855 724 869 738 885 652 868 686 864 707 874 722 888 649 877 674 875 690 882 701 895 
879 1052 848 1030 835 996 827 966 818 946 879 969 864 926 847 913 833 908 901 965 886 919 864 905 845 901 911 966 903 921 884 905 866 899 911 969 911 934 900 915 887 905 620 936 658 941 690 921 718 906 744 899 676 873 715 859 735 870 747 882 664 865 705 853 726 867 738 883 656 866 689 856 709 867 722 881 653 874 677 866 693 873 703 885 
871 1047 841 1027 827 992 818 961 805 942 870 964 854 921 838 907 824 903 892 960 879 913 858 898 839 894 903 960 896 916 878 898 860 891 904 963 904 928 895 910 883 899 624 938 662 944 695 925 722 910 746 904 681 878 719 865 738 875 749 886 669 866 708 850 728 864 738 879 661 864 693 848 712 857 724 870 658 870 682 856 698 861 709 870 
865 1046 833 1025 816 990 803 958 786 938 858 963 844 919 829 901 817 891 880 957 869 910 849 896 832 894 891 957 886 912 869 897 853 893 894 958 893 923 884 905 873 896 625 941 664 949 697 930 724 913 748 908 684 881 725 869 744 879 752 891 671 868 713 853 731 866 739 880 662 865 696 848 715 857 724 868 658 869 683 853 699 856 708 864 
857 1040 823 1021 804 988 788 958 771 937 841 953 825 911 807 894 794 885 864 947 851 902 829 894 814 897 878 949 871 905 851 896 836 898 883 953 882 917 870 904 858 901 626 946 666 954 699 935 727 918 752 912 688 884 731 875 750 887 758 898 675 870 719 857 737 871 744 886 665 867 701 852 720 863 729 875 660 871 687 857 704 862 712 870 
847 1037 811 1017 791 984 776 955 759 937 830 949 809 906 792 891 779 882 855 943 837 896 814 887 799 888 868 945 857 904 836 896 822 897 873 950 870 918 855 907 844 906 626 949 667 959 701 941 728 922 752 915 689 889 736 880 754 893 763 906 676 874 724 860 742 876 749 891 667 869 706 853 725 865 733 877 662 872 691 857 708 863 717 871 
840 1036 803 1015 783 982 769 953 754 935 822 948 799 906 781 894 768 888 847 941 827 896 805 891 791 896 861 942 848 901 826 896 813 900 866 947 861 915 846 906 835 907 625 952 668 963 705 945 733 926 758 919 693 894 739 885 756 897 764 909 679 878 725 865 743 879 748 894 667 874 704 857 722 867 730 879 659 878 686 860 703 863 711 870 
833 1034 796 1011 778 977 767 948 757 928 815 944 793 904 777 898 766 898 840 937 818 895 799 898 790 906 856 939 841 899 823 899 814 907 863 944 859 914 845 909 836 912 626 954 669 965 705 948 734 929 759 921 695 897 741 888 758 901 765 913 681 881 729 868 746 884 750 898 669 876 709 860 727 871 734 883 660 879 690 861 707 865 716 872 
830 1034 793 1009 776 974 765 943 758 922 816 943 793 904 776 898 764 899 841 937 816 897 796 899 785 906 856 940 839 900 820 900 810 908 862 946 857 916 843 910 834 912 623 955 667 966 704 950 734 931 760 923 693 899 739 889 757 902 766 915 679 883 728 870 746 886 752 900 668 878 708 861 728 872 736 884 659 880 690 863 708 867 717 874 
828 1032 792 1009 776 972 766 940 758 919 816 942 795 903 778 900 767 902 840 937 816 896 796 901 787 909 855 940 838 900 820 903 812 913 861 947 856 915 842 911 834 916 624 955 667 967 702 950 732 931 757 924 690 898 738 888 758 902 767 915 677 882 729 870 747 887 752 902 666 878 709 861 728 875 735 888 659 881 690 864 706 869 714 878 
828 1034 793 1010 778 975 768 945 758 926 816 943 797 906 781 902 770 904 840 939 818 900 798 901 788 907 854 942 839 905 822 903 812 909 860 950 858 921 847 912 837 913 622 957 664 968 700 952 732 935 759 929 689 898 736 886 757 897 768 910 676 883 725 870 746 884 756 898 666 880 706 864 728 872 740 884 659 882 688 865 707 867 719 874 
829 1034 794 1010 779 977 770 948 762 927 818 944 798 908 780 910 770 917 841 940 818 903 797 906 786 915 855 943 837 907 820 908 810 917 861 951 857 921 845 914 836 917 622 956 663 968 698 955 730 943 757 942 690 900 730 880 751 886 763 895 676 887 718 867 738 876 748 887 665 883 699 864 719 868 732 876 659 886 686 867 703 867 714 871 
830 1035 794 1011 779 979 770 950 761 930 819 946 799 910 781 912 770 919 842 942 819 905 798 908 787 916 856 946 839 909 822 910 812 919 862 954 859 924 847 917 838 919 623 953 662 967 698 957 731 948 758 950 692 903 730 878 753 878 769 883 679 889 719 863 743 867 757 878 668 885 703 862 725 864 739 872 662 887 690 867 709 865 722 870 
832 1038 796 1015 780 982 771 952 762 931 819 949 800 912 782 913 771 920 843 945 818 908 798 910 786 918 857 949 838 912 821 912 810 919 863 956 858 926 846 920 837 922 624 952 662 967 699 957 731 951 757 954 696 902 728 874 750 871 765 875 681 889 717 862 739 864 753 875 670 886 701 863 721 865 735 872 664 889 690 871 707 870 720 874 
836 1039 799 1019 782 986 773 956 765 935 822 954 803 916 785 918 774 926 844 948 820 911 801 916 791 925 857 950 838 913 821 917 812 928 863 955 854 925 842 923 835 929 625 950 663 966 699 959 728 953 750 958 703 903 734 878 754 872 769 873 688 891 721 867 742 866 758 871 676 887 706 866 726 865 741 868 668 889 694 873 712 870 727 872 
836 1038 800 1020 783 988 772 957 762 935 824 956 803 916 783 915 771 922 845 950 821 911 799 912 786 920 858 952 838 914 819 914 807 923 862 956 853 924 839 919 829 923 631 948 666 966 701 963 728 959 745 965 708 909 742 891 762 885 777 883 694 894 731 876 752 874 768 876 683 888 716 872 736 870 751 873 674 889 702 876 720 873 733 875 
836 1038 801 1020 783 990 772 961 764 940 824 958 805 921 785 920 772 925 845 952 821 915 799 916 787 923 857 953 838 915 819 916 807 925 862 958 853 926 840 921 829 924 636 948 670 967 702 965 725 961 739 964 716 913 748 901 765 897 778 895 702 898 737 885 756 884 769 886 689 892 719 878 737 879 751 882 677 892 702 880 718 878 729 880 
839 1038 802 1022 783 993 771 963 763 941 823 959 801 919 783 921 774 929 844 953 820 913 799 918 791 927 857 954 838 915 820 918 812 929 862 959 853 927 840 924 833 931 641 948 674 967 707 966 728 960 739 962 718 916 753 908 771 906 784 905 706 901 742 890 762 890 777 892 693 893 724 882 743 882 758 885 682 892 706 881 721 879 732 881 
838 1038 802 1024 781 995 770 964 762 941 823 961 799 920 779 920 768 928 844 953 817 913 795 915 783 923 855 953 834 913 813 915 802 924 859 955 845 922 830 920 820 926 646 950 680 967 711 963 730 955 737 950 720 913 755 906 773 905 787 905 707 899 746 890 766 891 781 893 695 893 729 882 748 884 763 888 684 892 710 882 725 880 737 882 
839 1039 801 1025 781 995 770 963 762 942 820 962 797 923 776 923 764 930 841 954 814 915 791 918 779 925 853 953 832 914 811 916 800 925 857 956 844 923 829 919 819 925 647 950 683 964 714 957 731 946 733 943 719 906 754 905 773 905 787 905 707 893 745 888 765 892 780 894 695 887 729 880 748 884 763 888 687 888 713 879 729 879 741 881 
838 1039 801 1027 780 997 769 965 757 945 819 965 794 925 772 925 759 932 840 956 810 916 786 919 773 927 851 954 827 914 805 916 793 925 855 956 841 921 824 918 814 923 647 951 686 962 716 952 731 940 732 936 715 903 749 904 768 907 782 910 701 890 740 887 761 892 776 896 690 885 725 878 745 882 761 886 681 887 706 877 722 876 735 878 
839 1040 801 1029 780 998 769 966 757 946 818 968 793 926 770 926 758 934 839 958 809 917 784 921 772 930 850 955 825 915 803 918 792 929 854 955 838 922 822 919 813 927 646 951 684 961 713 953 728 941 734 938 713 903 748 906 765 909 777 911 699 890 737 888 755 894 768 898 687 886 718 877 737 880 751 883 676 886 697 874 711 872 722 873 
838 1040 801 1029 780 1000 769 969 757 949 818 969 792 928 771 927 758 935 839 959 809 918 784 921 772 931 850 955 825 915 803 918 792 928 854 956 838 922 821 920 812 926 643 951 681 961 708 953 724 942 732 938 708 903 743 907 761 911 773 914 695 889 732 889 751 896 764 900 683 885 716 877 735 881 748 885 674 886 697 874 713 873 724 874 
840 1044 803 1031 782 1003 769 973 756 953 818 969 789 930 767 930 754 938 840 960 807 920 782 924 768 934 852 958 825 918 803 921 791 931 856 960 841 927 825 923 814 927 637 946 673 960 705 953 722 941 729 936 707 902 744 907 762 911 775 913 695 887 735 889 755 897 769 902 684 882 720 878 740 883 755 888 674 884 701 875 719 875 730 878 
842 1045 804 1033 783 1005 771 976 758 956 819 972 789 933 767 931 754 937 841 961 808 922 783 925 770 934 853 957 825 920 803 922 790 931 857 958 840 927 823 923 812 927 634 947 671 959 702 951 720 940 725 936 703 901 740 908 758 912 771 914 692 887 732 890 752 898 766 902 681 882 717 879 737 885 751 890 672 883 699 875 715 876 725 880 
842 1045 804 1032 782 1004 770 973 757 951 820 972 789 933 767 932 755 939 841 961 808 921 784 925 772 935 853 958 826 919 805 922 794 932 858 960 841 928 825 924 816 930 632 947 669 958 699 950 719 940 733 939 701 902 738 908 757 912 769 915 690 887 730 891 749 899 762 903 679 883 714 879 733 885 746 891 670 883 695 875 712 876 722 880 
844 1045 807 1032 784 1004 770 974 757 952 823 972 792 933 769 932 755 938 844 961 809 922 784 925 771 934 856 958 827 919 805 923 793 933 860 959 844 927 827 923 816 928 632 944 669 956 701 948 722 938 736 938 702 900 740 909 759 914 773 916 692 885 733 892 752 901 766 905 682 880 719 881 738 888 752 894 673 881 701 877 718 879 729 883 
847 1047 809 1034 785 1005 771 974 758 952 827 974 793 934 770 933 757 940 848 963 811 922 785 926 772 936 860 959 829 920 806 924 795 936 864 960 844 929 827 927 817 933 632 944 669 956 701 947 724 936 740 939 699 899 739 909 759 914 774 916 689 884 731 891 751 901 765 906 680 879 717 878 736 887 749 894 672 880 699 874 715 878 726 883 
849 1048 811 1036 787 1007 773 977 762 954 828 976 796 935 774 933 760 940 849 964 812 923 787 927 774 937 861 959 830 920 808 925 796 935 865 960 846 927 830 925 820 931 632 942 668 954 701 945 726 934 744 935 699 898 740 908 759 914 773 918 690 882 732 890 752 901 766 908 680 877 718 877 738 886 751 893 671 879 700 874 717 878 729 883 
851 1050 813 1036 789 1007 775 977 764 954 832 974 800 935 777 933 764 939 853 964 816 924 790 927 776 936 864 960 834 920 811 924 798 934 868 961 850 928 833 924 822 929 631 943 666 955 698 945 725 936 744 937 696 898 737 907 757 914 771 918 687 882 728 888 749 899 762 905 676 876 711 873 729 881 741 888 667 878 691 870 707 873 717 878 
854 1050 817 1036 793 1007 779 978 769 955 836 975 803 936 780 935 765 940 857 964 819 924 792 927 777 935 868 960 836 921 812 923 798 933 871 961 852 928 834 924 821 927 630 942 665 954 698 944 723 933 741 934 695 896 736 906 756 913 770 919 684 881 726 887 746 898 759 906 672 877 707 873 725 880 738 886 662 879 685 870 700 872 711 876 
856 1051 819 1036 796 1007 783 976 772 954 840 975 808 936 786 935 772 941 861 965 825 925 798 927 784 935 873 961 842 923 818 925 804 933 876 962 860 930 843 924 831 925 626 941 662 953 695 942 721 931 739 932 689 895 730 905 751 913 765 918 678 880 721 886 742 897 756 905 668 876 703 872 724 878 738 885 658 878 684 869 700 870 712 874 
860 1052 824 1037 800 1007 787 976 777 953 844 975 813 938 791 936 776 941 865 964 828 927 802 929 787 937 877 961 845 923 822 925 807 934 879 961 863 930 846 924 833 924 624 940 659 952 691 941 717 930 736 930 686 894 728 903 750 910 765 916 676 879 720 886 742 898 756 907 666 874 703 871 723 880 736 888 658 877 684 868 701 871 712 876 
863 1054 827 1038 804 1009 791 977 782 955 848 976 816 940 795 938 781 942 869 966 832 929 806 931 791 938 881 962 849 925 826 926 810 933 883 963 867 931 851 922 837 921 620 941 656 951 687 941 711 930 728 930 682 894 724 902 745 910 759 915 672 879 715 885 737 896 752 903 662 875 698 871 718 877 732 883 653 877 676 867 692 868 703 871 
865 1056 830 1039 807 1009 793 977 783 954 851 977 818 940 797 937 783 941 872 967 834 929 808 931 793 938 883 964 852 927 828 928 813 936 885 966 870 934 854 926 841 924 617 940 652 950 683 940 708 930 725 931 677 894 719 902 740 908 754 912 668 879 710 883 731 893 745 901 658 874 693 868 713 874 728 880 649 876 673 866 690 867 701 870 
866 1056 830 1040 808 1010 795 979 785 956 851 978 820 940 799 938 785 942 873 969 837 929 811 931 796 938 884 966 855 927 832 927 817 935 887 969 873 935 857 927 843 927 613 940 648 951 678 941 702 931 719 931 673 894 715 902 736 908 751 912 663 879 705 882 727 892 742 899 653 874 687 867 708 872 722 878 644 877 666 865 682 865 693 867 
866 1057 831 1040 808 1010 794 979 785 957 852 978 821 941 800 939 786 944 874 969 838 930 812 932 797 939 885 967 857 928 834 929 819 937 888 970 875 937 858 930 844 931 611 940 645 952 677 942 702 932 720 933 670 893 713 902 734 909 748 914 660 878 703 881 725 891 739 899 649 874 683 867 703 872 718 879 640 876 661 865 676 864 688 867 
867 1058 830 1041 808 1010 794 979 784 956 852 979 821 942 798 940 783 943 874 970 838 931 811 933 795 940 886 968 857 928 833 929 817 938 889 971 875 938 858 931 844 932 608 941 643 952 675 942 701 931 720 929 667 894 711 902 732 909 746 915 656 878 700 880 723 890 739 898 646 873 680 866 701 871 717 878 637 876 658 864 673 864 685 866 
867 1059 831 1042 808 1010 795 979 785 956 853 980 823 942 801 940 786 944 875 971 839 931 813 933 797 940 886 969 858 929 834 930 818 938 890 972 876 938 859 931 845 932 605 941 640 952 673 942 700 932 720 931 665 893 709 901 729 909 743 914 655 878 698 878 721 887 736 897 644 874 677 865 699 870 714 877 635 877 655 863 671 863 683 865 
868 1059 832 1042 809 1011 796 979 786 956 855 981 823 943 801 940 785 944 877 971 840 930 813 932 797 940 889 968 859 928 835 930 820 939 892 970 875 937 858 932 845 935 602 942 637 954 670 942 697 930 716 928 664 893 708 902 728 909 742 915 653 878 698 879 720 889 735 898 643 874 677 865 698 870 714 876 634 877 654 864 669 862 681 864 
868 1060 833 1042 810 1010 796 979 786 956 856 980 823 942 800 939 785 942 878 970 841 929 813 931 796 938 890 968 859 928 835 930 820 939 893 970 876 938 858 933 844 936 601 942 636 952 668 942 693 930 712 929 660 893 704 902 725 909 740 915 650 878 694 878 719 888 734 896 641 874 673 864 695 868 711 873 633 877 653 863 669 862 681 864 
868 1059 833 1041 810 1011 797 979 788 956 856 980 824 942 802 939 786 942 878 971 840 930 813 931 796 937 889 968 858 929 834 929 818 937 892 969 876 937 858 931 844 933 599 940 634 950 666 939 691 929 710 928 657 890 701 899 723 906 738 912 648 876 692 875 716 885 732 894 639 872 672 862 694 867 710 874 632 875 653 862 670 862 683 865 
868 1058 833 1040 811 1011 797 980 789 957 855 980 824 942 801 939 785 943 877 970 840 930 812 930 794 936 889 968 858 928 834 929 817 937 891 970 875 937 858 931 843 932 596 938 630 949 663 938 689 926 709 924 654 888 698 897 720 904 736 910 645 874 689 874 714 884 731 893 637 871 670 861 692 866 708 873 631 875 653 862 670 863 683 866 
868 1057 833 1040 810 1010 797 979 789 956 855 980 824 942 801 939 785 942 877 970 839 930 812 930 795 937 889 967 858 928 834 929 817 938 892 969 875 937 858 931 843 932 594 938 628 948 662 936 688 924 708 923 653 887 695 896 718 903 734 909 644 873 687 873 712 883 729 892 635 871 668 860 690 865 706 872 629 875 650 862 666 862 679 866 
869 1056 834 1039 810 1009 797 978 789 955 857 980 823 942 800 937 783 939 878 969 839 929 811 929 793 935 889 965 856 927 832 929 816 937 892 966 873 934 855 930 842 933 592 937 625 948 658 935 685 924 705 922 649 887 692 895 715 902 731 908 640 874 684 872 710 881 728 889 632 871 664 859 687 864 704 871 625 875 647 861 663 861 676 865 
870 1056 835 1039 812 1009 799 978 790 955 857 980 825 942 802 938 785 940 878 970 839 929 812 929 794 935 889 965 856 927 832 928 816 936 892 966 873 934 855 929 842 931 592 937 624 947 655 935 682 924 702 922 647 887 690 894 713 901 729 907 639 873 683 870 709 878 726 886 632 870 664 859 688 863 705 870 626 874 647 860 664 860 678 864 
872 1057 837 1040 814 1008 800 977 792 954 860 979 827 940 804 936 786 938 882 969 842 928 815 929 797 936 892 965 859 927 835 929 819 938 895 966 876 936 858 931 844 935 591 936 623 946 651 934 676 924 695 923 643 887 687 892 711 899 727 905 635 873 680 869 707 878 725 887 630 869 664 856 688 861 705 869 626 872 649 858 667 859 680 863 
875 1056 839 1039 816 1007 804 976 796 954 862 980 829 940 806 937 790 939 883 969 845 929 819 929 802 936 894 966 861 927 838 928 823 936 896 966 876 936 859 932 846 935 590 936 621 944 650 932 674 923 693 924 641 885 685 890 708 896 724 902 634 872 679 868 705 876 722 885 628 869 663 857 686 860 703 867 625 872 649 859 666 858 680 862 
876 1055 841 1038 818 1007 806 976 798 953 866 979 831 940 807 936 789 938 887 969 847 928 820 927 801 933 897 965 863 926 839 927 822 934 898 965 877 934 859 930 844 933 587 936 617 944 647 932 672 922 692 924 638 884 682 890 705 898 721 905 631 871 676 867 703 876 720 884 626 869 660 856 683 860 699 868 623 872 647 859 664 858 678 862 
878 1055 843 1038 820 1007 808 975 799 952 868 980 835 939 811 934 794 936 889 970 850 928 823 927 805 933 899 966 865 927 842 928 826 935 901 967 878 936 860 932 846 934 586 935 616 944 645 931 671 921 691 921 635 884 679 890 704 897 720 902 629 871 675 866 702 875 720 884 625 867 661 855 685 860 701 868 624 870 650 856 669 857 683 862 
879 1055 844 1038 822 1007 809 975 800 952 869 979 835 939 811 936 795 939 890 969 851 928 824 929 807 935 901 966 867 928 844 929 828 937 903 967 881 937 864 933 851 936 585 935 614 943 644 930 670 919 691 920 633 882 679 889 704 896 721 902 629 869 676 866 702 875 720 884 626 866 663 855 686 860 702 868 625 868 651 855 670 856 684 861 
881 1056 846 1040 824 1008 810 976 800 953 870 980 836 940 812 937 796 940 891 970 852 929 824 930 808 937 902 967 868 928 845 930 829 938 904 968 883 937 866 933 854 936 581 935 612 942 643 929 669 919 690 919 632 881 676 887 701 893 718 898 627 869 673 865 699 872 718 880 623 867 660 856 682 860 698 867 623 870 649 857 667 858 681 862 
882 1056 847 1039 824 1007 811 975 801 953 871 980 838 940 814 937 797 940 893 970 853 930 826 930 808 937 903 967 869 928 845 930 830 938 906 967 884 936 867 932 855 935 581 934 611 942 641 929 669 918 690 918 631 881 677 887 701 895 719 902 626 869 672 863 700 871 718 880 622 866 658 854 681 859 698 867 621 870 647 856 666 857 681 862 
884 1058 850 1042 827 1010 814 977 804 954 874 981 839 944 816 940 800 942 895 971 855 933 828 934 811 939 906 967 871 931 847 932 831 939 908 968 887 938 869 933 855 934 579 933 610 940 642 928 670 918 692 919 631 881 675 885 699 894 716 900 626 868 672 864 698 872 715 881 622 865 659 854 681 859 697 868 620 867 647 854 665 855 679 860 
885 1057 850 1040 830 1007 817 975 806 954 880 980 844 943 820 940 803 943 900 970 859 933 833 936 817 943 910 967 875 931 852 934 838 942 910 968 889 940 872 937 860 940 580 933 610 939 642 927 670 917 691 917 631 879 675 886 698 895 713 903 626 867 672 863 699 871 717 880 622 864 659 854 682 859 699 867 620 867 647 855 666 856 680 862 
887 1057 854 1040 833 1007 821 974 810 952 883 981 847 943 823 940 807 942 903 972 863 934 836 936 820 942 912 968 879 931 856 933 841 940 912 969 893 941 876 936 864 939 578 933 609 939 639 927 665 915 684 915 629 880 672 885 695 894 712 901 623 868 669 863 695 871 713 880 619 865 655 854 677 859 694 866 618 868 644 855 663 855 677 860 
889 1058 857 1041 836 1008 825 974 815 953 886 983 852 944 829 940 812 943 906 973 866 934 839 935 822 940 915 969 882 931 859 932 843 939 915 970 896 940 879 936 866 938 576 933 607 939 637 926 662 915 680 915 627 878 670 884 694 893 710 899 621 867 666 861 692 869 710 878 616 865 651 852 673 857 688 865 615 868 640 854 658 854 672 858 
893 1058 861 1041 841 1008 830 975 820 954 890 982 857 944 834 940 818 943 910 973 873 934 846 934 829 940 919 970 889 931 866 931 849 938 919 971 902 939 885 935 872 937 575 932 605 937 635 925 660 913 679 913 624 877 668 884 691 893 707 900 618 866 664 860 691 868 710 875 614 863 650 851 673 855 690 863 613 866 638 852 656 851 670 855 
896 1061 864 1042 845 1008 835 975 826 954 895 984 863 944 840 941 824 944 915 975 880 935 853 935 836 941 924 972 896 933 872 932 856 940 923 973 908 941 891 935 876 937 573 931 604 936 633 924 658 913 678 914 621 877 665 883 689 892 705 899 616 866 662 859 689 866 708 873 613 863 650 851 673 854 690 861 612 866 638 851 656 850 670 853 
900 1062 869 1043 850 1008 839 976 831 956 900 985 868 944 845 940 828 943 919 976 884 935 857 935 840 941 928 972 900 933 877 933 861 941 928 973 911 942 893 937 880 940 571 931 601 936 630 923 656 912 676 913 620 877 663 882 686 890 702 896 614 866 658 859 685 866 703 873 610 864 644 852 666 855 681 861 609 868 633 853 650 850 663 852 
904 1064 873 1045 854 1010 844 976 835 955 904 987 872 948 847 942 828 941 923 977 886 938 858 937 839 941 932 973 902 935 878 934 860 941 931 973 914 943 897 937 882 938 569 931 599 935 629 923 655 913 675 913 618 876 661 880 685 888 701 894 613 866 657 859 684 864 703 871 610 864 643 852 666 853 683 859 608 867 632 852 649 849 663 851 
908 1065 876 1047 857 1012 847 978 840 957 907 987 875 948 851 943 832 943 927 978 889 939 862 938 843 943 936 974 905 936 881 936 864 942 935 975 917 944 900 938 886 940 569 930 599 935 628 922 653 912 673 912 617 876 660 879 683 886 700 891 612 865 656 859 682 864 701 871 609 863 644 851 667 854 684 861 608 866 633 851 650 849 664 851 
911 1067 879 1047 861 1011 852 977 844 957 912 988 880 949 855 944 836 945 931 980 895 940 867 940 849 946 940 978 910 938 886 938 869 945 939 979 922 947 905 942 891 945 568 929 597 934 626 921 652 911 672 911 615 876 658 879 682 885 699 891 611 865 654 858 681 863 700 869 607 863 642 851 665 854 682 860 606 866 631 851 649 850 662 852 
914 1069 883 1048 866 1012 857 979 849 959 917 989 887 951 864 946 846 947 936 982 902 942 876 942 858 948 945 980 918 940 894 940 877 946 944 981 929 949 912 943 898 945 566 929 595 934 624 921 649 910 669 909 614 876 656 879 680 885 696 892 609 865 653 857 680 863 699 870 606 863 641 851 664 855 681 862 605 865 631 851 648 851 661 854 
919 1071 888 1049 873 1013 864 980 855 960 923 990 893 953 871 947 853 947 942 983 908 944 882 943 864 947 950 982 924 943 901 940 883 945 949 983 934 952 918 945 903 945 564 929 593 933 622 920 647 909 668 908 611 874 654 877 677 885 694 893 607 864 650 855 676 863 694 872 604 862 639 849 661 854 676 862 603 865 628 851 646 850 659 855 
925 1071 895 1049 881 1012 873 980 863 961 932 991 903 953 880 946 861 945 950 984 917 945 889 944 870 947 958 982 933 943 908 942 890 947 956 983 940 953 922 947 907 948 562 929 592 932 621 918 646 906 666 905 609 872 651 875 674 881 691 887 604 863 646 853 672 861 689 871 600 862 633 848 652 853 666 862 599 866 623 852 639 852 652 857 
931 1071 901 1048 888 1011 881 979 871 960 939 990 911 952 887 946 869 946 957 985 925 945 898 943 878 946 964 984 940 944 916 941 898 945 962 986 946 954 929 947 914 947 562 927 592 929 621 914 646 904 667 904 608 867 650 869 672 877 687 886 602 860 644 849 669 858 684 868 598 860 631 847 651 851 665 859 597 864 620 850 635 848 648 851 
936 1068 907 1046 895 1009 889 977 878 959 946 989 918 952 895 946 877 945 963 984 931 944 904 941 884 943 971 982 945 943 922 939 903 942 969 983 954 951 938 943 923 942 561 924 591 925 619 910 644 899 666 898 605 864 648 867 670 875 686 884 599 855 641 844 666 854 681 865 595 855 628 842 649 847 662 855 594 860 617 844 632 842 644 844 
942 1066 913 1044 901 1009 894 978 882 959 952 987 922 950 898 944 880 946 970 982 935 942 907 939 888 944 976 981 950 941 926 938 908 943 974 983 959 951 942 943 928 942 561 919 590 921 619 905 643 894 663 892 604 859 645 858 667 866 682 875 598 851 639 836 662 846 677 860 595 852 627 837 647 845 660 856 595 859 618 848 634 852 645 860 
946 1063 917 1041 905 1006 898 974 886 955 956 984 926 948 902 942 884 943 974 979 941 939 912 937 893 942 982 978 955 938 931 935 912 939 980 978 965 946 948 938 934 937 563 915 592 915 622 898 648 887 671 887 607 852 650 852 672 861 685 872 600 845 640 830 662 839 675 853 596 847 627 831 645 837 657 847 596 853 617 840 632 840 643 846 
951 1061 921 1038 910 1001 903 970 892 951 961 979 933 943 908 938 890 939 979 975 948 935 920 933 900 938 985 975 962 936 938 934 919 938 984 977 968 946 951 938 936 938 568 905 599 907 627 891 652 879 673 877 613 843 655 843 675 854 686 867 604 834 644 820 665 830 677 843 599 834 629 818 646 824 656 833 598 839 619 823 633 822 642 827 
958 1052 927 1031 916 995 910 963 898 943 964 970 939 936 915 930 895 931 982 966 955 929 927 926 906 929 990 966 968 929 944 925 924 928 989 967 976 936 961 926 946 924 574 893 604 896 632 880 657 868 678 865 618 835 659 831 678 840 687 851 609 824 646 805 668 813 679 826 603 822 631 801 651 807 662 817 602 825 623 806 637 806 647 812 
963 1046 934 1023 924 989 919 958 909 938 974 964 948 929 923 923 902 924 992 961 963 923 935 920 913 924 998 962 976 924 951 921 930 925 995 965 981 933 963 925 946 923 581 882 612 884 641 870 665 858 685 855 624 824 665 816 683 828 689 841 614 812 653 793 674 805 681 821 608 809 639 790 657 800 664 811 606 811 629 794 642 797 648 805 
970 1036 941 1015 932 980 928 948 918 928 985 959 959 921 933 913 912 915 1002 955 973 914 943 910 921 915 1007 954 983 915 957 912 936 918 1004 955 989 922 969 914 952 915 588 870 620 873 649 858 674 845 694 840 629 811 671 806 689 818 694 830 618 798 658 778 679 791 685 807 612 795 643 774 661 784 667 797 609 797 633 780 647 783 652 791 
979 1026 948 1006 940 969 938 936 928 916 994 950 971 909 944 901 923 903 1010 946 986 903 955 899 933 905 1015 946 994 906 966 904 947 909 1012 948 997 914 976 907 959 907 593 858 625 862 655 845 681 833 701 832 635 797 678 790 695 804 700 817 623 785 663 762 684 775 691 791 616 782 646 758 664 767 672 779 614 784 635 765 649 766 656 772 
988 1016 957 996 948 960 946 927 937 906 1002 941 980 899 953 890 932 892 1019 938 995 893 965 890 943 896 1024 937 1002 896 975 894 956 899 1020 938 1004 903 984 896 967 898 600 849 634 851 661 833 685 820 705 818 641 784 682 776 698 787 704 801 628 773 663 748 685 756 695 772 619 772 640 746 659 750 670 760 615 777 628 755 641 753 650 757 
996 1006 965 987 956 950 954 917 945 895 1015 931 990 888 962 878 940 878 1030 927 1004 884 972 877 947 880 1033 926 1009 886 981 882 960 885 1028 926 1011 892 989 884 972 883 603 840 638 841 667 821 692 808 712 807 646 773 686 766 703 776 711 788 631 763 666 738 687 745 698 758 621 762 644 737 662 740 673 747 617 767 631 745 644 741 654 743 
1001 997 971 975 963 935 961 901 951 881 1022 919 994 875 965 865 941 863 1038 917 1011 871 979 865 953 868 1041 917 1017 876 989 873 968 876 1036 918 1018 886 997 878 979 877 611 829 647 828 675 809 700 796 721 793 653 761 693 755 711 766 718 779 637 752 670 725 692 728 703 739 625 753 644 724 662 723 674 728 619 758 629 734 642 729 653 730 
1003 986 976 961 970 921 966 888 956 867 1030 906 1002 865 973 855 949 852 1044 905 1016 862 985 854 959 855 1047 905 1023 866 996 862 975 864 1041 907 1025 875 1004 867 987 865 617 820 653 818 681 798 704 784 725 783 660 749 698 742 716 753 724 766 643 741 674 714 695 716 706 728 630 742 648 713 667 712 679 718 623 749 633 726 645 720 656 720 
1006 974 980 948 974 909 971 876 959 857 1034 896 1010 855 983 845 961 844 1049 894 1022 852 993 845 970 847 1052 895 1027 856 1001 852 981 855 1046 896 1029 865 1010 858 992 856 627 810 664 808 690 788 712 774 733 771 666 740 706 732 724 744 733 756 650 732 683 704 706 708 719 722 638 734 656 705 676 705 688 712 630 741 637 717 650 711 661 712 
1009 967 983 938 978 899 974 867 963 847 1038 884 1012 845 985 837 963 837 1052 885 1022 843 992 837 968 840 1054 887 1027 849 1000 845 978 848 1049 891 1029 861 1009 855 991 854 631 802 668 800 696 779 719 765 739 763 674 731 715 724 732 735 739 747 658 723 692 697 714 703 726 717 645 725 666 696 686 698 698 706 636 732 647 708 660 703 670 706 
1010 957 984 928 980 889 977 858 966 839 1037 872 1011 835 984 828 962 827 1052 874 1022 834 992 829 967 830 1055 878 1028 841 1001 837 978 839 1050 883 1031 854 1011 848 993 846 639 795 678 791 705 771 728 756 748 754 682 723 721 717 738 728 744 740 664 714 698 688 720 696 731 711 651 716 671 688 691 691 703 700 642 723 651 699 665 695 675 698 
1010 949 984 921 980 882 978 850 966 831 1037 866 1012 828 986 820 965 817 1052 867 1024 827 995 820 971 821 1055 871 1031 833 1006 829 985 831 1051 875 1034 845 1016 838 999 835 646 787 686 783 713 763 733 748 752 747 690 716 727 712 743 722 749 733 673 707 705 683 726 690 737 705 659 708 680 683 699 686 710 694 650 715 659 694 672 690 682 693 
1010 940 985 910 981 870 977 840 965 822 1040 857 1012 820 985 813 965 813 1053 860 1023 821 994 816 971 817 1055 866 1029 829 1003 825 983 828 1049 871 1030 843 1012 836 995 835 655 781 693 777 718 757 738 742 757 740 697 710 732 705 747 714 754 724 680 701 711 680 730 688 740 701 667 702 688 679 705 684 714 693 657 708 669 688 682 687 689 691 
1009 933 984 902 980 862 975 832 964 814 1038 849 1010 812 984 806 966 806 1051 853 1022 815 994 810 971 811 1053 858 1027 825 1003 820 984 822 1048 864 1028 839 1011 833 994 832 661 775 699 771 724 752 743 737 761 736 702 706 736 700 751 708 757 717 685 698 717 679 735 688 742 701 672 699 693 678 709 683 716 693 661 705 673 688 684 687 691 692 
1006 925 981 894 977 857 973 827 962 809 1032 841 1006 807 982 801 963 801 1046 845 1018 808 991 803 970 805 1049 850 1025 817 1003 812 983 814 1045 855 1028 830 1012 823 997 820 667 773 704 768 728 748 746 733 763 731 707 703 739 697 753 705 759 713 690 695 720 678 737 686 745 698 676 697 698 677 713 681 721 690 667 703 679 686 691 685 699 688 
999 916 974 888 971 851 968 822 958 806 1023 835 998 803 975 798 958 799 1037 836 1011 802 985 799 965 801 1041 840 1017 808 994 804 976 806 1038 844 1019 820 1003 813 987 810 671 772 707 768 731 748 745 735 761 733 713 702 742 697 755 706 760 716 696 695 724 680 739 688 746 700 681 698 700 678 714 682 722 690 669 705 678 687 689 686 697 690 
994 911 970 884 965 846 961 818 950 803 1014 827 987 800 965 795 948 795 1029 829 1002 799 978 796 958 798 1033 834 1010 806 989 803 971 805 1031 840 1012 819 996 814 981 813 673 770 709 767 732 748 745 734 760 732 716 703 744 698 756 706 761 715 698 696 724 680 737 689 743 700 684 698 701 680 714 684 721 692 672 706 680 691 690 690 697 694 
991 908 967 879 962 842 957 816 947 800 1011 822 984 796 961 793 945 792 1025 825 997 797 973 794 952 795 1030 832 1004 805 984 801 965 803 1026 838 1007 817 992 811 977 809 673 769 709 766 731 748 746 735 761 733 718 701 744 695 755 703 760 713 700 695 724 680 736 689 742 700 685 697 703 680 716 685 723 693 674 705 685 691 694 691 700 696 
993 906 967 877 962 840 956 813 945 798 1008 819 982 793 960 789 944 788 1024 823 996 795 972 792 951 794 1029 830 1004 804 983 800 965 801 1027 838 1007 817 992 811 977 809 676 764 712 765 733 749 746 737 759 736 722 701 748 693 758 702 761 713 702 693 725 678 736 686 740 698 686 695 702 678 713 683 719 691 673 702 680 688 689 688 694 693 
1003 903 975 878 967 841 959 813 948 797 1008 815 984 788 964 783 950 783 1025 818 1000 790 978 787 960 789 1032 824 1011 798 993 794 976 794 1031 831 1016 809 1002 802 988 799 673 754 709 760 732 749 746 740 758 741 728 697 752 685 764 685 772 689 708 687 729 670 739 676 744 684 689 686 707 669 716 674 721 680 675 691 685 679 693 679 697 683 
1021 901 987 879 975 842 968 815 959 799 1019 817 1002 784 984 770 970 762 1036 817 1019 783 999 771 981 765 1043 821 1029 790 1012 779 996 774 1043 825 1033 799 1021 787 1009 780 667 738 703 750 732 739 749 729 763 729 728 687 754 669 769 665 779 666 709 676 734 658 748 661 755 668 692 676 712 659 725 662 732 668 678 681 693 670 703 671 707 676 
1037 900 1006 873 997 834 990 806 980 790 1049 816 1032 779 1014 760 999 747 1063 817 1045 780 1025 761 1007 750 1067 820 1050 785 1031 767 1013 757 1063 822 1051 792 1038 775 1024 765 656 719 695 734 728 721 748 709 764 704 722 664 747 644 765 635 779 632 706 655 733 636 752 632 769 631 696 654 723 636 742 632 757 631 689 659 716 643 734 638 747 637 
1055 899 1033 871 1028 830 1023 798 1013 778 1089 819 1072 775 1055 749 1038 731 1093 819 1075 775 1056 747 1038 729 1090 818 1074 777 1056 751 1038 733 1083 817 1071 783 1059 761 1045 746 654 700 689 711 726 696 755 683 777 672 712 640 739 613 764 599 785 590 701 631 729 606 757 592 780 586 696 629 725 605 751 592 772 586 695 632 722 611 743 598 762 592 
1089 904 1074 869 1074 828 1072 796 1065 773 1121 814 1114 771 1105 738 1096 712 1116 814 1113 771 1102 738 1093 713 1107 815 1108 776 1099 744 1091 720 1097 818 1100 785 1096 759 1092 736 630 676 674 689 719 665 752 645 775 630 693 617 720 583 744 563 764 549 680 607 709 576 738 557 762 544 672 603 702 573 728 554 750 542 669 602 696 575 717 559 735 549 
